SolidWorks IGES file using analytic representation for surfaces         S      1
1H,,1H;,25HWTE4-M-END-CAP-14-HOLE-R1,129HC:\Users\Achilles\Dropbox\BR-EnG      1
gineering\PROJECTS\WTE4\MODELS\DEVELOPMENT\WTE4-M-END-CAP-14-HOLE-R1\WTEG      2
4-M-END-CAP-14-HOLE-R1.IGS,15HSolidWorks 2016,15HSolidWorks 2016,32,    G      3
308,15,308,15,25HWTE4-M-END-CAP-14-HOLE-R1,1.,2,2HMM,50,0.125,13H181016.G      4
154517,1E-008,499990.,8HAchilles,,11,0,13H181016.154517;                G      5
     314       1       0       0       0                        00000200D      1
     314       0       3       1       0                               0D      2
     110       2       0       0       0                        01010000D      3
     110       0       0       2       0                               0D      4
     110       4       0       0       0                        01010000D      5
     110       0       0       1       0                               0D      6
     120       5       0       0       0                        01010000D      7
     120       0       0       1       0                               0D      8
     126       6       0       0       0                        01010500D      9
     126       0       0       2       0                               0D     10
     110       8       0       0       0                        01010000D     11
     110       0       0       1       0                               0D     12
     126       9       0       0       0                        01010500D     13
     126       0       0       2       0                               0D     14
     124      11       0       0       0                        00000000D     15
     124       0       0       4       0                               0D     16
     100      15       0       0       0              15        01010000D     17
     100       0       0       2       0                               0D     18
     126      17       0       0       0                        01010500D     19
     126       0       0       2       0                               0D     20
     110      19       0       0       0                        01010000D     21
     110       0       0       1       0                               0D     22
     126      20       0       0       0                        01010500D     23
     126       0       0       2       0                               0D     24
     100      22       0       0       0                        01010000D     25
     100       0       0       2       0                               0D     26
     102      24       0       0       0                        01010500D     27
     102       0       0       1       0                               0D     28
     102      25       0       0       0                        01010000D     29
     102       0       0       1       0                               0D     30
     142      26       0       0       0                        00010500D     31
     142       0       0       1       0                               0D     32
     144      27       0       0       0                        00000000D     33
     144       0      -1       1       0                               0D     34
     110      28       0       0       0                        01010000D     35
     110       0       0       2       0                               0D     36
     110      30       0       0       0                        01010000D     37
     110       0       0       2       0                               0D     38
     120      32       0       0       0                        01010000D     39
     120       0       0       1       0                               0D     40
     126      33       0       0       0                        01010500D     41
     126       0       0       2       0                               0D     42
     110      35       0       0       0                        01010000D     43
     110       0       0       2       0                               0D     44
     126      37       0       0       0                        01010500D     45
     126       0       0       2       0                               0D     46
     124      39       0       0       0                        00000000D     47
     124       0       0       4       0                               0D     48
     100      43       0       0       0              47        01010000D     49
     100       0       0       2       0                               0D     50
     126      45       0       0       0                        01010500D     51
     126       0       0       2       0                               0D     52
     110      47       0       0       0                        01010000D     53
     110       0       0       1       0                               0D     54
     126      48       0       0       0                        01010500D     55
     126       0       0       2       0                               0D     56
     100      50       0       0       0                        01010000D     57
     100       0       0       2       0                               0D     58
     102      52       0       0       0                        01010500D     59
     102       0       0       1       0                               0D     60
     102      53       0       0       0                        01010000D     61
     102       0       0       1       0                               0D     62
     142      54       0       0       0                        00010500D     63
     142       0       0       1       0                               0D     64
     144      55       0       0       0                        00000000D     65
     144       0      -1       1       0                               0D     66
     110      56       0       0       0                        01010000D     67
     110       0       0       2       0                               0D     68
     110      58       0       0       0                        01010000D     69
     110       0       0       2       0                               0D     70
     120      60       0       0       0                        01010000D     71
     120       0       0       1       0                               0D     72
     126      61       0       0       0                        01010500D     73
     126       0       0       2       0                               0D     74
     110      63       0       0       0                        01010000D     75
     110       0       0       2       0                               0D     76
     126      65       0       0       0                        01010500D     77
     126       0       0       2       0                               0D     78
     124      67       0       0       0                        00000000D     79
     124       0       0       4       0                               0D     80
     100      71       0       0       0              79        01010000D     81
     100       0       0       2       0                               0D     82
     126      73       0       0       0                        01010500D     83
     126       0       0       2       0                               0D     84
     110      75       0       0       0                        01010000D     85
     110       0       0       2       0                               0D     86
     126      77       0       0       0                        01010500D     87
     126       0       0       2       0                               0D     88
     100      79       0       0       0                        01010000D     89
     100       0       0       2       0                               0D     90
     102      81       0       0       0                        01010500D     91
     102       0       0       1       0                               0D     92
     102      82       0       0       0                        01010000D     93
     102       0       0       1       0                               0D     94
     142      83       0       0       0                        00010500D     95
     142       0       0       1       0                               0D     96
     144      84       0       0       0                        00000000D     97
     144       0      -1       1       0                               0D     98
     110      85       0       0       0                        01010000D     99
     110       0       0       2       0                               0D    100
     110      87       0       0       0                        01010000D    101
     110       0       0       1       0                               0D    102
     120      88       0       0       0                        01010000D    103
     120       0       0       1       0                               0D    104
     126      89       0       0       0                        01010500D    105
     126       0       0       2       0                               0D    106
     110      91       0       0       0                        01010000D    107
     110       0       0       1       0                               0D    108
     126      92       0       0       0                        01010500D    109
     126       0       0       2       0                               0D    110
     124      94       0       0       0                        00000000D    111
     124       0       0       4       0                               0D    112
     100      98       0       0       0             111        01010000D    113
     100       0       0       2       0                               0D    114
     126     100       0       0       0                        01010500D    115
     126       0       0       2       0                               0D    116
     110     102       0       0       0                        01010000D    117
     110       0       0       2       0                               0D    118
     126     104       0       0       0                        01010500D    119
     126       0       0       2       0                               0D    120
     100     106       0       0       0                        01010000D    121
     100       0       0       2       0                               0D    122
     102     108       0       0       0                        01010500D    123
     102       0       0       1       0                               0D    124
     102     109       0       0       0                        01010000D    125
     102       0       0       1       0                               0D    126
     142     110       0       0       0                        00010500D    127
     142       0       0       1       0                               0D    128
     144     111       0       0       0                        00000000D    129
     144       0      -1       1       0                               0D    130
     110     112       0       0       0                        01010000D    131
     110       0       0       2       0                               0D    132
     110     114       0       0       0                        01010000D    133
     110       0       0       2       0                               0D    134
     120     116       0       0       0                        01010000D    135
     120       0       0       1       0                               0D    136
     126     117       0       0       0                        01010500D    137
     126       0       0       2       0                               0D    138
     110     119       0       0       0                        01010000D    139
     110       0       0       2       0                               0D    140
     126     121       0       0       0                        01010500D    141
     126       0       0       2       0                               0D    142
     124     123       0       0       0                        00000000D    143
     124       0       0       4       0                               0D    144
     100     127       0       0       0             143        01010000D    145
     100       0       0       2       0                               0D    146
     126     129       0       0       0                        01010500D    147
     126       0       0       2       0                               0D    148
     110     131       0       0       0                        01010000D    149
     110       0       0       2       0                               0D    150
     126     133       0       0       0                        01010500D    151
     126       0       0       2       0                               0D    152
     100     135       0       0       0                        01010000D    153
     100       0       0       2       0                               0D    154
     102     137       0       0       0                        01010500D    155
     102       0       0       1       0                               0D    156
     102     138       0       0       0                        01010000D    157
     102       0       0       1       0                               0D    158
     142     139       0       0       0                        00010500D    159
     142       0       0       1       0                               0D    160
     144     140       0       0       0                        00000000D    161
     144       0      -1       1       0                               0D    162
     110     141       0       0       0                        01010000D    163
     110       0       0       2       0                               0D    164
     110     143       0       0       0                        01010000D    165
     110       0       0       2       0                               0D    166
     120     145       0       0       0                        01010000D    167
     120       0       0       1       0                               0D    168
     126     146       0       0       0                        01010500D    169
     126       0       0       2       0                               0D    170
     110     148       0       0       0                        01010000D    171
     110       0       0       2       0                               0D    172
     126     150       0       0       0                        01010500D    173
     126       0       0       2       0                               0D    174
     124     152       0       0       0                        00000000D    175
     124       0       0       4       0                               0D    176
     100     156       0       0       0             175        01010000D    177
     100       0       0       2       0                               0D    178
     126     158       0       0       0                        01010500D    179
     126       0       0       2       0                               0D    180
     110     160       0       0       0                        01010000D    181
     110       0       0       1       0                               0D    182
     126     161       0       0       0                        01010500D    183
     126       0       0       2       0                               0D    184
     100     163       0       0       0                        01010000D    185
     100       0       0       2       0                               0D    186
     102     165       0       0       0                        01010500D    187
     102       0       0       1       0                               0D    188
     102     166       0       0       0                        01010000D    189
     102       0       0       1       0                               0D    190
     142     167       0       0       0                        00010500D    191
     142       0       0       1       0                               0D    192
     144     168       0       0       0                        00000000D    193
     144       0      -1       1       0                               0D    194
     110     169       0       0       0                        01010000D    195
     110       0       0       2       0                               0D    196
     110     171       0       0       0                        01010000D    197
     110       0       0       2       0                               0D    198
     120     173       0       0       0                        01010000D    199
     120       0       0       1       0                               0D    200
     126     174       0       0       0                        01010500D    201
     126       0       0       2       0                               0D    202
     110     176       0       0       0                        01010000D    203
     110       0       0       2       0                               0D    204
     126     178       0       0       0                        01010500D    205
     126       0       0       2       0                               0D    206
     124     180       0       0       0                        00000000D    207
     124       0       0       4       0                               0D    208
     100     184       0       0       0             207        01010000D    209
     100       0       0       2       0                               0D    210
     126     186       0       0       0                        01010500D    211
     126       0       0       2       0                               0D    212
     110     188       0       0       0                        01010000D    213
     110       0       0       2       0                               0D    214
     126     190       0       0       0                        01010500D    215
     126       0       0       2       0                               0D    216
     100     192       0       0       0                        01010000D    217
     100       0       0       2       0                               0D    218
     102     194       0       0       0                        01010500D    219
     102       0       0       1       0                               0D    220
     102     195       0       0       0                        01010000D    221
     102       0       0       1       0                               0D    222
     142     196       0       0       0                        00010500D    223
     142       0       0       1       0                               0D    224
     144     197       0       0       0                        00000000D    225
     144       0      -1       1       0                               0D    226
     110     198       0       0       0                        01010000D    227
     110       0       0       2       0                               0D    228
     110     200       0       0       0                        01010000D    229
     110       0       0       2       0                               0D    230
     120     202       0       0       0                        01010000D    231
     120       0       0       1       0                               0D    232
     126     203       0       0       0                        01010500D    233
     126       0       0       2       0                               0D    234
     110     205       0       0       0                        01010000D    235
     110       0       0       2       0                               0D    236
     126     207       0       0       0                        01010500D    237
     126       0       0       2       0                               0D    238
     124     209       0       0       0                        00000000D    239
     124       0       0       4       0                               0D    240
     100     213       0       0       0             239        01010000D    241
     100       0       0       2       0                               0D    242
     126     215       0       0       0                        01010500D    243
     126       0       0       2       0                               0D    244
     110     217       0       0       0                        01010000D    245
     110       0       0       2       0                               0D    246
     126     219       0       0       0                        01010500D    247
     126       0       0       2       0                               0D    248
     100     221       0       0       0                        01010000D    249
     100       0       0       2       0                               0D    250
     102     223       0       0       0                        01010500D    251
     102       0       0       1       0                               0D    252
     102     224       0       0       0                        01010000D    253
     102       0       0       1       0                               0D    254
     142     225       0       0       0                        00010500D    255
     142       0       0       1       0                               0D    256
     144     226       0       0       0                        00000000D    257
     144       0      -1       1       0                               0D    258
     110     227       0       0       0                        01010000D    259
     110       0       0       1       0                               0D    260
     110     228       0       0       0                        01010000D    261
     110       0       0       1       0                               0D    262
     120     229       0       0       0                        01010000D    263
     120       0       0       1       0                               0D    264
     126     230       0       0       0                        01010500D    265
     126       0       0       2       0                               0D    266
     110     232       0       0       0                        01010000D    267
     110       0       0       1       0                               0D    268
     126     233       0       0       0                        01010500D    269
     126       0       0       2       0                               0D    270
     124     235       0       0       0                        00000000D    271
     124       0       0       4       0                               0D    272
     100     239       0       0       0             271        01010000D    273
     100       0       0       1       0                               0D    274
     126     240       0       0       0                        01010500D    275
     126       0       0       2       0                               0D    276
     110     242       0       0       0                        01010000D    277
     110       0       0       1       0                               0D    278
     126     243       0       0       0                        01010500D    279
     126       0       0       2       0                               0D    280
     100     245       0       0       0                        01010000D    281
     100       0       0       1       0                               0D    282
     102     246       0       0       0                        01010500D    283
     102       0       0       1       0                               0D    284
     102     247       0       0       0                        01010000D    285
     102       0       0       1       0                               0D    286
     142     248       0       0       0                        00010500D    287
     142       0       0       1       0                               0D    288
     144     249       0       0       0                        00000000D    289
     144       0      -1       1       0                               0D    290
     110     250       0       0       0                        01010000D    291
     110       0       0       2       0                               0D    292
     110     252       0       0       0                        01010000D    293
     110       0       0       2       0                               0D    294
     120     254       0       0       0                        01010000D    295
     120       0       0       1       0                               0D    296
     126     255       0       0       0                        01010500D    297
     126       0       0       2       0                               0D    298
     110     257       0       0       0                        01010000D    299
     110       0       0       2       0                               0D    300
     126     259       0       0       0                        01010500D    301
     126       0       0       2       0                               0D    302
     124     261       0       0       0                        00000000D    303
     124       0       0       4       0                               0D    304
     100     265       0       0       0             303        01010000D    305
     100       0       0       2       0                               0D    306
     126     267       0       0       0                        01010500D    307
     126       0       0       2       0                               0D    308
     110     269       0       0       0                        01010000D    309
     110       0       0       2       0                               0D    310
     126     271       0       0       0                        01010500D    311
     126       0       0       2       0                               0D    312
     100     273       0       0       0                        01010000D    313
     100       0       0       2       0                               0D    314
     102     275       0       0       0                        01010500D    315
     102       0       0       1       0                               0D    316
     102     276       0       0       0                        01010000D    317
     102       0       0       1       0                               0D    318
     142     277       0       0       0                        00010500D    319
     142       0       0       1       0                               0D    320
     144     278       0       0       0                        00000000D    321
     144       0      -1       1       0                               0D    322
     110     279       0       0       0                        01010000D    323
     110       0       0       2       0                               0D    324
     110     281       0       0       0                        01010000D    325
     110       0       0       1       0                               0D    326
     120     282       0       0       0                        01010000D    327
     120       0       0       1       0                               0D    328
     126     283       0       0       0                        01010500D    329
     126       0       0       2       0                               0D    330
     110     285       0       0       0                        01010000D    331
     110       0       0       1       0                               0D    332
     126     286       0       0       0                        01010500D    333
     126       0       0       2       0                               0D    334
     124     288       0       0       0                        00000000D    335
     124       0       0       4       0                               0D    336
     100     292       0       0       0             335        01010000D    337
     100       0       0       2       0                               0D    338
     126     294       0       0       0                        01010500D    339
     126       0       0       2       0                               0D    340
     110     296       0       0       0                        01010000D    341
     110       0       0       2       0                               0D    342
     126     298       0       0       0                        01010500D    343
     126       0       0       2       0                               0D    344
     100     300       0       0       0                        01010000D    345
     100       0       0       2       0                               0D    346
     102     302       0       0       0                        01010500D    347
     102       0       0       1       0                               0D    348
     102     303       0       0       0                        01010000D    349
     102       0       0       1       0                               0D    350
     142     304       0       0       0                        00010500D    351
     142       0       0       1       0                               0D    352
     144     305       0       0       0                        00000000D    353
     144       0      -1       1       0                               0D    354
     110     306       0       0       0                        01010000D    355
     110       0       0       2       0                               0D    356
     110     308       0       0       0                        01010000D    357
     110       0       0       1       0                               0D    358
     120     309       0       0       0                        01010000D    359
     120       0       0       1       0                               0D    360
     126     310       0       0       0                        01010500D    361
     126       0       0       2       0                               0D    362
     110     312       0       0       0                        01010000D    363
     110       0       0       1       0                               0D    364
     126     313       0       0       0                        01010500D    365
     126       0       0       2       0                               0D    366
     124     315       0       0       0                        00000000D    367
     124       0       0       4       0                               0D    368
     100     319       0       0       0             367        01010000D    369
     100       0       0       2       0                               0D    370
     126     321       0       0       0                        01010500D    371
     126       0       0       2       0                               0D    372
     110     323       0       0       0                        01010000D    373
     110       0       0       1       0                               0D    374
     126     324       0       0       0                        01010500D    375
     126       0       0       2       0                               0D    376
     100     326       0       0       0                        01010000D    377
     100       0       0       2       0                               0D    378
     102     328       0       0       0                        01010500D    379
     102       0       0       1       0                               0D    380
     102     329       0       0       0                        01010000D    381
     102       0       0       1       0                               0D    382
     142     330       0       0       0                        00010500D    383
     142       0       0       1       0                               0D    384
     144     331       0       0       0                        00000000D    385
     144       0      -1       1       0                               0D    386
     110     332       0       0       0                        01010000D    387
     110       0       0       2       0                               0D    388
     110     334       0       0       0                        01010000D    389
     110       0       0       1       0                               0D    390
     120     335       0       0       0                        01010000D    391
     120       0       0       1       0                               0D    392
     126     336       0       0       0                        01010500D    393
     126       0       0       2       0                               0D    394
     110     338       0       0       0                        01010000D    395
     110       0       0       1       0                               0D    396
     126     339       0       0       0                        01010500D    397
     126       0       0       2       0                               0D    398
     124     341       0       0       0                        00000000D    399
     124       0       0       4       0                               0D    400
     100     345       0       0       0             399        01010000D    401
     100       0       0       2       0                               0D    402
     126     347       0       0       0                        01010500D    403
     126       0       0       2       0                               0D    404
     110     349       0       0       0                        01010000D    405
     110       0       0       1       0                               0D    406
     126     350       0       0       0                        01010500D    407
     126       0       0       2       0                               0D    408
     100     352       0       0       0                        01010000D    409
     100       0       0       2       0                               0D    410
     102     354       0       0       0                        01010500D    411
     102       0       0       1       0                               0D    412
     102     355       0       0       0                        01010000D    413
     102       0       0       1       0                               0D    414
     142     356       0       0       0                        00010500D    415
     142       0       0       1       0                               0D    416
     144     357       0       0       0                        00000000D    417
     144       0      -1       1       0                               0D    418
     110     358       0       0       0                        01010000D    419
     110       0       0       1       0                               0D    420
     110     359       0       0       0                        01010000D    421
     110       0       0       1       0                               0D    422
     120     360       0       0       0                        01010000D    423
     120       0       0       1       0                               0D    424
     126     361       0       0       0                        01010500D    425
     126       0       0       2       0                               0D    426
     110     363       0       0       0                        01010000D    427
     110       0       0       1       0                               0D    428
     126     364       0       0       0                        01010500D    429
     126       0       0       2       0                               0D    430
     124     366       0       0       0                        00000000D    431
     124       0       0       4       0                               0D    432
     100     370       0       0       0             431        01010000D    433
     100       0       0       1       0                               0D    434
     126     371       0       0       0                        01010500D    435
     126       0       0       2       0                               0D    436
     110     373       0       0       0                        01010000D    437
     110       0       0       1       0                               0D    438
     126     374       0       0       0                        01010500D    439
     126       0       0       2       0                               0D    440
     100     376       0       0       0                        01010000D    441
     100       0       0       1       0                               0D    442
     102     377       0       0       0                        01010500D    443
     102       0       0       1       0                               0D    444
     102     378       0       0       0                        01010000D    445
     102       0       0       1       0                               0D    446
     142     379       0       0       0                        00010500D    447
     142       0       0       1       0                               0D    448
     144     380       0       0       0                        00000000D    449
     144       0      -1       1       0                               0D    450
     110     381       0       0       0                        01010000D    451
     110       0       0       1       0                               0D    452
     110     382       0       0       0                        01010000D    453
     110       0       0       1       0                               0D    454
     120     383       0       0       0                        01010000D    455
     120       0       0       1       0                               0D    456
     126     384       0       0       0                        01010500D    457
     126       0       0       2       0                               0D    458
     100     386       0       0       0                        01010000D    459
     100       0       0       1       0                               0D    460
     126     387       0       0       0                        01010500D    461
     126       0       0       2       0                               0D    462
     110     389       0       0       0                        01010000D    463
     110       0       0       1       0                               0D    464
     126     390       0       0       0                        01010500D    465
     126       0       0       2       0                               0D    466
     124     392       0       0       0                        00000000D    467
     124       0       0       4       0                               0D    468
     100     396       0       0       0             467        01010000D    469
     100       0       0       1       0                               0D    470
     126     397       0       0       0                        01010500D    471
     126       0       0       2       0                               0D    472
     110     399       0       0       0                        01010000D    473
     110       0       0       2       0                               0D    474
     102     401       0       0       0                        01010500D    475
     102       0       0       1       0                               0D    476
     102     402       0       0       0                        01010000D    477
     102       0       0       1       0                               0D    478
     142     403       0       0       0                        00010500D    479
     142       0       0       1       0                               0D    480
     144     404       0       0       0                        00000000D    481
     144       0      -1       1       0                               0D    482
     110     405       0       0       0                        01010000D    483
     110       0       0       1       0                               0D    484
     110     406       0       0       0                        01010000D    485
     110       0       0       1       0                               0D    486
     120     407       0       0       0                        01010000D    487
     120       0       0       1       0                               0D    488
     126     408       0       0       0                        01010500D    489
     126       0       0       2       0                               0D    490
     110     410       0       0       0                        01010000D    491
     110       0       0       1       0                               0D    492
     126     411       0       0       0                        01010500D    493
     126       0       0       2       0                               0D    494
     100     413       0       0       0                        01010000D    495
     100       0       0       2       0                               0D    496
     126     415       0       0       0                        01010500D    497
     126       0       0       2       0                               0D    498
     110     417       0       0       0                        01010000D    499
     110       0       0       1       0                               0D    500
     126     418       0       0       0                        01010500D    501
     126       0       0       2       0                               0D    502
     124     420       0       0       0                        00000000D    503
     124       0       0       4       0                               0D    504
     100     424       0       0       0             503        01010000D    505
     100       0       0       2       0                               0D    506
     102     426       0       0       0                        01010500D    507
     102       0       0       1       0                               0D    508
     102     427       0       0       0                        01010000D    509
     102       0       0       1       0                               0D    510
     142     428       0       0       0                        00010500D    511
     142       0       0       1       0                               0D    512
     144     429       0       0       0                        00000000D    513
     144       0      -1       1       0                               0D    514
     110     430       0       0       0                        01010000D    515
     110       0       0       1       0                               0D    516
     110     431       0       0       0                        01010000D    517
     110       0       0       1       0                               0D    518
     120     432       0       0       0                        01010000D    519
     120       0       0       1       0                               0D    520
     126     433       0       0       0                        01010500D    521
     126       0       0       2       0                               0D    522
     110     435       0       0       0                        01010000D    523
     110       0       0       1       0                               0D    524
     126     436       0       0       0                        01010500D    525
     126       0       0       2       0                               0D    526
     100     438       0       0       0                        01010000D    527
     100       0       0       1       0                               0D    528
     126     439       0       0       0                        01010500D    529
     126       0       0       2       0                               0D    530
     110     441       0       0       0                        01010000D    531
     110       0       0       1       0                               0D    532
     126     442       0       0       0                        01010500D    533
     126       0       0       2       0                               0D    534
     124     444       0       0       0                        00000000D    535
     124       0       0       4       0                               0D    536
     100     448       0       0       0             535        01010000D    537
     100       0       0       1       0                               0D    538
     102     449       0       0       0                        01010500D    539
     102       0       0       1       0                               0D    540
     102     450       0       0       0                        01010000D    541
     102       0       0       1       0                               0D    542
     142     451       0       0       0                        00010500D    543
     142       0       0       1       0                               0D    544
     144     452       0       0       0                        00000000D    545
     144       0      -1       1       0                               0D    546
     110     453       0       0       0                        01010000D    547
     110       0       0       1       0                               0D    548
     110     454       0       0       0                        01010000D    549
     110       0       0       1       0                               0D    550
     120     455       0       0       0                        01010000D    551
     120       0       0       1       0                               0D    552
     126     456       0       0       0                        01010500D    553
     126       0       0       2       0                               0D    554
     110     458       0       0       0                        01010000D    555
     110       0       0       1       0                               0D    556
     126     459       0       0       0                        01010500D    557
     126       0       0       2       0                               0D    558
     100     461       0       0       0                        01010000D    559
     100       0       0       2       0                               0D    560
     126     463       0       0       0                        01010500D    561
     126       0       0       2       0                               0D    562
     110     465       0       0       0                        01010000D    563
     110       0       0       1       0                               0D    564
     126     466       0       0       0                        01010500D    565
     126       0       0       2       0                               0D    566
     124     468       0       0       0                        00000000D    567
     124       0       0       4       0                               0D    568
     100     472       0       0       0             567        01010000D    569
     100       0       0       2       0                               0D    570
     102     474       0       0       0                        01010500D    571
     102       0       0       1       0                               0D    572
     102     475       0       0       0                        01010000D    573
     102       0       0       1       0                               0D    574
     142     476       0       0       0                        00010500D    575
     142       0       0       1       0                               0D    576
     144     477       0       0       0                        00000000D    577
     144       0      -1       1       0                               0D    578
     110     478       0       0       0                        01010000D    579
     110       0       0       1       0                               0D    580
     110     479       0       0       0                        01010000D    581
     110       0       0       1       0                               0D    582
     120     480       0       0       0                        01010000D    583
     120       0       0       1       0                               0D    584
     126     481       0       0       0                        01010500D    585
     126       0       0       2       0                               0D    586
     110     483       0       0       0                        01010000D    587
     110       0       0       1       0                               0D    588
     126     484       0       0       0                        01010500D    589
     126       0       0       2       0                               0D    590
     100     486       0       0       0                        01010000D    591
     100       0       0       2       0                               0D    592
     126     488       0       0       0                        01010500D    593
     126       0       0       2       0                               0D    594
     110     490       0       0       0                        01010000D    595
     110       0       0       1       0                               0D    596
     126     491       0       0       0                        01010500D    597
     126       0       0       2       0                               0D    598
     124     493       0       0       0                        00000000D    599
     124       0       0       4       0                               0D    600
     100     497       0       0       0             599        01010000D    601
     100       0       0       2       0                               0D    602
     102     499       0       0       0                        01010500D    603
     102       0       0       1       0                               0D    604
     102     500       0       0       0                        01010000D    605
     102       0       0       1       0                               0D    606
     142     501       0       0       0                        00010500D    607
     142       0       0       1       0                               0D    608
     144     502       0       0       0                        00000000D    609
     144       0      -1       1       0                               0D    610
     110     503       0       0       0                        01010000D    611
     110       0       0       1       0                               0D    612
     110     504       0       0       0                        01010000D    613
     110       0       0       1       0                               0D    614
     120     505       0       0       0                        01010000D    615
     120       0       0       1       0                               0D    616
     126     506       0       0       0                        01010500D    617
     126       0       0       2       0                               0D    618
     110     508       0       0       0                        01010000D    619
     110       0       0       1       0                               0D    620
     126     509       0       0       0                        01010500D    621
     126       0       0       2       0                               0D    622
     100     511       0       0       0                        01010000D    623
     100       0       0       2       0                               0D    624
     126     513       0       0       0                        01010500D    625
     126       0       0       2       0                               0D    626
     110     515       0       0       0                        01010000D    627
     110       0       0       1       0                               0D    628
     126     516       0       0       0                        01010500D    629
     126       0       0       2       0                               0D    630
     124     518       0       0       0                        00000000D    631
     124       0       0       4       0                               0D    632
     100     522       0       0       0             631        01010000D    633
     100       0       0       2       0                               0D    634
     102     524       0       0       0                        01010500D    635
     102       0       0       1       0                               0D    636
     102     525       0       0       0                        01010000D    637
     102       0       0       1       0                               0D    638
     142     526       0       0       0                        00010500D    639
     142       0       0       1       0                               0D    640
     144     527       0       0       0                        00000000D    641
     144       0      -1       1       0                               0D    642
     110     528       0       0       0                        01010000D    643
     110       0       0       1       0                               0D    644
     110     529       0       0       0                        01010000D    645
     110       0       0       1       0                               0D    646
     120     530       0       0       0                        01010000D    647
     120       0       0       1       0                               0D    648
     126     531       0       0       0                        01010500D    649
     126       0       0       2       0                               0D    650
     110     533       0       0       0                        01010000D    651
     110       0       0       1       0                               0D    652
     126     534       0       0       0                        01010500D    653
     126       0       0       2       0                               0D    654
     100     536       0       0       0                        01010000D    655
     100       0       0       1       0                               0D    656
     126     537       0       0       0                        01010500D    657
     126       0       0       2       0                               0D    658
     110     539       0       0       0                        01010000D    659
     110       0       0       1       0                               0D    660
     126     540       0       0       0                        01010500D    661
     126       0       0       2       0                               0D    662
     124     542       0       0       0                        00000000D    663
     124       0       0       4       0                               0D    664
     100     546       0       0       0             663        01010000D    665
     100       0       0       1       0                               0D    666
     102     547       0       0       0                        01010500D    667
     102       0       0       1       0                               0D    668
     102     548       0       0       0                        01010000D    669
     102       0       0       1       0                               0D    670
     142     549       0       0       0                        00010500D    671
     142       0       0       1       0                               0D    672
     144     550       0       0       0                        00000000D    673
     144       0      -1       1       0                               0D    674
     110     551       0       0       0                        01010000D    675
     110       0       0       1       0                               0D    676
     110     552       0       0       0                        01010000D    677
     110       0       0       1       0                               0D    678
     120     553       0       0       0                        01010000D    679
     120       0       0       1       0                               0D    680
     126     554       0       0       0                        01010500D    681
     126       0       0       2       0                               0D    682
     124     556       0       0       0                        00000000D    683
     124       0       0       4       0                               0D    684
     100     560       0       0       0             683        01010000D    685
     100       0       0       1       0                               0D    686
     126     561       0       0       0                        01010500D    687
     126       0       0       2       0                               0D    688
     110     563       0       0       0                        01010000D    689
     110       0       0       1       0                               0D    690
     126     564       0       0       0                        01010500D    691
     126       0       0       2       0                               0D    692
     100     566       0       0       0                        01010000D    693
     100       0       0       1       0                               0D    694
     126     567       0       0       0                        01010500D    695
     126       0       0       2       0                               0D    696
     110     569       0       0       0                        01010000D    697
     110       0       0       2       0                               0D    698
     102     571       0       0       0                        01010500D    699
     102       0       0       1       0                               0D    700
     102     572       0       0       0                        01010000D    701
     102       0       0       1       0                               0D    702
     142     573       0       0       0                        00010500D    703
     142       0       0       1       0                               0D    704
     144     574       0       0       0                        00000000D    705
     144       0      -1       1       0                               0D    706
     128     575       0       0       0                        01010000D    707
     128       0       0       3       0                               0D    708
     126     578       0       0       0                        01010500D    709
     126       0       0       2       0                               0D    710
     110     580       0       0       0                        01010000D    711
     110       0       0       2       0                               0D    712
     126     582       0       0       0                        01010500D    713
     126       0       0       7       0                               0D    714
     100     589       0       0       0                        01010000D    715
     100       0       0       2       0                               0D    716
     126     591       0       0       0                        01010500D    717
     126       0       0       6       0                               0D    718
     100     597       0       0       0                        01010000D    719
     100       0       0       2       0                               0D    720
     126     599       0       0       0                        01010500D    721
     126       0       0       6       0                               0D    722
     100     605       0       0       0                        01010000D    723
     100       0       0       2       0                               0D    724
     126     607       0       0       0                        01010500D    725
     126       0       0       2       0                               0D    726
     110     609       0       0       0                        01010000D    727
     110       0       0       1       0                               0D    728
     126     610       0       0       0                        01010500D    729
     126       0       0       7       0                               0D    730
     124     617       0       0       0                        00000000D    731
     124       0       0       5       0                               0D    732
     100     622       0       0       0             731        01010000D    733
     100       0       0       2       0                               0D    734
     126     624       0       0       0                        01010500D    735
     126       0       0      22       0                               0D    736
     100     646       0       0       0                        01010000D    737
     100       0       0       2       0                               0D    738
     126     648       0       0       0                        01010500D    739
     126       0       0       7       0                               0D    740
     124     655       0       0       0                        00000000D    741
     124       0       0       5       0                               0D    742
     100     660       0       0       0             741        01010000D    743
     100       0       0       2       0                               0D    744
     126     662       0       0       0                        01010500D    745
     126       0       0       2       0                               0D    746
     110     664       0       0       0                        01010000D    747
     110       0       0       2       0                               0D    748
     126     666       0       0       0                        01010500D    749
     126       0       0       7       0                               0D    750
     100     673       0       0       0                        01010000D    751
     100       0       0       2       0                               0D    752
     126     675       0       0       0                        01010500D    753
     126       0       0       4       0                               0D    754
     100     679       0       0       0                        01010000D    755
     100       0       0       1       0                               0D    756
     126     680       0       0       0                        01010500D    757
     126       0       0       4       0                               0D    758
     100     684       0       0       0                        01010000D    759
     100       0       0       1       0                               0D    760
     126     685       0       0       0                        01010500D    761
     126       0       0       6       0                               0D    762
     100     691       0       0       0                        01010000D    763
     100       0       0       2       0                               0D    764
     126     693       0       0       0                        01010500D    765
     126       0       0       2       0                               0D    766
     110     695       0       0       0                        01010000D    767
     110       0       0       2       0                               0D    768
     126     697       0       0       0                        01010500D    769
     126       0       0       7       0                               0D    770
     124     704       0       0       0                        00000000D    771
     124       0       0       4       0                               0D    772
     100     708       0       0       0             771        01010000D    773
     100       0       0       2       0                               0D    774
     126     710       0       0       0                        01010500D    775
     126       0       0      22       0                               0D    776
     100     732       0       0       0                        01010000D    777
     100       0       0       2       0                               0D    778
     126     734       0       0       0                        01010500D    779
     126       0       0       7       0                               0D    780
     124     741       0       0       0                        00000000D    781
     124       0       0       4       0                               0D    782
     100     745       0       0       0             781        01010000D    783
     100       0       0       2       0                               0D    784
     102     747       0       0       0                        01010500D    785
     102       0       0       2       0                               0D    786
     102     749       0       0       0                        01010000D    787
     102       0       0       2       0                               0D    788
     142     751       0       0       0                        00010500D    789
     142       0       0       1       0                               0D    790
     126     752       0       0       0                        01010500D    791
     126       0       0      22       0                               0D    792
     124     774       0       0       0                        00000000D    793
     124       0       0       4       0                               0D    794
     100     778       0       0       0             793        01010000D    795
     100       0       0       2       0                               0D    796
     126     780       0       0       0                        01010500D    797
     126       0       0      22       0                               0D    798
     124     802       0       0       0                        00000000D    799
     124       0       0       4       0                               0D    800
     100     806       0       0       0             799        01010000D    801
     100       0       0       2       0                               0D    802
     102     808       0       0       0                        01010500D    803
     102       0       0       1       0                               0D    804
     102     809       0       0       0                        01010000D    805
     102       0       0       1       0                               0D    806
     142     810       0       0       0                        00010500D    807
     142       0       0       1       0                               0D    808
     126     811       0       0       0                        01010500D    809
     126       0       0      22       0                               0D    810
     124     833       0       0       0                        00000000D    811
     124       0       0       4       0                               0D    812
     100     837       0       0       0             811        01010000D    813
     100       0       0       2       0                               0D    814
     126     839       0       0       0                        01010500D    815
     126       0       0      22       0                               0D    816
     124     861       0       0       0                        00000000D    817
     124       0       0       4       0                               0D    818
     100     865       0       0       0             817        01010000D    819
     100       0       0       2       0                               0D    820
     102     867       0       0       0                        01010500D    821
     102       0       0       1       0                               0D    822
     102     868       0       0       0                        01010000D    823
     102       0       0       1       0                               0D    824
     142     869       0       0       0                        00010500D    825
     142       0       0       1       0                               0D    826
     126     870       0       0       0                        01010500D    827
     126       0       0      22       0                               0D    828
     124     892       0       0       0                        00000000D    829
     124       0       0       4       0                               0D    830
     100     896       0       0       0             829        01010000D    831
     100       0       0       2       0                               0D    832
     126     898       0       0       0                        01010500D    833
     126       0       0      22       0                               0D    834
     124     920       0       0       0                        00000000D    835
     124       0       0       4       0                               0D    836
     100     924       0       0       0             835        01010000D    837
     100       0       0       2       0                               0D    838
     102     926       0       0       0                        01010500D    839
     102       0       0       1       0                               0D    840
     102     927       0       0       0                        01010000D    841
     102       0       0       1       0                               0D    842
     142     928       0       0       0                        00010500D    843
     142       0       0       1       0                               0D    844
     126     929       0       0       0                        01010500D    845
     126       0       0      22       0                               0D    846
     124     951       0       0       0                        00000000D    847
     124       0       0       4       0                               0D    848
     100     955       0       0       0             847        01010000D    849
     100       0       0       2       0                               0D    850
     126     957       0       0       0                        01010500D    851
     126       0       0      22       0                               0D    852
     124     979       0       0       0                        00000000D    853
     124       0       0       4       0                               0D    854
     100     983       0       0       0             853        01010000D    855
     100       0       0       2       0                               0D    856
     102     985       0       0       0                        01010500D    857
     102       0       0       1       0                               0D    858
     102     986       0       0       0                        01010000D    859
     102       0       0       1       0                               0D    860
     142     987       0       0       0                        00010500D    861
     142       0       0       1       0                               0D    862
     126     988       0       0       0                        01010500D    863
     126       0       0      22       0                               0D    864
     124    1010       0       0       0                        00000000D    865
     124       0       0       4       0                               0D    866
     100    1014       0       0       0             865        01010000D    867
     100       0       0       2       0                               0D    868
     126    1016       0       0       0                        01010500D    869
     126       0       0      22       0                               0D    870
     124    1038       0       0       0                        00000000D    871
     124       0       0       4       0                               0D    872
     100    1042       0       0       0             871        01010000D    873
     100       0       0       2       0                               0D    874
     102    1044       0       0       0                        01010500D    875
     102       0       0       1       0                               0D    876
     102    1045       0       0       0                        01010000D    877
     102       0       0       1       0                               0D    878
     142    1046       0       0       0                        00010500D    879
     142       0       0       1       0                               0D    880
     126    1047       0       0       0                        01010500D    881
     126       0       0      22       0                               0D    882
     124    1069       0       0       0                        00000000D    883
     124       0       0       4       0                               0D    884
     100    1073       0       0       0             883        01010000D    885
     100       0       0       2       0                               0D    886
     126    1075       0       0       0                        01010500D    887
     126       0       0      22       0                               0D    888
     124    1097       0       0       0                        00000000D    889
     124       0       0       4       0                               0D    890
     100    1101       0       0       0             889        01010000D    891
     100       0       0       2       0                               0D    892
     102    1103       0       0       0                        01010500D    893
     102       0       0       1       0                               0D    894
     102    1104       0       0       0                        01010000D    895
     102       0       0       1       0                               0D    896
     142    1105       0       0       0                        00010500D    897
     142       0       0       1       0                               0D    898
     126    1106       0       0       0                        01010500D    899
     126       0       0      22       0                               0D    900
     124    1128       0       0       0                        00000000D    901
     124       0       0       4       0                               0D    902
     100    1132       0       0       0             901        01010000D    903
     100       0       0       2       0                               0D    904
     126    1134       0       0       0                        01010500D    905
     126       0       0      22       0                               0D    906
     124    1156       0       0       0                        00000000D    907
     124       0       0       4       0                               0D    908
     100    1160       0       0       0             907        01010000D    909
     100       0       0       2       0                               0D    910
     102    1162       0       0       0                        01010500D    911
     102       0       0       1       0                               0D    912
     102    1163       0       0       0                        01010000D    913
     102       0       0       1       0                               0D    914
     142    1164       0       0       0                        00010500D    915
     142       0       0       1       0                               0D    916
     126    1165       0       0       0                        01010500D    917
     126       0       0      22       0                               0D    918
     124    1187       0       0       0                        00000000D    919
     124       0       0       4       0                               0D    920
     100    1191       0       0       0             919        01010000D    921
     100       0       0       2       0                               0D    922
     126    1193       0       0       0                        01010500D    923
     126       0       0      22       0                               0D    924
     124    1215       0       0       0                        00000000D    925
     124       0       0       4       0                               0D    926
     100    1219       0       0       0             925        01010000D    927
     100       0       0       2       0                               0D    928
     102    1221       0       0       0                        01010500D    929
     102       0       0       1       0                               0D    930
     102    1222       0       0       0                        01010000D    931
     102       0       0       1       0                               0D    932
     142    1223       0       0       0                        00010500D    933
     142       0       0       1       0                               0D    934
     126    1224       0       0       0                        01010500D    935
     126       0       0      22       0                               0D    936
     124    1246       0       0       0                        00000000D    937
     124       0       0       3       0                               0D    938
     100    1249       0       0       0             937        01010000D    939
     100       0       0       1       0                               0D    940
     126    1250       0       0       0                        01010500D    941
     126       0       0      22       0                               0D    942
     124    1272       0       0       0                        00000000D    943
     124       0       0       4       0                               0D    944
     100    1276       0       0       0             943        01010000D    945
     100       0       0       1       0                               0D    946
     102    1277       0       0       0                        01010500D    947
     102       0       0       1       0                               0D    948
     102    1278       0       0       0                        01010000D    949
     102       0       0       1       0                               0D    950
     142    1279       0       0       0                        00010500D    951
     142       0       0       1       0                               0D    952
     126    1280       0       0       0                        01010500D    953
     126       0       0      22       0                               0D    954
     124    1302       0       0       0                        00000000D    955
     124       0       0       4       0                               0D    956
     100    1306       0       0       0             955        01010000D    957
     100       0       0       2       0                               0D    958
     126    1308       0       0       0                        01010500D    959
     126       0       0      22       0                               0D    960
     124    1330       0       0       0                        00000000D    961
     124       0       0       4       0                               0D    962
     100    1334       0       0       0             961        01010000D    963
     100       0       0       2       0                               0D    964
     102    1336       0       0       0                        01010500D    965
     102       0       0       1       0                               0D    966
     102    1337       0       0       0                        01010000D    967
     102       0       0       1       0                               0D    968
     142    1338       0       0       0                        00010500D    969
     142       0       0       1       0                               0D    970
     126    1339       0       0       0                        01010500D    971
     126       0       0      22       0                               0D    972
     124    1361       0       0       0                        00000000D    973
     124       0       0       4       0                               0D    974
     100    1365       0       0       0             973        01010000D    975
     100       0       0       2       0                               0D    976
     126    1367       0       0       0                        01010500D    977
     126       0       0      22       0                               0D    978
     124    1389       0       0       0                        00000000D    979
     124       0       0       4       0                               0D    980
     100    1393       0       0       0             979        01010000D    981
     100       0       0       2       0                               0D    982
     102    1395       0       0       0                        01010500D    983
     102       0       0       1       0                               0D    984
     102    1396       0       0       0                        01010000D    985
     102       0       0       1       0                               0D    986
     142    1397       0       0       0                        00010500D    987
     142       0       0       1       0                               0D    988
     126    1398       0       0       0                        01010500D    989
     126       0       0      22       0                               0D    990
     124    1420       0       0       0                        00000000D    991
     124       0       0       4       0                               0D    992
     100    1424       0       0       0             991        01010000D    993
     100       0       0       2       0                               0D    994
     126    1426       0       0       0                        01010500D    995
     126       0       0      22       0                               0D    996
     124    1448       0       0       0                        00000000D    997
     124       0       0       4       0                               0D    998
     100    1452       0       0       0             997        01010000D    999
     100       0       0       2       0                               0D   1000
     102    1454       0       0       0                        01010500D   1001
     102       0       0       1       0                               0D   1002
     102    1455       0       0       0                        01010000D   1003
     102       0       0       1       0                               0D   1004
     142    1456       0       0       0                        00010500D   1005
     142       0       0       1       0                               0D   1006
     126    1457       0       0       0                        01010500D   1007
     126       0       0      22       0                               0D   1008
     124    1479       0       0       0                        00000000D   1009
     124       0       0       4       0                               0D   1010
     100    1483       0       0       0            1009        01010000D   1011
     100       0       0       2       0                               0D   1012
     126    1485       0       0       0                        01010500D   1013
     126       0       0      22       0                               0D   1014
     124    1507       0       0       0                        00000000D   1015
     124       0       0       4       0                               0D   1016
     100    1511       0       0       0            1015        01010000D   1017
     100       0       0       2       0                               0D   1018
     102    1513       0       0       0                        01010500D   1019
     102       0       0       1       0                               0D   1020
     102    1514       0       0       0                        01010000D   1021
     102       0       0       1       0                               0D   1022
     142    1515       0       0       0                        00010500D   1023
     142       0       0       1       0                               0D   1024
     126    1516       0       0       0                        01010500D   1025
     126       0       0      22       0                               0D   1026
     124    1538       0       0       0                        00000000D   1027
     124       0       0       3       0                               0D   1028
     100    1541       0       0       0            1027        01010000D   1029
     100       0       0       1       0                               0D   1030
     126    1542       0       0       0                        01010500D   1031
     126       0       0      22       0                               0D   1032
     124    1564       0       0       0                        00000000D   1033
     124       0       0       4       0                               0D   1034
     100    1568       0       0       0            1033        01010000D   1035
     100       0       0       1       0                               0D   1036
     102    1569       0       0       0                        01010500D   1037
     102       0       0       1       0                               0D   1038
     102    1570       0       0       0                        01010000D   1039
     102       0       0       1       0                               0D   1040
     142    1571       0       0       0                        00010500D   1041
     142       0       0       1       0                               0D   1042
     126    1572       0       0       0                        01010500D   1043
     126       0       0      22       0                               0D   1044
     124    1594       0       0       0                        00000000D   1045
     124       0       0       4       0                               0D   1046
     100    1598       0       0       0            1045        01010000D   1047
     100       0       0       1       0                               0D   1048
     126    1599       0       0       0                        01010500D   1049
     126       0       0      22       0                               0D   1050
     124    1621       0       0       0                        00000000D   1051
     124       0       0       4       0                               0D   1052
     100    1625       0       0       0            1051        01010000D   1053
     100       0       0       1       0                               0D   1054
     102    1626       0       0       0                        01010500D   1055
     102       0       0       1       0                               0D   1056
     102    1627       0       0       0                        01010000D   1057
     102       0       0       1       0                               0D   1058
     142    1628       0       0       0                        00010500D   1059
     142       0       0       1       0                               0D   1060
     126    1629       0       0       0                        01010500D   1061
     126       0       0      22       0                               0D   1062
     124    1651       0       0       0                        00000000D   1063
     124       0       0       4       0                               0D   1064
     100    1655       0       0       0            1063        01010000D   1065
     100       0       0       2       0                               0D   1066
     126    1657       0       0       0                        01010500D   1067
     126       0       0      22       0                               0D   1068
     124    1679       0       0       0                        00000000D   1069
     124       0       0       4       0                               0D   1070
     100    1683       0       0       0            1069        01010000D   1071
     100       0       0       2       0                               0D   1072
     102    1685       0       0       0                        01010500D   1073
     102       0       0       1       0                               0D   1074
     102    1686       0       0       0                        01010000D   1075
     102       0       0       1       0                               0D   1076
     142    1687       0       0       0                        00010500D   1077
     142       0       0       1       0                               0D   1078
     126    1688       0       0       0                        01010500D   1079
     126       0       0      22       0                               0D   1080
     124    1710       0       0       0                        00000000D   1081
     124       0       0       4       0                               0D   1082
     100    1714       0       0       0            1081        01010000D   1083
     100       0       0       1       0                               0D   1084
     126    1715       0       0       0                        01010500D   1085
     126       0       0      22       0                               0D   1086
     124    1737       0       0       0                        00000000D   1087
     124       0       0       4       0                               0D   1088
     100    1741       0       0       0            1087        01010000D   1089
     100       0       0       1       0                               0D   1090
     102    1742       0       0       0                        01010500D   1091
     102       0       0       1       0                               0D   1092
     102    1743       0       0       0                        01010000D   1093
     102       0       0       1       0                               0D   1094
     142    1744       0       0       0                        00010500D   1095
     142       0       0       1       0                               0D   1096
     126    1745       0       0       0                        01010500D   1097
     126       0       0      22       0                               0D   1098
     124    1767       0       0       0                        00000000D   1099
     124       0       0       4       0                               0D   1100
     100    1771       0       0       0            1099        01010000D   1101
     100       0       0       2       0                               0D   1102
     126    1773       0       0       0                        01010500D   1103
     126       0       0      22       0                               0D   1104
     124    1795       0       0       0                        00000000D   1105
     124       0       0       4       0                               0D   1106
     100    1799       0       0       0            1105        01010000D   1107
     100       0       0       2       0                               0D   1108
     102    1801       0       0       0                        01010500D   1109
     102       0       0       1       0                               0D   1110
     102    1802       0       0       0                        01010000D   1111
     102       0       0       1       0                               0D   1112
     142    1803       0       0       0                        00010500D   1113
     142       0       0       1       0                               0D   1114
     126    1804       0       0       0                        01010500D   1115
     126       0       0      22       0                               0D   1116
     124    1826       0       0       0                        00000000D   1117
     124       0       0       4       0                               0D   1118
     100    1830       0       0       0            1117        01010000D   1119
     100       0       0       2       0                               0D   1120
     126    1832       0       0       0                        01010500D   1121
     126       0       0      22       0                               0D   1122
     124    1854       0       0       0                        00000000D   1123
     124       0       0       4       0                               0D   1124
     100    1858       0       0       0            1123        01010000D   1125
     100       0       0       2       0                               0D   1126
     102    1860       0       0       0                        01010500D   1127
     102       0       0       1       0                               0D   1128
     102    1861       0       0       0                        01010000D   1129
     102       0       0       1       0                               0D   1130
     142    1862       0       0       0                        00010500D   1131
     142       0       0       1       0                               0D   1132
     126    1863       0       0       0                        01010500D   1133
     126       0       0      22       0                               0D   1134
     124    1885       0       0       0                        00000000D   1135
     124       0       0       4       0                               0D   1136
     100    1889       0       0       0            1135        01010000D   1137
     100       0       0       2       0                               0D   1138
     126    1891       0       0       0                        01010500D   1139
     126       0       0      22       0                               0D   1140
     124    1913       0       0       0                        00000000D   1141
     124       0       0       4       0                               0D   1142
     100    1917       0       0       0            1141        01010000D   1143
     100       0       0       2       0                               0D   1144
     102    1919       0       0       0                        01010500D   1145
     102       0       0       1       0                               0D   1146
     102    1920       0       0       0                        01010000D   1147
     102       0       0       1       0                               0D   1148
     142    1921       0       0       0                        00010500D   1149
     142       0       0       1       0                               0D   1150
     144    1922       0       0       0                        00000000D   1151
     144       0      -1       2       0                               0D   1152
     128    1924       0       0       0                        01010000D   1153
     128       0       0       3       0                               0D   1154
     126    1927       0       0       0                        01010500D   1155
     126       0       0       2       0                               0D   1156
     110    1929       0       0       0                        01010000D   1157
     110       0       0       2       0                               0D   1158
     126    1931       0       0       0                        01010500D   1159
     126       0       0       7       0                               0D   1160
     100    1938       0       0       0                        01010000D   1161
     100       0       0       2       0                               0D   1162
     126    1940       0       0       0                        01010500D   1163
     126       0       0       4       0                               0D   1164
     100    1944       0       0       0                        01010000D   1165
     100       0       0       1       0                               0D   1166
     126    1945       0       0       0                        01010500D   1167
     126       0       0       4       0                               0D   1168
     100    1949       0       0       0                        01010000D   1169
     100       0       0       1       0                               0D   1170
     126    1950       0       0       0                        01010500D   1171
     126       0       0       7       0                               0D   1172
     100    1957       0       0       0                        01010000D   1173
     100       0       0       2       0                               0D   1174
     126    1959       0       0       0                        01010500D   1175
     126       0       0       2       0                               0D   1176
     110    1961       0       0       0                        01010000D   1177
     110       0       0       1       0                               0D   1178
     126    1962       0       0       0                        01010500D   1179
     126       0       0       7       0                               0D   1180
     124    1969       0       0       0                        00000000D   1181
     124       0       0       5       0                               0D   1182
     100    1974       0       0       0            1181        01010000D   1183
     100       0       0       2       0                               0D   1184
     126    1976       0       0       0                        01010500D   1185
     126       0       0      22       0                               0D   1186
     100    1998       0       0       0                        01010000D   1187
     100       0       0       2       0                               0D   1188
     126    2000       0       0       0                        01010500D   1189
     126       0       0       7       0                               0D   1190
     124    2007       0       0       0                        00000000D   1191
     124       0       0       5       0                               0D   1192
     100    2012       0       0       0            1191        01010000D   1193
     100       0       0       2       0                               0D   1194
     126    2014       0       0       0                        01010500D   1195
     126       0       0       2       0                               0D   1196
     110    2016       0       0       0                        01010000D   1197
     110       0       0       2       0                               0D   1198
     126    2018       0       0       0                        01010500D   1199
     126       0       0       7       0                               0D   1200
     100    2025       0       0       0                        01010000D   1201
     100       0       0       2       0                               0D   1202
     126    2027       0       0       0                        01010500D   1203
     126       0       0       6       0                               0D   1204
     100    2033       0       0       0                        01010000D   1205
     100       0       0       2       0                               0D   1206
     126    2035       0       0       0                        01010500D   1207
     126       0       0       7       0                               0D   1208
     100    2042       0       0       0                        01010000D   1209
     100       0       0       2       0                               0D   1210
     126    2044       0       0       0                        01010500D   1211
     126       0       0       2       0                               0D   1212
     110    2046       0       0       0                        01010000D   1213
     110       0       0       2       0                               0D   1214
     126    2048       0       0       0                        01010500D   1215
     126       0       0       7       0                               0D   1216
     124    2055       0       0       0                        00000000D   1217
     124       0       0       4       0                               0D   1218
     100    2059       0       0       0            1217        01010000D   1219
     100       0       0       2       0                               0D   1220
     126    2061       0       0       0                        01010500D   1221
     126       0       0      22       0                               0D   1222
     100    2083       0       0       0                        01010000D   1223
     100       0       0       2       0                               0D   1224
     126    2085       0       0       0                        01010500D   1225
     126       0       0       7       0                               0D   1226
     124    2092       0       0       0                        00000000D   1227
     124       0       0       4       0                               0D   1228
     100    2096       0       0       0            1227        01010000D   1229
     100       0       0       2       0                               0D   1230
     102    2098       0       0       0                        01010500D   1231
     102       0       0       2       0                               0D   1232
     102    2100       0       0       0                        01010000D   1233
     102       0       0       2       0                               0D   1234
     142    2102       0       0       0                        00010500D   1235
     142       0       0       1       0                               0D   1236
     126    2103       0       0       0                        01010500D   1237
     126       0       0      22       0                               0D   1238
     124    2125       0       0       0                        00000000D   1239
     124       0       0       4       0                               0D   1240
     100    2129       0       0       0            1239        01010000D   1241
     100       0       0       2       0                               0D   1242
     126    2131       0       0       0                        01010500D   1243
     126       0       0      22       0                               0D   1244
     124    2153       0       0       0                        00000000D   1245
     124       0       0       4       0                               0D   1246
     100    2157       0       0       0            1245        01010000D   1247
     100       0       0       2       0                               0D   1248
     102    2159       0       0       0                        01010500D   1249
     102       0       0       1       0                               0D   1250
     102    2160       0       0       0                        01010000D   1251
     102       0       0       1       0                               0D   1252
     142    2161       0       0       0                        00010500D   1253
     142       0       0       1       0                               0D   1254
     126    2162       0       0       0                        01010500D   1255
     126       0       0      22       0                               0D   1256
     124    2184       0       0       0                        00000000D   1257
     124       0       0       4       0                               0D   1258
     100    2188       0       0       0            1257        01010000D   1259
     100       0       0       2       0                               0D   1260
     126    2190       0       0       0                        01010500D   1261
     126       0       0      22       0                               0D   1262
     124    2212       0       0       0                        00000000D   1263
     124       0       0       4       0                               0D   1264
     100    2216       0       0       0            1263        01010000D   1265
     100       0       0       2       0                               0D   1266
     102    2218       0       0       0                        01010500D   1267
     102       0       0       1       0                               0D   1268
     102    2219       0       0       0                        01010000D   1269
     102       0       0       1       0                               0D   1270
     142    2220       0       0       0                        00010500D   1271
     142       0       0       1       0                               0D   1272
     126    2221       0       0       0                        01010500D   1273
     126       0       0      22       0                               0D   1274
     124    2243       0       0       0                        00000000D   1275
     124       0       0       4       0                               0D   1276
     100    2247       0       0       0            1275        01010000D   1277
     100       0       0       2       0                               0D   1278
     126    2249       0       0       0                        01010500D   1279
     126       0       0      22       0                               0D   1280
     124    2271       0       0       0                        00000000D   1281
     124       0       0       4       0                               0D   1282
     100    2275       0       0       0            1281        01010000D   1283
     100       0       0       2       0                               0D   1284
     102    2277       0       0       0                        01010500D   1285
     102       0       0       1       0                               0D   1286
     102    2278       0       0       0                        01010000D   1287
     102       0       0       1       0                               0D   1288
     142    2279       0       0       0                        00010500D   1289
     142       0       0       1       0                               0D   1290
     126    2280       0       0       0                        01010500D   1291
     126       0       0      22       0                               0D   1292
     124    2302       0       0       0                        00000000D   1293
     124       0       0       4       0                               0D   1294
     100    2306       0       0       0            1293        01010000D   1295
     100       0       0       2       0                               0D   1296
     126    2308       0       0       0                        01010500D   1297
     126       0       0      22       0                               0D   1298
     124    2330       0       0       0                        00000000D   1299
     124       0       0       4       0                               0D   1300
     100    2334       0       0       0            1299        01010000D   1301
     100       0       0       2       0                               0D   1302
     102    2336       0       0       0                        01010500D   1303
     102       0       0       1       0                               0D   1304
     102    2337       0       0       0                        01010000D   1305
     102       0       0       1       0                               0D   1306
     142    2338       0       0       0                        00010500D   1307
     142       0       0       1       0                               0D   1308
     126    2339       0       0       0                        01010500D   1309
     126       0       0      22       0                               0D   1310
     124    2361       0       0       0                        00000000D   1311
     124       0       0       4       0                               0D   1312
     100    2365       0       0       0            1311        01010000D   1313
     100       0       0       2       0                               0D   1314
     126    2367       0       0       0                        01010500D   1315
     126       0       0      22       0                               0D   1316
     124    2389       0       0       0                        00000000D   1317
     124       0       0       4       0                               0D   1318
     100    2393       0       0       0            1317        01010000D   1319
     100       0       0       2       0                               0D   1320
     102    2395       0       0       0                        01010500D   1321
     102       0       0       1       0                               0D   1322
     102    2396       0       0       0                        01010000D   1323
     102       0       0       1       0                               0D   1324
     142    2397       0       0       0                        00010500D   1325
     142       0       0       1       0                               0D   1326
     126    2398       0       0       0                        01010500D   1327
     126       0       0      22       0                               0D   1328
     124    2420       0       0       0                        00000000D   1329
     124       0       0       4       0                               0D   1330
     100    2424       0       0       0            1329        01010000D   1331
     100       0       0       2       0                               0D   1332
     126    2426       0       0       0                        01010500D   1333
     126       0       0      22       0                               0D   1334
     124    2448       0       0       0                        00000000D   1335
     124       0       0       4       0                               0D   1336
     100    2452       0       0       0            1335        01010000D   1337
     100       0       0       2       0                               0D   1338
     102    2454       0       0       0                        01010500D   1339
     102       0       0       1       0                               0D   1340
     102    2455       0       0       0                        01010000D   1341
     102       0       0       1       0                               0D   1342
     142    2456       0       0       0                        00010500D   1343
     142       0       0       1       0                               0D   1344
     126    2457       0       0       0                        01010500D   1345
     126       0       0      22       0                               0D   1346
     124    2479       0       0       0                        00000000D   1347
     124       0       0       4       0                               0D   1348
     100    2483       0       0       0            1347        01010000D   1349
     100       0       0       2       0                               0D   1350
     126    2485       0       0       0                        01010500D   1351
     126       0       0      22       0                               0D   1352
     124    2507       0       0       0                        00000000D   1353
     124       0       0       4       0                               0D   1354
     100    2511       0       0       0            1353        01010000D   1355
     100       0       0       2       0                               0D   1356
     102    2513       0       0       0                        01010500D   1357
     102       0       0       1       0                               0D   1358
     102    2514       0       0       0                        01010000D   1359
     102       0       0       1       0                               0D   1360
     142    2515       0       0       0                        00010500D   1361
     142       0       0       1       0                               0D   1362
     126    2516       0       0       0                        01010500D   1363
     126       0       0      22       0                               0D   1364
     124    2538       0       0       0                        00000000D   1365
     124       0       0       4       0                               0D   1366
     100    2542       0       0       0            1365        01010000D   1367
     100       0       0       2       0                               0D   1368
     126    2544       0       0       0                        01010500D   1369
     126       0       0      22       0                               0D   1370
     124    2566       0       0       0                        00000000D   1371
     124       0       0       4       0                               0D   1372
     100    2570       0       0       0            1371        01010000D   1373
     100       0       0       2       0                               0D   1374
     102    2572       0       0       0                        01010500D   1375
     102       0       0       1       0                               0D   1376
     102    2573       0       0       0                        01010000D   1377
     102       0       0       1       0                               0D   1378
     142    2574       0       0       0                        00010500D   1379
     142       0       0       1       0                               0D   1380
     126    2575       0       0       0                        01010500D   1381
     126       0       0      22       0                               0D   1382
     124    2597       0       0       0                        00000000D   1383
     124       0       0       3       0                               0D   1384
     100    2600       0       0       0            1383        01010000D   1385
     100       0       0       1       0                               0D   1386
     126    2601       0       0       0                        01010500D   1387
     126       0       0      22       0                               0D   1388
     124    2623       0       0       0                        00000000D   1389
     124       0       0       4       0                               0D   1390
     100    2627       0       0       0            1389        01010000D   1391
     100       0       0       1       0                               0D   1392
     102    2628       0       0       0                        01010500D   1393
     102       0       0       1       0                               0D   1394
     102    2629       0       0       0                        01010000D   1395
     102       0       0       1       0                               0D   1396
     142    2630       0       0       0                        00010500D   1397
     142       0       0       1       0                               0D   1398
     126    2631       0       0       0                        01010500D   1399
     126       0       0      22       0                               0D   1400
     124    2653       0       0       0                        00000000D   1401
     124       0       0       4       0                               0D   1402
     100    2657       0       0       0            1401        01010000D   1403
     100       0       0       2       0                               0D   1404
     126    2659       0       0       0                        01010500D   1405
     126       0       0      22       0                               0D   1406
     124    2681       0       0       0                        00000000D   1407
     124       0       0       4       0                               0D   1408
     100    2685       0       0       0            1407        01010000D   1409
     100       0       0       2       0                               0D   1410
     102    2687       0       0       0                        01010500D   1411
     102       0       0       1       0                               0D   1412
     102    2688       0       0       0                        01010000D   1413
     102       0       0       1       0                               0D   1414
     142    2689       0       0       0                        00010500D   1415
     142       0       0       1       0                               0D   1416
     126    2690       0       0       0                        01010500D   1417
     126       0       0      22       0                               0D   1418
     124    2712       0       0       0                        00000000D   1419
     124       0       0       4       0                               0D   1420
     100    2716       0       0       0            1419        01010000D   1421
     100       0       0       2       0                               0D   1422
     126    2718       0       0       0                        01010500D   1423
     126       0       0      22       0                               0D   1424
     124    2740       0       0       0                        00000000D   1425
     124       0       0       4       0                               0D   1426
     100    2744       0       0       0            1425        01010000D   1427
     100       0       0       2       0                               0D   1428
     102    2746       0       0       0                        01010500D   1429
     102       0       0       1       0                               0D   1430
     102    2747       0       0       0                        01010000D   1431
     102       0       0       1       0                               0D   1432
     142    2748       0       0       0                        00010500D   1433
     142       0       0       1       0                               0D   1434
     126    2749       0       0       0                        01010500D   1435
     126       0       0      22       0                               0D   1436
     124    2771       0       0       0                        00000000D   1437
     124       0       0       4       0                               0D   1438
     100    2775       0       0       0            1437        01010000D   1439
     100       0       0       2       0                               0D   1440
     126    2777       0       0       0                        01010500D   1441
     126       0       0      22       0                               0D   1442
     124    2799       0       0       0                        00000000D   1443
     124       0       0       4       0                               0D   1444
     100    2803       0       0       0            1443        01010000D   1445
     100       0       0       2       0                               0D   1446
     102    2805       0       0       0                        01010500D   1447
     102       0       0       1       0                               0D   1448
     102    2806       0       0       0                        01010000D   1449
     102       0       0       1       0                               0D   1450
     142    2807       0       0       0                        00010500D   1451
     142       0       0       1       0                               0D   1452
     126    2808       0       0       0                        01010500D   1453
     126       0       0      22       0                               0D   1454
     124    2830       0       0       0                        00000000D   1455
     124       0       0       4       0                               0D   1456
     100    2834       0       0       0            1455        01010000D   1457
     100       0       0       2       0                               0D   1458
     126    2836       0       0       0                        01010500D   1459
     126       0       0      22       0                               0D   1460
     124    2858       0       0       0                        00000000D   1461
     124       0       0       4       0                               0D   1462
     100    2862       0       0       0            1461        01010000D   1463
     100       0       0       2       0                               0D   1464
     102    2864       0       0       0                        01010500D   1465
     102       0       0       1       0                               0D   1466
     102    2865       0       0       0                        01010000D   1467
     102       0       0       1       0                               0D   1468
     142    2866       0       0       0                        00010500D   1469
     142       0       0       1       0                               0D   1470
     126    2867       0       0       0                        01010500D   1471
     126       0       0      22       0                               0D   1472
     124    2889       0       0       0                        00000000D   1473
     124       0       0       3       0                               0D   1474
     100    2892       0       0       0            1473        01010000D   1475
     100       0       0       1       0                               0D   1476
     126    2893       0       0       0                        01010500D   1477
     126       0       0      22       0                               0D   1478
     124    2915       0       0       0                        00000000D   1479
     124       0       0       4       0                               0D   1480
     100    2919       0       0       0            1479        01010000D   1481
     100       0       0       1       0                               0D   1482
     102    2920       0       0       0                        01010500D   1483
     102       0       0       1       0                               0D   1484
     102    2921       0       0       0                        01010000D   1485
     102       0       0       1       0                               0D   1486
     142    2922       0       0       0                        00010500D   1487
     142       0       0       1       0                               0D   1488
     126    2923       0       0       0                        01010500D   1489
     126       0       0      22       0                               0D   1490
     124    2945       0       0       0                        00000000D   1491
     124       0       0       3       0                               0D   1492
     100    2948       0       0       0            1491        01010000D   1493
     100       0       0       1       0                               0D   1494
     126    2949       0       0       0                        01010500D   1495
     126       0       0      22       0                               0D   1496
     124    2971       0       0       0                        00000000D   1497
     124       0       0       4       0                               0D   1498
     100    2975       0       0       0            1497        01010000D   1499
     100       0       0       1       0                               0D   1500
     102    2976       0       0       0                        01010500D   1501
     102       0       0       1       0                               0D   1502
     102    2977       0       0       0                        01010000D   1503
     102       0       0       1       0                               0D   1504
     142    2978       0       0       0                        00010500D   1505
     142       0       0       1       0                               0D   1506
     126    2979       0       0       0                        01010500D   1507
     126       0       0      22       0                               0D   1508
     124    3001       0       0       0                        00000000D   1509
     124       0       0       4       0                               0D   1510
     100    3005       0       0       0            1509        01010000D   1511
     100       0       0       2       0                               0D   1512
     126    3007       0       0       0                        01010500D   1513
     126       0       0      22       0                               0D   1514
     124    3029       0       0       0                        00000000D   1515
     124       0       0       4       0                               0D   1516
     100    3033       0       0       0            1515        01010000D   1517
     100       0       0       2       0                               0D   1518
     102    3035       0       0       0                        01010500D   1519
     102       0       0       1       0                               0D   1520
     102    3036       0       0       0                        01010000D   1521
     102       0       0       1       0                               0D   1522
     142    3037       0       0       0                        00010500D   1523
     142       0       0       1       0                               0D   1524
     126    3038       0       0       0                        01010500D   1525
     126       0       0      22       0                               0D   1526
     124    3060       0       0       0                        00000000D   1527
     124       0       0       3       0                               0D   1528
     100    3063       0       0       0            1527        01010000D   1529
     100       0       0       1       0                               0D   1530
     126    3064       0       0       0                        01010500D   1531
     126       0       0      22       0                               0D   1532
     124    3086       0       0       0                        00000000D   1533
     124       0       0       4       0                               0D   1534
     100    3090       0       0       0            1533        01010000D   1535
     100       0       0       1       0                               0D   1536
     102    3091       0       0       0                        01010500D   1537
     102       0       0       1       0                               0D   1538
     102    3092       0       0       0                        01010000D   1539
     102       0       0       1       0                               0D   1540
     142    3093       0       0       0                        00010500D   1541
     142       0       0       1       0                               0D   1542
     126    3094       0       0       0                        01010500D   1543
     126       0       0      22       0                               0D   1544
     124    3116       0       0       0                        00000000D   1545
     124       0       0       4       0                               0D   1546
     100    3120       0       0       0            1545        01010000D   1547
     100       0       0       2       0                               0D   1548
     126    3122       0       0       0                        01010500D   1549
     126       0       0      22       0                               0D   1550
     124    3144       0       0       0                        00000000D   1551
     124       0       0       4       0                               0D   1552
     100    3148       0       0       0            1551        01010000D   1553
     100       0       0       2       0                               0D   1554
     102    3150       0       0       0                        01010500D   1555
     102       0       0       1       0                               0D   1556
     102    3151       0       0       0                        01010000D   1557
     102       0       0       1       0                               0D   1558
     142    3152       0       0       0                        00010500D   1559
     142       0       0       1       0                               0D   1560
     126    3153       0       0       0                        01010500D   1561
     126       0       0      22       0                               0D   1562
     124    3175       0       0       0                        00000000D   1563
     124       0       0       4       0                               0D   1564
     100    3179       0       0       0            1563        01010000D   1565
     100       0       0       2       0                               0D   1566
     126    3181       0       0       0                        01010500D   1567
     126       0       0      22       0                               0D   1568
     124    3203       0       0       0                        00000000D   1569
     124       0       0       4       0                               0D   1570
     100    3207       0       0       0            1569        01010000D   1571
     100       0       0       2       0                               0D   1572
     102    3209       0       0       0                        01010500D   1573
     102       0       0       1       0                               0D   1574
     102    3210       0       0       0                        01010000D   1575
     102       0       0       1       0                               0D   1576
     142    3211       0       0       0                        00010500D   1577
     142       0       0       1       0                               0D   1578
     126    3212       0       0       0                        01010500D   1579
     126       0       0      22       0                               0D   1580
     124    3234       0       0       0                        00000000D   1581
     124       0       0       4       0                               0D   1582
     100    3238       0       0       0            1581        01010000D   1583
     100       0       0       2       0                               0D   1584
     126    3240       0       0       0                        01010500D   1585
     126       0       0      22       0                               0D   1586
     124    3262       0       0       0                        00000000D   1587
     124       0       0       4       0                               0D   1588
     100    3266       0       0       0            1587        01010000D   1589
     100       0       0       2       0                               0D   1590
     102    3268       0       0       0                        01010500D   1591
     102       0       0       1       0                               0D   1592
     102    3269       0       0       0                        01010000D   1593
     102       0       0       1       0                               0D   1594
     142    3270       0       0       0                        00010500D   1595
     142       0       0       1       0                               0D   1596
     144    3271       0       0       0                        00000000D   1597
     144       0      -1       2       0                               0D   1598
     110    3273       0       0       0                        01010000D   1599
     110       0       0       1       0                               0D   1600
     110    3274       0       0       0                        01010000D   1601
     110       0       0       1       0                               0D   1602
     120    3275       0       0       0                        01010000D   1603
     120       0       0       1       0                               0D   1604
     126    3276       0       0       0                        01010500D   1605
     126       0       0       2       0                               0D   1606
     110    3278       0       0       0                        01010000D   1607
     110       0       0       1       0                               0D   1608
     126    3279       0       0       0                        01010500D   1609
     126       0       0       2       0                               0D   1610
     100    3281       0       0       0                        01010000D   1611
     100       0       0       2       0                               0D   1612
     126    3283       0       0       0                        01010500D   1613
     126       0       0       2       0                               0D   1614
     110    3285       0       0       0                        01010000D   1615
     110       0       0       1       0                               0D   1616
     126    3286       0       0       0                        01010500D   1617
     126       0       0       2       0                               0D   1618
     124    3288       0       0       0                        00000000D   1619
     124       0       0       4       0                               0D   1620
     100    3292       0       0       0            1619        01010000D   1621
     100       0       0       1       0                               0D   1622
     102    3293       0       0       0                        01010500D   1623
     102       0       0       1       0                               0D   1624
     102    3294       0       0       0                        01010000D   1625
     102       0       0       1       0                               0D   1626
     142    3295       0       0       0                        00010500D   1627
     142       0       0       1       0                               0D   1628
     144    3296       0       0       0                        00000000D   1629
     144       0      -1       1       0                               0D   1630
     128    3297       0       0       0                        01010000D   1631
     128       0       0       4       0                               0D   1632
     126    3301       0       0       0                        01010500D   1633
     126       0       0       2       0                               0D   1634
     110    3303       0       0       0                        01010000D   1635
     110       0       0       2       0                               0D   1636
     126    3305       0       0       0                        01010500D   1637
     126       0       0       2       0                               0D   1638
     110    3307       0       0       0                        01010000D   1639
     110       0       0       2       0                               0D   1640
     126    3309       0       0       0                        01010500D   1641
     126       0       0       2       0                               0D   1642
     110    3311       0       0       0                        01010000D   1643
     110       0       0       2       0                               0D   1644
     126    3313       0       0       0                        01010500D   1645
     126       0       0       2       0                               0D   1646
     110    3315       0       0       0                        01010000D   1647
     110       0       0       2       0                               0D   1648
     102    3317       0       0       0                        01010500D   1649
     102       0       0       1       0                               0D   1650
     102    3318       0       0       0                        01010000D   1651
     102       0       0       1       0                               0D   1652
     142    3319       0       0       0                        00010500D   1653
     142       0       0       1       0                               0D   1654
     144    3320       0       0       0                        00000000D   1655
     144       0      -1       1       0                               0D   1656
     110    3321       0       0       0                        01010000D   1657
     110       0       0       1       0                               0D   1658
     110    3322       0       0       0                        01010000D   1659
     110       0       0       1       0                               0D   1660
     120    3323       0       0       0                        01010000D   1661
     120       0       0       1       0                               0D   1662
     126    3324       0       0       0                        01010500D   1663
     126       0       0       2       0                               0D   1664
     110    3326       0       0       0                        01010000D   1665
     110       0       0       1       0                               0D   1666
     126    3327       0       0       0                        01010500D   1667
     126       0       0       2       0                               0D   1668
     124    3329       0       0       0                        00000000D   1669
     124       0       0       4       0                               0D   1670
     100    3333       0       0       0            1669        01010000D   1671
     100       0       0       1       0                               0D   1672
     126    3334       0       0       0                        01010500D   1673
     126       0       0       2       0                               0D   1674
     110    3336       0       0       0                        01010000D   1675
     110       0       0       2       0                               0D   1676
     126    3338       0       0       0                        01010500D   1677
     126       0       0       2       0                               0D   1678
     100    3340       0       0       0                        01010000D   1679
     100       0       0       1       0                               0D   1680
     102    3341       0       0       0                        01010500D   1681
     102       0       0       1       0                               0D   1682
     102    3342       0       0       0                        01010000D   1683
     102       0       0       1       0                               0D   1684
     142    3343       0       0       0                        00010500D   1685
     142       0       0       1       0                               0D   1686
     144    3344       0       0       0                        00000000D   1687
     144       0      -1       1       0                               0D   1688
     128    3345       0       0       0                        01010000D   1689
     128       0       0       4       0                               0D   1690
     126    3349       0       0       0                        01010500D   1691
     126       0       0       2       0                               0D   1692
     110    3351       0       0       0                        01010000D   1693
     110       0       0       2       0                               0D   1694
     126    3353       0       0       0                        01010500D   1695
     126       0       0       2       0                               0D   1696
     110    3355       0       0       0                        01010000D   1697
     110       0       0       2       0                               0D   1698
     126    3357       0       0       0                        01010500D   1699
     126       0       0       2       0                               0D   1700
     110    3359       0       0       0                        01010000D   1701
     110       0       0       2       0                               0D   1702
     126    3361       0       0       0                        01010500D   1703
     126       0       0       2       0                               0D   1704
     110    3363       0       0       0                        01010000D   1705
     110       0       0       2       0                               0D   1706
     102    3365       0       0       0                        01010500D   1707
     102       0       0       1       0                               0D   1708
     102    3366       0       0       0                        01010000D   1709
     102       0       0       1       0                               0D   1710
     142    3367       0       0       0                        00010500D   1711
     142       0       0       1       0                               0D   1712
     144    3368       0       0       0                        00000000D   1713
     144       0      -1       1       0                               0D   1714
     110    3369       0       0       0                        01010000D   1715
     110       0       0       1       0                               0D   1716
     110    3370       0       0       0                        01010000D   1717
     110       0       0       1       0                               0D   1718
     120    3371       0       0       0                        01010000D   1719
     120       0       0       1       0                               0D   1720
     126    3372       0       0       0                        01010500D   1721
     126       0       0       2       0                               0D   1722
     110    3374       0       0       0                        01010000D   1723
     110       0       0       2       0                               0D   1724
     126    3376       0       0       0                        01010500D   1725
     126       0       0       2       0                               0D   1726
     100    3378       0       0       0                        01010000D   1727
     100       0       0       2       0                               0D   1728
     126    3380       0       0       0                        01010500D   1729
     126       0       0       2       0                               0D   1730
     110    3382       0       0       0                        01010000D   1731
     110       0       0       1       0                               0D   1732
     126    3383       0       0       0                        01010500D   1733
     126       0       0       2       0                               0D   1734
     124    3385       0       0       0                        00000000D   1735
     124       0       0       5       0                               0D   1736
     100    3390       0       0       0            1735        01010000D   1737
     100       0       0       1       0                               0D   1738
     102    3391       0       0       0                        01010500D   1739
     102       0       0       1       0                               0D   1740
     102    3392       0       0       0                        01010000D   1741
     102       0       0       1       0                               0D   1742
     142    3393       0       0       0                        00010500D   1743
     142       0       0       1       0                               0D   1744
     144    3394       0       0       0                        00000000D   1745
     144       0      -1       1       0                               0D   1746
     128    3395       0       0       0                        01010000D   1747
     128       0       0       4       0                               0D   1748
     126    3399       0       0       0                        01010500D   1749
     126       0       0       2       0                               0D   1750
     110    3401       0       0       0                        01010000D   1751
     110       0       0       2       0                               0D   1752
     126    3403       0       0       0                        01010500D   1753
     126       0       0       2       0                               0D   1754
     110    3405       0       0       0                        01010000D   1755
     110       0       0       2       0                               0D   1756
     126    3407       0       0       0                        01010500D   1757
     126       0       0       2       0                               0D   1758
     110    3409       0       0       0                        01010000D   1759
     110       0       0       2       0                               0D   1760
     126    3411       0       0       0                        01010500D   1761
     126       0       0       2       0                               0D   1762
     110    3413       0       0       0                        01010000D   1763
     110       0       0       2       0                               0D   1764
     102    3415       0       0       0                        01010500D   1765
     102       0       0       1       0                               0D   1766
     102    3416       0       0       0                        01010000D   1767
     102       0       0       1       0                               0D   1768
     142    3417       0       0       0                        00010500D   1769
     142       0       0       1       0                               0D   1770
     144    3418       0       0       0                        00000000D   1771
     144       0      -1       1       0                               0D   1772
     110    3419       0       0       0                        01010000D   1773
     110       0       0       1       0                               0D   1774
     110    3420       0       0       0                        01010000D   1775
     110       0       0       1       0                               0D   1776
     120    3421       0       0       0                        01010000D   1777
     120       0       0       1       0                               0D   1778
     126    3422       0       0       0                        01010500D   1779
     126       0       0       2       0                               0D   1780
     110    3424       0       0       0                        01010000D   1781
     110       0       0       2       0                               0D   1782
     126    3426       0       0       0                        01010500D   1783
     126       0       0       2       0                               0D   1784
     100    3428       0       0       0                        01010000D   1785
     100       0       0       1       0                               0D   1786
     126    3429       0       0       0                        01010500D   1787
     126       0       0       2       0                               0D   1788
     100    3431       0       0       0                        01010000D   1789
     100       0       0       1       0                               0D   1790
     126    3432       0       0       0                        01010500D   1791
     126       0       0       2       0                               0D   1792
     110    3434       0       0       0                        01010000D   1793
     110       0       0       1       0                               0D   1794
     126    3435       0       0       0                        01010500D   1795
     126       0       0       2       0                               0D   1796
     124    3437       0       0       0                        00000000D   1797
     124       0       0       4       0                               0D   1798
     100    3441       0       0       0            1797        01010000D   1799
     100       0       0       1       0                               0D   1800
     102    3442       0       0       0                        01010500D   1801
     102       0       0       1       0                               0D   1802
     102    3443       0       0       0                        01010000D   1803
     102       0       0       1       0                               0D   1804
     142    3444       0       0       0                        00010500D   1805
     142       0       0       1       0                               0D   1806
     144    3445       0       0       0                        00000000D   1807
     144       0      -1       1       0                               0D   1808
     128    3446       0       0       0                        01010000D   1809
     128       0       0       4       0                               0D   1810
     126    3450       0       0       0                        01010500D   1811
     126       0       0       2       0                               0D   1812
     110    3452       0       0       0                        01010000D   1813
     110       0       0       1       0                               0D   1814
     126    3453       0       0       0                        01010500D   1815
     126       0       0       2       0                               0D   1816
     110    3455       0       0       0                        01010000D   1817
     110       0       0       1       0                               0D   1818
     126    3456       0       0       0                        01010500D   1819
     126       0       0       2       0                               0D   1820
     110    3458       0       0       0                        01010000D   1821
     110       0       0       2       0                               0D   1822
     126    3460       0       0       0                        01010500D   1823
     126       0       0       2       0                               0D   1824
     110    3462       0       0       0                        01010000D   1825
     110       0       0       1       0                               0D   1826
     102    3463       0       0       0                        01010500D   1827
     102       0       0       1       0                               0D   1828
     102    3464       0       0       0                        01010000D   1829
     102       0       0       1       0                               0D   1830
     142    3465       0       0       0                        00010500D   1831
     142       0       0       1       0                               0D   1832
     144    3466       0       0       0                        00000000D   1833
     144       0      -1       1       0                               0D   1834
     110    3467       0       0       0                        01010000D   1835
     110       0       0       1       0                               0D   1836
     110    3468       0       0       0                        01010000D   1837
     110       0       0       1       0                               0D   1838
     120    3469       0       0       0                        01010000D   1839
     120       0       0       1       0                               0D   1840
     126    3470       0       0       0                        01010500D   1841
     126       0       0       2       0                               0D   1842
     100    3472       0       0       0                        01010000D   1843
     100       0       0       1       0                               0D   1844
     126    3473       0       0       0                        01010500D   1845
     126       0       0       2       0                               0D   1846
     110    3475       0       0       0                        01010000D   1847
     110       0       0       1       0                               0D   1848
     126    3476       0       0       0                        01010500D   1849
     126       0       0       2       0                               0D   1850
     124    3478       0       0       0                        00000000D   1851
     124       0       0       4       0                               0D   1852
     100    3482       0       0       0            1851        01010000D   1853
     100       0       0       1       0                               0D   1854
     126    3483       0       0       0                        01010500D   1855
     126       0       0       2       0                               0D   1856
     110    3485       0       0       0                        01010000D   1857
     110       0       0       1       0                               0D   1858
     102    3486       0       0       0                        01010500D   1859
     102       0       0       1       0                               0D   1860
     102    3487       0       0       0                        01010000D   1861
     102       0       0       1       0                               0D   1862
     142    3488       0       0       0                        00010500D   1863
     142       0       0       1       0                               0D   1864
     144    3489       0       0       0                        00000000D   1865
     144       0      -1       1       0                               0D   1866
     110    3490       0       0       0                        01010000D   1867
     110       0       0       1       0                               0D   1868
     110    3491       0       0       0                        01010000D   1869
     110       0       0       1       0                               0D   1870
     120    3492       0       0       0                        01010000D   1871
     120       0       0       1       0                               0D   1872
     126    3493       0       0       0                        01010500D   1873
     126       0       0       2       0                               0D   1874
     100    3495       0       0       0                        01010000D   1875
     100       0       0       2       0                               0D   1876
     126    3497       0       0       0                        01010500D   1877
     126       0       0       2       0                               0D   1878
     110    3499       0       0       0                        01010000D   1879
     110       0       0       1       0                               0D   1880
     126    3500       0       0       0                        01010500D   1881
     126       0       0       2       0                               0D   1882
     124    3502       0       0       0                        00000000D   1883
     124       0       0       4       0                               0D   1884
     100    3506       0       0       0            1883        01010000D   1885
     100       0       0       2       0                               0D   1886
     126    3508       0       0       0                        01010500D   1887
     126       0       0       2       0                               0D   1888
     110    3510       0       0       0                        01010000D   1889
     110       0       0       1       0                               0D   1890
     102    3511       0       0       0                        01010500D   1891
     102       0       0       1       0                               0D   1892
     102    3512       0       0       0                        01010000D   1893
     102       0       0       1       0                               0D   1894
     142    3513       0       0       0                        00010500D   1895
     142       0       0       1       0                               0D   1896
     144    3514       0       0       0                        00000000D   1897
     144       0      -1       1       0                               0D   1898
     110    3515       0       0       0                        01010000D   1899
     110       0       0       1       0                               0D   1900
     110    3516       0       0       0                        01010000D   1901
     110       0       0       1       0                               0D   1902
     120    3517       0       0       0                        01010000D   1903
     120       0       0       1       0                               0D   1904
     126    3518       0       0       0                        01010500D   1905
     126       0       0       2       0                               0D   1906
     100    3520       0       0       0                        01010000D   1907
     100       0       0       2       0                               0D   1908
     126    3522       0       0       0                        01010500D   1909
     126       0       0       2       0                               0D   1910
     110    3524       0       0       0                        01010000D   1911
     110       0       0       1       0                               0D   1912
     126    3525       0       0       0                        01010500D   1913
     126       0       0       2       0                               0D   1914
     124    3527       0       0       0                        00000000D   1915
     124       0       0       4       0                               0D   1916
     100    3531       0       0       0            1915        01010000D   1917
     100       0       0       2       0                               0D   1918
     126    3533       0       0       0                        01010500D   1919
     126       0       0       2       0                               0D   1920
     110    3535       0       0       0                        01010000D   1921
     110       0       0       1       0                               0D   1922
     102    3536       0       0       0                        01010500D   1923
     102       0       0       1       0                               0D   1924
     102    3537       0       0       0                        01010000D   1925
     102       0       0       1       0                               0D   1926
     142    3538       0       0       0                        00010500D   1927
     142       0       0       1       0                               0D   1928
     144    3539       0       0       0                        00000000D   1929
     144       0      -1       1       0                               0D   1930
     110    3540       0       0       0                        01010000D   1931
     110       0       0       1       0                               0D   1932
     110    3541       0       0       0                        01010000D   1933
     110       0       0       1       0                               0D   1934
     120    3542       0       0       0                        01010000D   1935
     120       0       0       1       0                               0D   1936
     126    3543       0       0       0                        01010500D   1937
     126       0       0       2       0                               0D   1938
     100    3545       0       0       0                        01010000D   1939
     100       0       0       2       0                               0D   1940
     126    3547       0       0       0                        01010500D   1941
     126       0       0       2       0                               0D   1942
     110    3549       0       0       0                        01010000D   1943
     110       0       0       1       0                               0D   1944
     126    3550       0       0       0                        01010500D   1945
     126       0       0       2       0                               0D   1946
     124    3552       0       0       0                        00000000D   1947
     124       0       0       4       0                               0D   1948
     100    3556       0       0       0            1947        01010000D   1949
     100       0       0       2       0                               0D   1950
     126    3558       0       0       0                        01010500D   1951
     126       0       0       2       0                               0D   1952
     110    3560       0       0       0                        01010000D   1953
     110       0       0       1       0                               0D   1954
     102    3561       0       0       0                        01010500D   1955
     102       0       0       1       0                               0D   1956
     102    3562       0       0       0                        01010000D   1957
     102       0       0       1       0                               0D   1958
     142    3563       0       0       0                        00010500D   1959
     142       0       0       1       0                               0D   1960
     144    3564       0       0       0                        00000000D   1961
     144       0      -1       1       0                               0D   1962
     110    3565       0       0       0                        01010000D   1963
     110       0       0       1       0                               0D   1964
     110    3566       0       0       0                        01010000D   1965
     110       0       0       1       0                               0D   1966
     120    3567       0       0       0                        01010000D   1967
     120       0       0       1       0                               0D   1968
     126    3568       0       0       0                        01010500D   1969
     126       0       0       2       0                               0D   1970
     100    3570       0       0       0                        01010000D   1971
     100       0       0       1       0                               0D   1972
     126    3571       0       0       0                        01010500D   1973
     126       0       0       2       0                               0D   1974
     110    3573       0       0       0                        01010000D   1975
     110       0       0       1       0                               0D   1976
     126    3574       0       0       0                        01010500D   1977
     126       0       0       2       0                               0D   1978
     124    3576       0       0       0                        00000000D   1979
     124       0       0       4       0                               0D   1980
     100    3580       0       0       0            1979        01010000D   1981
     100       0       0       1       0                               0D   1982
     126    3581       0       0       0                        01010500D   1983
     126       0       0       2       0                               0D   1984
     110    3583       0       0       0                        01010000D   1985
     110       0       0       1       0                               0D   1986
     102    3584       0       0       0                        01010500D   1987
     102       0       0       1       0                               0D   1988
     102    3585       0       0       0                        01010000D   1989
     102       0       0       1       0                               0D   1990
     142    3586       0       0       0                        00010500D   1991
     142       0       0       1       0                               0D   1992
     144    3587       0       0       0                        00000000D   1993
     144       0      -1       1       0                               0D   1994
     110    3588       0       0       0                        01010000D   1995
     110       0       0       1       0                               0D   1996
     110    3589       0       0       0                        01010000D   1997
     110       0       0       1       0                               0D   1998
     120    3590       0       0       0                        01010000D   1999
     120       0       0       1       0                               0D   2000
     126    3591       0       0       0                        01010500D   2001
     126       0       0       2       0                               0D   2002
     100    3593       0       0       0                        01010000D   2003
     100       0       0       2       0                               0D   2004
     126    3595       0       0       0                        01010500D   2005
     126       0       0       2       0                               0D   2006
     110    3597       0       0       0                        01010000D   2007
     110       0       0       1       0                               0D   2008
     126    3598       0       0       0                        01010500D   2009
     126       0       0       2       0                               0D   2010
     124    3600       0       0       0                        00000000D   2011
     124       0       0       4       0                               0D   2012
     100    3604       0       0       0            2011        01010000D   2013
     100       0       0       2       0                               0D   2014
     126    3606       0       0       0                        01010500D   2015
     126       0       0       2       0                               0D   2016
     110    3608       0       0       0                        01010000D   2017
     110       0       0       1       0                               0D   2018
     102    3609       0       0       0                        01010500D   2019
     102       0       0       1       0                               0D   2020
     102    3610       0       0       0                        01010000D   2021
     102       0       0       1       0                               0D   2022
     142    3611       0       0       0                        00010500D   2023
     142       0       0       1       0                               0D   2024
     144    3612       0       0       0                        00000000D   2025
     144       0      -1       1       0                               0D   2026
     110    3613       0       0       0                        01010000D   2027
     110       0       0       2       0                               0D   2028
     110    3615       0       0       0                        01010000D   2029
     110       0       0       2       0                               0D   2030
     120    3617       0       0       0                        01010000D   2031
     120       0       0       1       0                               0D   2032
     126    3618       0       0       0                        01010500D   2033
     126       0       0       2       0                               0D   2034
     110    3620       0       0       0                        01010000D   2035
     110       0       0       2       0                               0D   2036
     126    3622       0       0       0                        01010500D   2037
     126       0       0       2       0                               0D   2038
     100    3624       0       0       0                        01010000D   2039
     100       0       0       2       0                               0D   2040
     126    3626       0       0       0                        01010500D   2041
     126       0       0       2       0                               0D   2042
     110    3628       0       0       0                        01010000D   2043
     110       0       0       2       0                               0D   2044
     126    3630       0       0       0                        01010500D   2045
     126       0       0       2       0                               0D   2046
     124    3632       0       0       0                        00000000D   2047
     124       0       0       5       0                               0D   2048
     100    3637       0       0       0            2047        01010000D   2049
     100       0       0       2       0                               0D   2050
     102    3639       0       0       0                        01010500D   2051
     102       0       0       1       0                               0D   2052
     102    3640       0       0       0                        01010000D   2053
     102       0       0       1       0                               0D   2054
     142    3641       0       0       0                        00010500D   2055
     142       0       0       1       0                               0D   2056
     144    3642       0       0       0                        00000000D   2057
     144       0      -1       1       0                               0D   2058
     110    3643       0       0       0                        01010000D   2059
     110       0       0       2       0                               0D   2060
     110    3645       0       0       0                        01010000D   2061
     110       0       0       2       0                               0D   2062
     120    3647       0       0       0                        01010000D   2063
     120       0       0       1       0                               0D   2064
     126    3648       0       0       0                        01010500D   2065
     126       0       0       2       0                               0D   2066
     124    3650       0       0       0                        00000000D   2067
     124       0       0       4       0                               0D   2068
     100    3654       0       0       0            2067        01010000D   2069
     100       0       0       2       0                               0D   2070
     126    3656       0       0       0                        01010500D   2071
     126       0       0       2       0                               0D   2072
     110    3658       0       0       0                        01010000D   2073
     110       0       0       2       0                               0D   2074
     126    3660       0       0       0                        01010500D   2075
     126       0       0       2       0                               0D   2076
     100    3662       0       0       0                        01010000D   2077
     100       0       0       2       0                               0D   2078
     126    3664       0       0       0                        01010500D   2079
     126       0       0       2       0                               0D   2080
     110    3666       0       0       0                        01010000D   2081
     110       0       0       1       0                               0D   2082
     102    3667       0       0       0                        01010500D   2083
     102       0       0       1       0                               0D   2084
     102    3668       0       0       0                        01010000D   2085
     102       0       0       1       0                               0D   2086
     142    3669       0       0       0                        00010500D   2087
     142       0       0       1       0                               0D   2088
     144    3670       0       0       0                        00000000D   2089
     144       0      -1       1       0                               0D   2090
     110    3671       0       0       0                        01010000D   2091
     110       0       0       2       0                               0D   2092
     110    3673       0       0       0                        01010000D   2093
     110       0       0       1       0                               0D   2094
     120    3674       0       0       0                        01010000D   2095
     120       0       0       1       0                               0D   2096
     126    3675       0       0       0                        01010500D   2097
     126       0       0       2       0                               0D   2098
     110    3677       0       0       0                        01010000D   2099
     110       0       0       1       0                               0D   2100
     126    3678       0       0       0                        01010500D   2101
     126       0       0       2       0                               0D   2102
     100    3680       0       0       0                        01010000D   2103
     100       0       0       2       0                               0D   2104
     126    3682       0       0       0                        01010500D   2105
     126       0       0       2       0                               0D   2106
     110    3684       0       0       0                        01010000D   2107
     110       0       0       1       0                               0D   2108
     126    3685       0       0       0                        01010500D   2109
     126       0       0       2       0                               0D   2110
     124    3687       0       0       0                        00000000D   2111
     124       0       0       5       0                               0D   2112
     100    3692       0       0       0            2111        01010000D   2113
     100       0       0       2       0                               0D   2114
     102    3694       0       0       0                        01010500D   2115
     102       0       0       1       0                               0D   2116
     102    3695       0       0       0                        01010000D   2117
     102       0       0       1       0                               0D   2118
     142    3696       0       0       0                        00010500D   2119
     142       0       0       1       0                               0D   2120
     144    3697       0       0       0                        00000000D   2121
     144       0      -1       1       0                               0D   2122
     110    3698       0       0       0                        01010000D   2123
     110       0       0       2       0                               0D   2124
     110    3700       0       0       0                        01010000D   2125
     110       0       0       1       0                               0D   2126
     120    3701       0       0       0                        01010000D   2127
     120       0       0       1       0                               0D   2128
     126    3702       0       0       0                        01010500D   2129
     126       0       0       2       0                               0D   2130
     124    3704       0       0       0                        00000000D   2131
     124       0       0       5       0                               0D   2132
     100    3709       0       0       0            2131        01010000D   2133
     100       0       0       2       0                               0D   2134
     126    3711       0       0       0                        01010500D   2135
     126       0       0       2       0                               0D   2136
     110    3713       0       0       0                        01010000D   2137
     110       0       0       1       0                               0D   2138
     126    3714       0       0       0                        01010500D   2139
     126       0       0       2       0                               0D   2140
     100    3716       0       0       0                        01010000D   2141
     100       0       0       2       0                               0D   2142
     126    3718       0       0       0                        01010500D   2143
     126       0       0       2       0                               0D   2144
     110    3720       0       0       0                        01010000D   2145
     110       0       0       1       0                               0D   2146
     102    3721       0       0       0                        01010500D   2147
     102       0       0       1       0                               0D   2148
     102    3722       0       0       0                        01010000D   2149
     102       0       0       1       0                               0D   2150
     142    3723       0       0       0                        00010500D   2151
     142       0       0       1       0                               0D   2152
     144    3724       0       0       0                        00000000D   2153
     144       0      -1       1       0                               0D   2154
     110    3725       0       0       0                        01010000D   2155
     110       0       0       2       0                               0D   2156
     110    3727       0       0       0                        01010000D   2157
     110       0       0       2       0                               0D   2158
     120    3729       0       0       0                        01010000D   2159
     120       0       0       1       0                               0D   2160
     126    3730       0       0       0                        01010500D   2161
     126       0       0       2       0                               0D   2162
     124    3732       0       0       0                        00000000D   2163
     124       0       0       4       0                               0D   2164
     100    3736       0       0       0            2163        01010000D   2165
     100       0       0       2       0                               0D   2166
     126    3738       0       0       0                        01010500D   2167
     126       0       0       2       0                               0D   2168
     110    3740       0       0       0                        01010000D   2169
     110       0       0       2       0                               0D   2170
     126    3742       0       0       0                        01010500D   2171
     126       0       0       2       0                               0D   2172
     100    3744       0       0       0                        01010000D   2173
     100       0       0       2       0                               0D   2174
     126    3746       0       0       0                        01010500D   2175
     126       0       0       2       0                               0D   2176
     110    3748       0       0       0                        01010000D   2177
     110       0       0       2       0                               0D   2178
     102    3750       0       0       0                        01010500D   2179
     102       0       0       1       0                               0D   2180
     102    3751       0       0       0                        01010000D   2181
     102       0       0       1       0                               0D   2182
     142    3752       0       0       0                        00010500D   2183
     142       0       0       1       0                               0D   2184
     144    3753       0       0       0                        00000000D   2185
     144       0      -1       1       0                               0D   2186
     110    3754       0       0       0                        01010000D   2187
     110       0       0       2       0                               0D   2188
     110    3756       0       0       0                        01010000D   2189
     110       0       0       2       0                               0D   2190
     120    3758       0       0       0                        01010000D   2191
     120       0       0       1       0                               0D   2192
     126    3759       0       0       0                        01010500D   2193
     126       0       0       2       0                               0D   2194
     110    3761       0       0       0                        01010000D   2195
     110       0       0       2       0                               0D   2196
     126    3763       0       0       0                        01010500D   2197
     126       0       0       2       0                               0D   2198
     100    3765       0       0       0                        01010000D   2199
     100       0       0       2       0                               0D   2200
     126    3767       0       0       0                        01010500D   2201
     126       0       0       2       0                               0D   2202
     110    3769       0       0       0                        01010000D   2203
     110       0       0       2       0                               0D   2204
     126    3771       0       0       0                        01010500D   2205
     126       0       0       2       0                               0D   2206
     124    3773       0       0       0                        00000000D   2207
     124       0       0       5       0                               0D   2208
     100    3778       0       0       0            2207        01010000D   2209
     100       0       0       2       0                               0D   2210
     102    3780       0       0       0                        01010500D   2211
     102       0       0       1       0                               0D   2212
     102    3781       0       0       0                        01010000D   2213
     102       0       0       1       0                               0D   2214
     142    3782       0       0       0                        00010500D   2215
     142       0       0       1       0                               0D   2216
     144    3783       0       0       0                        00000000D   2217
     144       0      -1       1       0                               0D   2218
     110    3784       0       0       0                        01010000D   2219
     110       0       0       2       0                               0D   2220
     110    3786       0       0       0                        01010000D   2221
     110       0       0       2       0                               0D   2222
     120    3788       0       0       0                        01010000D   2223
     120       0       0       1       0                               0D   2224
     126    3789       0       0       0                        01010500D   2225
     126       0       0       2       0                               0D   2226
     110    3791       0       0       0                        01010000D   2227
     110       0       0       2       0                               0D   2228
     126    3793       0       0       0                        01010500D   2229
     126       0       0       2       0                               0D   2230
     100    3795       0       0       0                        01010000D   2231
     100       0       0       2       0                               0D   2232
     126    3797       0       0       0                        01010500D   2233
     126       0       0       2       0                               0D   2234
     110    3799       0       0       0                        01010000D   2235
     110       0       0       2       0                               0D   2236
     126    3801       0       0       0                        01010500D   2237
     126       0       0       2       0                               0D   2238
     124    3803       0       0       0                        00000000D   2239
     124       0       0       4       0                               0D   2240
     100    3807       0       0       0            2239        01010000D   2241
     100       0       0       2       0                               0D   2242
     102    3809       0       0       0                        01010500D   2243
     102       0       0       1       0                               0D   2244
     102    3810       0       0       0                        01010000D   2245
     102       0       0       1       0                               0D   2246
     142    3811       0       0       0                        00010500D   2247
     142       0       0       1       0                               0D   2248
     144    3812       0       0       0                        00000000D   2249
     144       0      -1       1       0                               0D   2250
     110    3813       0       0       0                        01010000D   2251
     110       0       0       2       0                               0D   2252
     110    3815       0       0       0                        01010000D   2253
     110       0       0       2       0                               0D   2254
     120    3817       0       0       0                        01010000D   2255
     120       0       0       1       0                               0D   2256
     126    3818       0       0       0                        01010500D   2257
     126       0       0       2       0                               0D   2258
     124    3820       0       0       0                        00000000D   2259
     124       0       0       5       0                               0D   2260
     100    3825       0       0       0            2259        01010000D   2261
     100       0       0       2       0                               0D   2262
     126    3827       0       0       0                        01010500D   2263
     126       0       0       2       0                               0D   2264
     110    3829       0       0       0                        01010000D   2265
     110       0       0       2       0                               0D   2266
     126    3831       0       0       0                        01010500D   2267
     126       0       0       2       0                               0D   2268
     100    3833       0       0       0                        01010000D   2269
     100       0       0       2       0                               0D   2270
     126    3835       0       0       0                        01010500D   2271
     126       0       0       2       0                               0D   2272
     110    3837       0       0       0                        01010000D   2273
     110       0       0       1       0                               0D   2274
     102    3838       0       0       0                        01010500D   2275
     102       0       0       1       0                               0D   2276
     102    3839       0       0       0                        01010000D   2277
     102       0       0       1       0                               0D   2278
     142    3840       0       0       0                        00010500D   2279
     142       0       0       1       0                               0D   2280
     144    3841       0       0       0                        00000000D   2281
     144       0      -1       1       0                               0D   2282
     110    3842       0       0       0                        01010000D   2283
     110       0       0       1       0                               0D   2284
     110    3843       0       0       0                        01010000D   2285
     110       0       0       1       0                               0D   2286
     120    3844       0       0       0                        01010000D   2287
     120       0       0       1       0                               0D   2288
     126    3845       0       0       0                        01010500D   2289
     126       0       0       2       0                               0D   2290
     110    3847       0       0       0                        01010000D   2291
     110       0       0       1       0                               0D   2292
     126    3848       0       0       0                        01010500D   2293
     126       0       0       2       0                               0D   2294
     100    3850       0       0       0                        01010000D   2295
     100       0       0       2       0                               0D   2296
     126    3852       0       0       0                        01010500D   2297
     126       0       0       2       0                               0D   2298
     110    3854       0       0       0                        01010000D   2299
     110       0       0       2       0                               0D   2300
     126    3856       0       0       0                        01010500D   2301
     126       0       0       2       0                               0D   2302
     124    3858       0       0       0                        00000000D   2303
     124       0       0       4       0                               0D   2304
     100    3862       0       0       0            2303        01010000D   2305
     100       0       0       1       0                               0D   2306
     102    3863       0       0       0                        01010500D   2307
     102       0       0       1       0                               0D   2308
     102    3864       0       0       0                        01010000D   2309
     102       0       0       1       0                               0D   2310
     142    3865       0       0       0                        00010500D   2311
     142       0       0       1       0                               0D   2312
     144    3866       0       0       0                        00000000D   2313
     144       0      -1       1       0                               0D   2314
     110    3867       0       0       0                        01010000D   2315
     110       0       0       2       0                               0D   2316
     110    3869       0       0       0                        01010000D   2317
     110       0       0       2       0                               0D   2318
     120    3871       0       0       0                        01010000D   2319
     120       0       0       1       0                               0D   2320
     126    3872       0       0       0                        01010500D   2321
     126       0       0       2       0                               0D   2322
     124    3874       0       0       0                        00000000D   2323
     124       0       0       5       0                               0D   2324
     100    3879       0       0       0            2323        01010000D   2325
     100       0       0       2       0                               0D   2326
     126    3881       0       0       0                        01010500D   2327
     126       0       0       2       0                               0D   2328
     110    3883       0       0       0                        01010000D   2329
     110       0       0       2       0                               0D   2330
     126    3885       0       0       0                        01010500D   2331
     126       0       0       2       0                               0D   2332
     100    3887       0       0       0                        01010000D   2333
     100       0       0       2       0                               0D   2334
     126    3889       0       0       0                        01010500D   2335
     126       0       0       2       0                               0D   2336
     110    3891       0       0       0                        01010000D   2337
     110       0       0       2       0                               0D   2338
     102    3893       0       0       0                        01010500D   2339
     102       0       0       1       0                               0D   2340
     102    3894       0       0       0                        01010000D   2341
     102       0       0       1       0                               0D   2342
     142    3895       0       0       0                        00010500D   2343
     142       0       0       1       0                               0D   2344
     144    3896       0       0       0                        00000000D   2345
     144       0      -1       1       0                               0D   2346
     110    3897       0       0       0                        01010000D   2347
     110       0       0       2       0                               0D   2348
     110    3899       0       0       0                        01010000D   2349
     110       0       0       1       0                               0D   2350
     120    3900       0       0       0                        01010000D   2351
     120       0       0       1       0                               0D   2352
     126    3901       0       0       0                        01010500D   2353
     126       0       0       2       0                               0D   2354
     100    3903       0       0       0                        01010000D   2355
     100       0       0       2       0                               0D   2356
     126    3905       0       0       0                        01010500D   2357
     126       0       0       2       0                               0D   2358
     110    3907       0       0       0                        01010000D   2359
     110       0       0       1       0                               0D   2360
     126    3908       0       0       0                        01010500D   2361
     126       0       0       2       0                               0D   2362
     124    3910       0       0       0                        00000000D   2363
     124       0       0       5       0                               0D   2364
     100    3915       0       0       0            2363        01010000D   2365
     100       0       0       2       0                               0D   2366
     126    3917       0       0       0                        01010500D   2367
     126       0       0       2       0                               0D   2368
     110    3919       0       0       0                        01010000D   2369
     110       0       0       1       0                               0D   2370
     102    3920       0       0       0                        01010500D   2371
     102       0       0       1       0                               0D   2372
     102    3921       0       0       0                        01010000D   2373
     102       0       0       1       0                               0D   2374
     142    3922       0       0       0                        00010500D   2375
     142       0       0       1       0                               0D   2376
     144    3923       0       0       0                        00000000D   2377
     144       0      -1       1       0                               0D   2378
     128    3924       0       0       0                        01010000D   2379
     128       0       0       4       0                               0D   2380
     126    3928       0       0       0                        01010500D   2381
     126       0       0       2       0                               0D   2382
     110    3930       0       0       0                        01010000D   2383
     110       0       0       2       0                               0D   2384
     126    3932       0       0       0                        01010500D   2385
     126       0       0       2       0                               0D   2386
     110    3934       0       0       0                        01010000D   2387
     110       0       0       2       0                               0D   2388
     126    3936       0       0       0                        01010500D   2389
     126       0       0       2       0                               0D   2390
     110    3938       0       0       0                        01010000D   2391
     110       0       0       2       0                               0D   2392
     126    3940       0       0       0                        01010500D   2393
     126       0       0       2       0                               0D   2394
     110    3942       0       0       0                        01010000D   2395
     110       0       0       2       0                               0D   2396
     102    3944       0       0       0                        01010500D   2397
     102       0       0       1       0                               0D   2398
     102    3945       0       0       0                        01010000D   2399
     102       0       0       1       0                               0D   2400
     142    3946       0       0       0                        00010500D   2401
     142       0       0       1       0                               0D   2402
     144    3947       0       0       0                        00000000D   2403
     144       0      -1       1       0                               0D   2404
     128    3948       0       0       0                        01010000D   2405
     128       0       0       4       0                               0D   2406
     126    3952       0       0       0                        01010500D   2407
     126       0       0       2       0                               0D   2408
     110    3954       0       0       0                        01010000D   2409
     110       0       0       1       0                               0D   2410
     126    3955       0       0       0                        01010500D   2411
     126       0       0       2       0                               0D   2412
     110    3957       0       0       0                        01010000D   2413
     110       0       0       1       0                               0D   2414
     126    3958       0       0       0                        01010500D   2415
     126       0       0       2       0                               0D   2416
     110    3960       0       0       0                        01010000D   2417
     110       0       0       2       0                               0D   2418
     126    3962       0       0       0                        01010500D   2419
     126       0       0       2       0                               0D   2420
     110    3964       0       0       0                        01010000D   2421
     110       0       0       1       0                               0D   2422
     102    3965       0       0       0                        01010500D   2423
     102       0       0       1       0                               0D   2424
     102    3966       0       0       0                        01010000D   2425
     102       0       0       1       0                               0D   2426
     142    3967       0       0       0                        00010500D   2427
     142       0       0       1       0                               0D   2428
     144    3968       0       0       0                        00000000D   2429
     144       0      -1       1       0                               0D   2430
     110    3969       0       0       0                        01010000D   2431
     110       0       0       2       0                               0D   2432
     110    3971       0       0       0                        01010000D   2433
     110       0       0       2       0                               0D   2434
     120    3973       0       0       0                        01010000D   2435
     120       0       0       1       0                               0D   2436
     126    3974       0       0       0                        01010500D   2437
     126       0       0       2       0                               0D   2438
     110    3976       0       0       0                        01010000D   2439
     110       0       0       2       0                               0D   2440
     126    3978       0       0       0                        01010500D   2441
     126       0       0       2       0                               0D   2442
     100    3980       0       0       0                        01010000D   2443
     100       0       0       2       0                               0D   2444
     126    3982       0       0       0                        01010500D   2445
     126       0       0       2       0                               0D   2446
     110    3984       0       0       0                        01010000D   2447
     110       0       0       2       0                               0D   2448
     126    3986       0       0       0                        01010500D   2449
     126       0       0       2       0                               0D   2450
     124    3988       0       0       0                        00000000D   2451
     124       0       0       4       0                               0D   2452
     100    3992       0       0       0            2451        01010000D   2453
     100       0       0       2       0                               0D   2454
     102    3994       0       0       0                        01010500D   2455
     102       0       0       1       0                               0D   2456
     102    3995       0       0       0                        01010000D   2457
     102       0       0       1       0                               0D   2458
     142    3996       0       0       0                        00010500D   2459
     142       0       0       1       0                               0D   2460
     144    3997       0       0       0                        00000000D   2461
     144       0      -1       1       0                               0D   2462
     110    3998       0       0       0                        01010000D   2463
     110       0       0       2       0                               0D   2464
     110    4000       0       0       0                        01010000D   2465
     110       0       0       1       0                               0D   2466
     120    4001       0       0       0                        01010000D   2467
     120       0       0       1       0                               0D   2468
     126    4002       0       0       0                        01010500D   2469
     126       0       0       2       0                               0D   2470
     110    4004       0       0       0                        01010000D   2471
     110       0       0       1       0                               0D   2472
     126    4005       0       0       0                        01010500D   2473
     126       0       0       2       0                               0D   2474
     124    4007       0       0       0                        00000000D   2475
     124       0       0       5       0                               0D   2476
     100    4012       0       0       0            2475        01010000D   2477
     100       0       0       2       0                               0D   2478
     126    4014       0       0       0                        01010500D   2479
     126       0       0       2       0                               0D   2480
     110    4016       0       0       0                        01010000D   2481
     110       0       0       1       0                               0D   2482
     126    4017       0       0       0                        01010500D   2483
     126       0       0       2       0                               0D   2484
     100    4019       0       0       0                        01010000D   2485
     100       0       0       2       0                               0D   2486
     102    4021       0       0       0                        01010500D   2487
     102       0       0       1       0                               0D   2488
     102    4022       0       0       0                        01010000D   2489
     102       0       0       1       0                               0D   2490
     142    4023       0       0       0                        00010500D   2491
     142       0       0       1       0                               0D   2492
     144    4024       0       0       0                        00000000D   2493
     144       0      -1       1       0                               0D   2494
     110    4025       0       0       0                        01010000D   2495
     110       0       0       1       0                               0D   2496
     110    4026       0       0       0                        01010000D   2497
     110       0       0       1       0                               0D   2498
     120    4027       0       0       0                        01010000D   2499
     120       0       0       1       0                               0D   2500
     126    4028       0       0       0                        01010500D   2501
     126       0       0       2       0                               0D   2502
     110    4030       0       0       0                        01010000D   2503
     110       0       0       2       0                               0D   2504
     126    4032       0       0       0                        01010500D   2505
     126       0       0       2       0                               0D   2506
     100    4034       0       0       0                        01010000D   2507
     100       0       0       2       0                               0D   2508
     126    4036       0       0       0                        01010500D   2509
     126       0       0       2       0                               0D   2510
     110    4038       0       0       0                        01010000D   2511
     110       0       0       2       0                               0D   2512
     126    4040       0       0       0                        01010500D   2513
     126       0       0       2       0                               0D   2514
     124    4042       0       0       0                        00000000D   2515
     124       0       0       4       0                               0D   2516
     100    4046       0       0       0            2515        01010000D   2517
     100       0       0       1       0                               0D   2518
     126    4047       0       0       0                        01010500D   2519
     126       0       0       2       0                               0D   2520
     124    4049       0       0       0                        00000000D   2521
     124       0       0       4       0                               0D   2522
     100    4053       0       0       0            2521        01010000D   2523
     100       0       0       1       0                               0D   2524
     102    4054       0       0       0                        01010500D   2525
     102       0       0       1       0                               0D   2526
     102    4055       0       0       0                        01010000D   2527
     102       0       0       1       0                               0D   2528
     142    4056       0       0       0                        00010500D   2529
     142       0       0       1       0                               0D   2530
     144    4057       0       0       0                        00000000D   2531
     144       0      -1       1       0                               0D   2532
     110    4058       0       0       0                        01010000D   2533
     110       0       0       1       0                               0D   2534
     110    4059       0       0       0                        01010000D   2535
     110       0       0       1       0                               0D   2536
     120    4060       0       0       0                        01010000D   2537
     120       0       0       1       0                               0D   2538
     126    4061       0       0       0                        01010500D   2539
     126       0       0       2       0                               0D   2540
     110    4063       0       0       0                        01010000D   2541
     110       0       0       1       0                               0D   2542
     126    4064       0       0       0                        01010500D   2543
     126       0       0       2       0                               0D   2544
     100    4066       0       0       0                        01010000D   2545
     100       0       0       1       0                               0D   2546
     126    4067       0       0       0                        01010500D   2547
     126       0       0       2       0                               0D   2548
     110    4069       0       0       0                        01010000D   2549
     110       0       0       1       0                               0D   2550
     126    4070       0       0       0                        01010500D   2551
     126       0       0       2       0                               0D   2552
     124    4072       0       0       0                        00000000D   2553
     124       0       0       4       0                               0D   2554
     100    4076       0       0       0            2553        01010000D   2555
     100       0       0       1       0                               0D   2556
     102    4077       0       0       0                        01010500D   2557
     102       0       0       1       0                               0D   2558
     102    4078       0       0       0                        01010000D   2559
     102       0       0       1       0                               0D   2560
     142    4079       0       0       0                        00010500D   2561
     142       0       0       1       0                               0D   2562
     144    4080       0       0       0                        00000000D   2563
     144       0      -1       1       0                               0D   2564
     110    4081       0       0       0                        01010000D   2565
     110       0       0       2       0                               0D   2566
     110    4083       0       0       0                        01010000D   2567
     110       0       0       2       0                               0D   2568
     120    4085       0       0       0                        01010000D   2569
     120       0       0       1       0                               0D   2570
     126    4086       0       0       0                        01010500D   2571
     126       0       0       2       0                               0D   2572
     110    4088       0       0       0                        01010000D   2573
     110       0       0       2       0                               0D   2574
     126    4090       0       0       0                        01010500D   2575
     126       0       0       2       0                               0D   2576
     100    4092       0       0       0                        01010000D   2577
     100       0       0       2       0                               0D   2578
     126    4094       0       0       0                        01010500D   2579
     126       0       0       2       0                               0D   2580
     110    4096       0       0       0                        01010000D   2581
     110       0       0       2       0                               0D   2582
     126    4098       0       0       0                        01010500D   2583
     126       0       0       2       0                               0D   2584
     124    4100       0       0       0                        00000000D   2585
     124       0       0       5       0                               0D   2586
     100    4105       0       0       0            2585        01010000D   2587
     100       0       0       2       0                               0D   2588
     102    4107       0       0       0                        01010500D   2589
     102       0       0       1       0                               0D   2590
     102    4108       0       0       0                        01010000D   2591
     102       0       0       1       0                               0D   2592
     142    4109       0       0       0                        00010500D   2593
     142       0       0       1       0                               0D   2594
     144    4110       0       0       0                        00000000D   2595
     144       0      -1       1       0                               0D   2596
     110    4111       0       0       0                        01010000D   2597
     110       0       0       2       0                               0D   2598
     110    4113       0       0       0                        01010000D   2599
     110       0       0       2       0                               0D   2600
     120    4115       0       0       0                        01010000D   2601
     120       0       0       1       0                               0D   2602
     126    4116       0       0       0                        01010500D   2603
     126       0       0       2       0                               0D   2604
     110    4118       0       0       0                        01010000D   2605
     110       0       0       2       0                               0D   2606
     126    4120       0       0       0                        01010500D   2607
     126       0       0       2       0                               0D   2608
     124    4122       0       0       0                        00000000D   2609
     124       0       0       5       0                               0D   2610
     100    4127       0       0       0            2609        01010000D   2611
     100       0       0       2       0                               0D   2612
     126    4129       0       0       0                        01010500D   2613
     126       0       0       2       0                               0D   2614
     110    4131       0       0       0                        01010000D   2615
     110       0       0       2       0                               0D   2616
     126    4133       0       0       0                        01010500D   2617
     126       0       0       2       0                               0D   2618
     100    4135       0       0       0                        01010000D   2619
     100       0       0       2       0                               0D   2620
     102    4137       0       0       0                        01010500D   2621
     102       0       0       1       0                               0D   2622
     102    4138       0       0       0                        01010000D   2623
     102       0       0       1       0                               0D   2624
     142    4139       0       0       0                        00010500D   2625
     142       0       0       1       0                               0D   2626
     144    4140       0       0       0                        00000000D   2627
     144       0      -1       1       0                               0D   2628
     128    4141       0       0       0                        01010000D   2629
     128       0       0       4       0                               0D   2630
     126    4145       0       0       0                        01010500D   2631
     126       0       0       2       0                               0D   2632
     110    4147       0       0       0                        01010000D   2633
     110       0       0       2       0                               0D   2634
     126    4149       0       0       0                        01010500D   2635
     126       0       0       2       0                               0D   2636
     110    4151       0       0       0                        01010000D   2637
     110       0       0       2       0                               0D   2638
     126    4153       0       0       0                        01010500D   2639
     126       0       0       2       0                               0D   2640
     110    4155       0       0       0                        01010000D   2641
     110       0       0       2       0                               0D   2642
     126    4157       0       0       0                        01010500D   2643
     126       0       0       2       0                               0D   2644
     110    4159       0       0       0                        01010000D   2645
     110       0       0       2       0                               0D   2646
     102    4161       0       0       0                        01010500D   2647
     102       0       0       1       0                               0D   2648
     102    4162       0       0       0                        01010000D   2649
     102       0       0       1       0                               0D   2650
     142    4163       0       0       0                        00010500D   2651
     142       0       0       1       0                               0D   2652
     144    4164       0       0       0                        00000000D   2653
     144       0      -1       1       0                               0D   2654
     128    4165       0       0       0                        01010000D   2655
     128       0       0       4       0                               0D   2656
     126    4169       0       0       0                        01010500D   2657
     126       0       0       2       0                               0D   2658
     110    4171       0       0       0                        01010000D   2659
     110       0       0       2       0                               0D   2660
     126    4173       0       0       0                        01010500D   2661
     126       0       0       2       0                               0D   2662
     110    4175       0       0       0                        01010000D   2663
     110       0       0       2       0                               0D   2664
     126    4177       0       0       0                        01010500D   2665
     126       0       0       2       0                               0D   2666
     110    4179       0       0       0                        01010000D   2667
     110       0       0       2       0                               0D   2668
     126    4181       0       0       0                        01010500D   2669
     126       0       0       2       0                               0D   2670
     110    4183       0       0       0                        01010000D   2671
     110       0       0       2       0                               0D   2672
     102    4185       0       0       0                        01010500D   2673
     102       0       0       1       0                               0D   2674
     102    4186       0       0       0                        01010000D   2675
     102       0       0       1       0                               0D   2676
     142    4187       0       0       0                        00010500D   2677
     142       0       0       1       0                               0D   2678
     144    4188       0       0       0                        00000000D   2679
     144       0      -1       1       0                               0D   2680
     110    4189       0       0       0                        01010000D   2681
     110       0       0       2       0                               0D   2682
     110    4191       0       0       0                        01010000D   2683
     110       0       0       2       0                               0D   2684
     120    4193       0       0       0                        01010000D   2685
     120       0       0       1       0                               0D   2686
     126    4194       0       0       0                        01010500D   2687
     126       0       0       2       0                               0D   2688
     124    4196       0       0       0                        00000000D   2689
     124       0       0       4       0                               0D   2690
     100    4200       0       0       0            2689        01010000D   2691
     100       0       0       2       0                               0D   2692
     126    4202       0       0       0                        01010500D   2693
     126       0       0       2       0                               0D   2694
     110    4204       0       0       0                        01010000D   2695
     110       0       0       2       0                               0D   2696
     126    4206       0       0       0                        01010500D   2697
     126       0       0       2       0                               0D   2698
     100    4208       0       0       0                        01010000D   2699
     100       0       0       2       0                               0D   2700
     126    4210       0       0       0                        01010500D   2701
     126       0       0       2       0                               0D   2702
     110    4212       0       0       0                        01010000D   2703
     110       0       0       2       0                               0D   2704
     102    4214       0       0       0                        01010500D   2705
     102       0       0       1       0                               0D   2706
     102    4215       0       0       0                        01010000D   2707
     102       0       0       1       0                               0D   2708
     142    4216       0       0       0                        00010500D   2709
     142       0       0       1       0                               0D   2710
     144    4217       0       0       0                        00000000D   2711
     144       0      -1       1       0                               0D   2712
     110    4218       0       0       0                        01010000D   2713
     110       0       0       2       0                               0D   2714
     110    4220       0       0       0                        01010000D   2715
     110       0       0       2       0                               0D   2716
     120    4222       0       0       0                        01010000D   2717
     120       0       0       1       0                               0D   2718
     126    4223       0       0       0                        01010500D   2719
     126       0       0       2       0                               0D   2720
     100    4225       0       0       0                        01010000D   2721
     100       0       0       2       0                               0D   2722
     126    4227       0       0       0                        01010500D   2723
     126       0       0       2       0                               0D   2724
     110    4229       0       0       0                        01010000D   2725
     110       0       0       2       0                               0D   2726
     126    4231       0       0       0                        01010500D   2727
     126       0       0       2       0                               0D   2728
     124    4233       0       0       0                        00000000D   2729
     124       0       0       4       0                               0D   2730
     100    4237       0       0       0            2729        01010000D   2731
     100       0       0       2       0                               0D   2732
     126    4239       0       0       0                        01010500D   2733
     126       0       0       2       0                               0D   2734
     110    4241       0       0       0                        01010000D   2735
     110       0       0       2       0                               0D   2736
     102    4243       0       0       0                        01010500D   2737
     102       0       0       1       0                               0D   2738
     102    4244       0       0       0                        01010000D   2739
     102       0       0       1       0                               0D   2740
     142    4245       0       0       0                        00010500D   2741
     142       0       0       1       0                               0D   2742
     144    4246       0       0       0                        00000000D   2743
     144       0      -1       1       0                               0D   2744
     110    4247       0       0       0                        01010000D   2745
     110       0       0       1       0                               0D   2746
     110    4248       0       0       0                        01010000D   2747
     110       0       0       1       0                               0D   2748
     120    4249       0       0       0                        01010000D   2749
     120       0       0       1       0                               0D   2750
     126    4250       0       0       0                        01010500D   2751
     126       0       0       2       0                               0D   2752
     110    4252       0       0       0                        01010000D   2753
     110       0       0       2       0                               0D   2754
     126    4254       0       0       0                        01010500D   2755
     126       0       0       2       0                               0D   2756
     100    4256       0       0       0                        01010000D   2757
     100       0       0       2       0                               0D   2758
     126    4258       0       0       0                        01010500D   2759
     126       0       0       2       0                               0D   2760
     110    4260       0       0       0                        01010000D   2761
     110       0       0       2       0                               0D   2762
     126    4262       0       0       0                        01010500D   2763
     126       0       0       2       0                               0D   2764
     124    4264       0       0       0                        00000000D   2765
     124       0       0       5       0                               0D   2766
     100    4269       0       0       0            2765        01010000D   2767
     100       0       0       1       0                               0D   2768
     102    4270       0       0       0                        01010500D   2769
     102       0       0       1       0                               0D   2770
     102    4271       0       0       0                        01010000D   2771
     102       0       0       1       0                               0D   2772
     142    4272       0       0       0                        00010500D   2773
     142       0       0       1       0                               0D   2774
     144    4273       0       0       0                        00000000D   2775
     144       0      -1       1       0                               0D   2776
     110    4274       0       0       0                        01010000D   2777
     110       0       0       1       0                               0D   2778
     110    4275       0       0       0                        01010000D   2779
     110       0       0       1       0                               0D   2780
     120    4276       0       0       0                        01010000D   2781
     120       0       0       1       0                               0D   2782
     126    4277       0       0       0                        01010500D   2783
     126       0       0       2       0                               0D   2784
     124    4279       0       0       0                        00000000D   2785
     124       0       0       3       0                               0D   2786
     100    4282       0       0       0            2785        01010000D   2787
     100       0       0       1       0                               0D   2788
     126    4283       0       0       0                        01010500D   2789
     126       0       0       2       0                               0D   2790
     110    4285       0       0       0                        01010000D   2791
     110       0       0       1       0                               0D   2792
     126    4286       0       0       0                        01010500D   2793
     126       0       0       2       0                               0D   2794
     100    4288       0       0       0                        01010000D   2795
     100       0       0       1       0                               0D   2796
     126    4289       0       0       0                        01010500D   2797
     126       0       0       2       0                               0D   2798
     110    4291       0       0       0                        01010000D   2799
     110       0       0       1       0                               0D   2800
     102    4292       0       0       0                        01010500D   2801
     102       0       0       1       0                               0D   2802
     102    4293       0       0       0                        01010000D   2803
     102       0       0       1       0                               0D   2804
     142    4294       0       0       0                        00010500D   2805
     142       0       0       1       0                               0D   2806
     144    4295       0       0       0                        00000000D   2807
     144       0      -1       1       0                               0D   2808
     110    4296       0       0       0                        01010000D   2809
     110       0       0       2       0                               0D   2810
     110    4298       0       0       0                        01010000D   2811
     110       0       0       1       0                               0D   2812
     120    4299       0       0       0                        01010000D   2813
     120       0       0       1       0                               0D   2814
     126    4300       0       0       0                        01010500D   2815
     126       0       0       2       0                               0D   2816
     124    4302       0       0       0                        00000000D   2817
     124       0       0       4       0                               0D   2818
     100    4306       0       0       0            2817        01010000D   2819
     100       0       0       2       0                               0D   2820
     126    4308       0       0       0                        01010500D   2821
     126       0       0       2       0                               0D   2822
     110    4310       0       0       0                        01010000D   2823
     110       0       0       1       0                               0D   2824
     126    4311       0       0       0                        01010500D   2825
     126       0       0       2       0                               0D   2826
     100    4313       0       0       0                        01010000D   2827
     100       0       0       2       0                               0D   2828
     126    4315       0       0       0                        01010500D   2829
     126       0       0       2       0                               0D   2830
     110    4317       0       0       0                        01010000D   2831
     110       0       0       1       0                               0D   2832
     102    4318       0       0       0                        01010500D   2833
     102       0       0       1       0                               0D   2834
     102    4319       0       0       0                        01010000D   2835
     102       0       0       1       0                               0D   2836
     142    4320       0       0       0                        00010500D   2837
     142       0       0       1       0                               0D   2838
     144    4321       0       0       0                        00000000D   2839
     144       0      -1       1       0                               0D   2840
     110    4322       0       0       0                        01010000D   2841
     110       0       0       2       0                               0D   2842
     110    4324       0       0       0                        01010000D   2843
     110       0       0       1       0                               0D   2844
     120    4325       0       0       0                        01010000D   2845
     120       0       0       1       0                               0D   2846
     126    4326       0       0       0                        01010500D   2847
     126       0       0       2       0                               0D   2848
     124    4328       0       0       0                        00000000D   2849
     124       0       0       4       0                               0D   2850
     100    4332       0       0       0            2849        01010000D   2851
     100       0       0       2       0                               0D   2852
     126    4334       0       0       0                        01010500D   2853
     126       0       0       2       0                               0D   2854
     110    4336       0       0       0                        01010000D   2855
     110       0       0       1       0                               0D   2856
     126    4337       0       0       0                        01010500D   2857
     126       0       0       2       0                               0D   2858
     100    4339       0       0       0                        01010000D   2859
     100       0       0       2       0                               0D   2860
     126    4341       0       0       0                        01010500D   2861
     126       0       0       2       0                               0D   2862
     110    4343       0       0       0                        01010000D   2863
     110       0       0       1       0                               0D   2864
     102    4344       0       0       0                        01010500D   2865
     102       0       0       1       0                               0D   2866
     102    4345       0       0       0                        01010000D   2867
     102       0       0       1       0                               0D   2868
     142    4346       0       0       0                        00010500D   2869
     142       0       0       1       0                               0D   2870
     144    4347       0       0       0                        00000000D   2871
     144       0      -1       1       0                               0D   2872
     110    4348       0       0       0                        01010000D   2873
     110       0       0       2       0                               0D   2874
     110    4350       0       0       0                        01010000D   2875
     110       0       0       1       0                               0D   2876
     120    4351       0       0       0                        01010000D   2877
     120       0       0       1       0                               0D   2878
     126    4352       0       0       0                        01010500D   2879
     126       0       0       2       0                               0D   2880
     124    4354       0       0       0                        00000000D   2881
     124       0       0       4       0                               0D   2882
     100    4358       0       0       0            2881        01010000D   2883
     100       0       0       2       0                               0D   2884
     126    4360       0       0       0                        01010500D   2885
     126       0       0       2       0                               0D   2886
     110    4362       0       0       0                        01010000D   2887
     110       0       0       1       0                               0D   2888
     126    4363       0       0       0                        01010500D   2889
     126       0       0       2       0                               0D   2890
     100    4365       0       0       0                        01010000D   2891
     100       0       0       2       0                               0D   2892
     126    4367       0       0       0                        01010500D   2893
     126       0       0       2       0                               0D   2894
     110    4369       0       0       0                        01010000D   2895
     110       0       0       2       0                               0D   2896
     102    4371       0       0       0                        01010500D   2897
     102       0       0       1       0                               0D   2898
     102    4372       0       0       0                        01010000D   2899
     102       0       0       1       0                               0D   2900
     142    4373       0       0       0                        00010500D   2901
     142       0       0       1       0                               0D   2902
     144    4374       0       0       0                        00000000D   2903
     144       0      -1       1       0                               0D   2904
     110    4375       0       0       0                        01010000D   2905
     110       0       0       2       0                               0D   2906
     110    4377       0       0       0                        01010000D   2907
     110       0       0       2       0                               0D   2908
     120    4379       0       0       0                        01010000D   2909
     120       0       0       1       0                               0D   2910
     126    4380       0       0       0                        01010500D   2911
     126       0       0       2       0                               0D   2912
     124    4382       0       0       0                        00000000D   2913
     124       0       0       4       0                               0D   2914
     100    4386       0       0       0            2913        01010000D   2915
     100       0       0       2       0                               0D   2916
     126    4388       0       0       0                        01010500D   2917
     126       0       0       2       0                               0D   2918
     110    4390       0       0       0                        01010000D   2919
     110       0       0       2       0                               0D   2920
     126    4392       0       0       0                        01010500D   2921
     126       0       0       2       0                               0D   2922
     100    4394       0       0       0                        01010000D   2923
     100       0       0       2       0                               0D   2924
     126    4396       0       0       0                        01010500D   2925
     126       0       0       2       0                               0D   2926
     110    4398       0       0       0                        01010000D   2927
     110       0       0       2       0                               0D   2928
     102    4400       0       0       0                        01010500D   2929
     102       0       0       1       0                               0D   2930
     102    4401       0       0       0                        01010000D   2931
     102       0       0       1       0                               0D   2932
     142    4402       0       0       0                        00010500D   2933
     142       0       0       1       0                               0D   2934
     144    4403       0       0       0                        00000000D   2935
     144       0      -1       1       0                               0D   2936
     110    4404       0       0       0                        01010000D   2937
     110       0       0       1       0                               0D   2938
     110    4405       0       0       0                        01010000D   2939
     110       0       0       1       0                               0D   2940
     120    4406       0       0       0                        01010000D   2941
     120       0       0       1       0                               0D   2942
     126    4407       0       0       0                        01010500D   2943
     126       0       0       2       0                               0D   2944
     124    4409       0       0       0                        00000000D   2945
     124       0       0       3       0                               0D   2946
     100    4412       0       0       0            2945        01010000D   2947
     100       0       0       1       0                               0D   2948
     126    4413       0       0       0                        01010500D   2949
     126       0       0       2       0                               0D   2950
     110    4415       0       0       0                        01010000D   2951
     110       0       0       1       0                               0D   2952
     126    4416       0       0       0                        01010500D   2953
     126       0       0       2       0                               0D   2954
     100    4418       0       0       0                        01010000D   2955
     100       0       0       1       0                               0D   2956
     126    4419       0       0       0                        01010500D   2957
     126       0       0       2       0                               0D   2958
     110    4421       0       0       0                        01010000D   2959
     110       0       0       1       0                               0D   2960
     102    4422       0       0       0                        01010500D   2961
     102       0       0       1       0                               0D   2962
     102    4423       0       0       0                        01010000D   2963
     102       0       0       1       0                               0D   2964
     142    4424       0       0       0                        00010500D   2965
     142       0       0       1       0                               0D   2966
     144    4425       0       0       0                        00000000D   2967
     144       0      -1       1       0                               0D   2968
     110    4426       0       0       0                        01010000D   2969
     110       0       0       2       0                               0D   2970
     110    4428       0       0       0                        01010000D   2971
     110       0       0       2       0                               0D   2972
     120    4430       0       0       0                        01010000D   2973
     120       0       0       1       0                               0D   2974
     126    4431       0       0       0                        01010500D   2975
     126       0       0       2       0                               0D   2976
     124    4433       0       0       0                        00000000D   2977
     124       0       0       4       0                               0D   2978
     100    4437       0       0       0            2977        01010000D   2979
     100       0       0       2       0                               0D   2980
     126    4439       0       0       0                        01010500D   2981
     126       0       0       2       0                               0D   2982
     110    4441       0       0       0                        01010000D   2983
     110       0       0       2       0                               0D   2984
     126    4443       0       0       0                        01010500D   2985
     126       0       0       2       0                               0D   2986
     100    4445       0       0       0                        01010000D   2987
     100       0       0       2       0                               0D   2988
     126    4447       0       0       0                        01010500D   2989
     126       0       0       2       0                               0D   2990
     110    4449       0       0       0                        01010000D   2991
     110       0       0       2       0                               0D   2992
     102    4451       0       0       0                        01010500D   2993
     102       0       0       1       0                               0D   2994
     102    4452       0       0       0                        01010000D   2995
     102       0       0       1       0                               0D   2996
     142    4453       0       0       0                        00010500D   2997
     142       0       0       1       0                               0D   2998
     144    4454       0       0       0                        00000000D   2999
     144       0      -1       1       0                               0D   3000
     110    4455       0       0       0                        01010000D   3001
     110       0       0       2       0                               0D   3002
     110    4457       0       0       0                        01010000D   3003
     110       0       0       2       0                               0D   3004
     120    4459       0       0       0                        01010000D   3005
     120       0       0       1       0                               0D   3006
     126    4460       0       0       0                        01010500D   3007
     126       0       0       2       0                               0D   3008
     124    4462       0       0       0                        00000000D   3009
     124       0       0       4       0                               0D   3010
     100    4466       0       0       0            3009        01010000D   3011
     100       0       0       2       0                               0D   3012
     126    4468       0       0       0                        01010500D   3013
     126       0       0       2       0                               0D   3014
     110    4470       0       0       0                        01010000D   3015
     110       0       0       2       0                               0D   3016
     126    4472       0       0       0                        01010500D   3017
     126       0       0       2       0                               0D   3018
     100    4474       0       0       0                        01010000D   3019
     100       0       0       2       0                               0D   3020
     126    4476       0       0       0                        01010500D   3021
     126       0       0       2       0                               0D   3022
     110    4478       0       0       0                        01010000D   3023
     110       0       0       2       0                               0D   3024
     102    4480       0       0       0                        01010500D   3025
     102       0       0       1       0                               0D   3026
     102    4481       0       0       0                        01010000D   3027
     102       0       0       1       0                               0D   3028
     142    4482       0       0       0                        00010500D   3029
     142       0       0       1       0                               0D   3030
     144    4483       0       0       0                        00000000D   3031
     144       0      -1       1       0                               0D   3032
     110    4484       0       0       0                        01010000D   3033
     110       0       0       2       0                               0D   3034
     110    4486       0       0       0                        01010000D   3035
     110       0       0       2       0                               0D   3036
     120    4488       0       0       0                        01010000D   3037
     120       0       0       1       0                               0D   3038
     126    4489       0       0       0                        01010500D   3039
     126       0       0       2       0                               0D   3040
     124    4491       0       0       0                        00000000D   3041
     124       0       0       4       0                               0D   3042
     100    4495       0       0       0            3041        01010000D   3043
     100       0       0       2       0                               0D   3044
     126    4497       0       0       0                        01010500D   3045
     126       0       0       2       0                               0D   3046
     110    4499       0       0       0                        01010000D   3047
     110       0       0       2       0                               0D   3048
     126    4501       0       0       0                        01010500D   3049
     126       0       0       2       0                               0D   3050
     100    4503       0       0       0                        01010000D   3051
     100       0       0       2       0                               0D   3052
     126    4505       0       0       0                        01010500D   3053
     126       0       0       2       0                               0D   3054
     110    4507       0       0       0                        01010000D   3055
     110       0       0       1       0                               0D   3056
     102    4508       0       0       0                        01010500D   3057
     102       0       0       1       0                               0D   3058
     102    4509       0       0       0                        01010000D   3059
     102       0       0       1       0                               0D   3060
     142    4510       0       0       0                        00010500D   3061
     142       0       0       1       0                               0D   3062
     144    4511       0       0       0                        00000000D   3063
     144       0      -1       1       0                               0D   3064
     110    4512       0       0       0                        01010000D   3065
     110       0       0       2       0                               0D   3066
     110    4514       0       0       0                        01010000D   3067
     110       0       0       2       0                               0D   3068
     120    4516       0       0       0                        01010000D   3069
     120       0       0       1       0                               0D   3070
     126    4517       0       0       0                        01010500D   3071
     126       0       0       2       0                               0D   3072
     124    4519       0       0       0                        00000000D   3073
     124       0       0       4       0                               0D   3074
     100    4523       0       0       0            3073        01010000D   3075
     100       0       0       2       0                               0D   3076
     126    4525       0       0       0                        01010500D   3077
     126       0       0       2       0                               0D   3078
     110    4527       0       0       0                        01010000D   3079
     110       0       0       2       0                               0D   3080
     126    4529       0       0       0                        01010500D   3081
     126       0       0       2       0                               0D   3082
     100    4531       0       0       0                        01010000D   3083
     100       0       0       2       0                               0D   3084
     126    4533       0       0       0                        01010500D   3085
     126       0       0       2       0                               0D   3086
     110    4535       0       0       0                        01010000D   3087
     110       0       0       2       0                               0D   3088
     102    4537       0       0       0                        01010500D   3089
     102       0       0       1       0                               0D   3090
     102    4538       0       0       0                        01010000D   3091
     102       0       0       1       0                               0D   3092
     142    4539       0       0       0                        00010500D   3093
     142       0       0       1       0                               0D   3094
     144    4540       0       0       0                        00000000D   3095
     144       0      -1       1       0                               0D   3096
     110    4541       0       0       0                        01010000D   3097
     110       0       0       2       0                               0D   3098
     110    4543       0       0       0                        01010000D   3099
     110       0       0       1       0                               0D   3100
     120    4544       0       0       0                        01010000D   3101
     120       0       0       1       0                               0D   3102
     126    4545       0       0       0                        01010500D   3103
     126       0       0       2       0                               0D   3104
     124    4547       0       0       0                        00000000D   3105
     124       0       0       4       0                               0D   3106
     100    4551       0       0       0            3105        01010000D   3107
     100       0       0       2       0                               0D   3108
     126    4553       0       0       0                        01010500D   3109
     126       0       0       2       0                               0D   3110
     110    4555       0       0       0                        01010000D   3111
     110       0       0       1       0                               0D   3112
     126    4556       0       0       0                        01010500D   3113
     126       0       0       2       0                               0D   3114
     100    4558       0       0       0                        01010000D   3115
     100       0       0       2       0                               0D   3116
     126    4560       0       0       0                        01010500D   3117
     126       0       0       2       0                               0D   3118
     110    4562       0       0       0                        01010000D   3119
     110       0       0       2       0                               0D   3120
     102    4564       0       0       0                        01010500D   3121
     102       0       0       1       0                               0D   3122
     102    4565       0       0       0                        01010000D   3123
     102       0       0       1       0                               0D   3124
     142    4566       0       0       0                        00010500D   3125
     142       0       0       1       0                               0D   3126
     144    4567       0       0       0                        00000000D   3127
     144       0      -1       1       0                               0D   3128
     110    4568       0       0       0                        01010000D   3129
     110       0       0       2       0                               0D   3130
     110    4570       0       0       0                        01010000D   3131
     110       0       0       2       0                               0D   3132
     120    4572       0       0       0                        01010000D   3133
     120       0       0       1       0                               0D   3134
     126    4573       0       0       0                        01010500D   3135
     126       0       0       2       0                               0D   3136
     124    4575       0       0       0                        00000000D   3137
     124       0       0       4       0                               0D   3138
     100    4579       0       0       0            3137        01010000D   3139
     100       0       0       2       0                               0D   3140
     126    4581       0       0       0                        01010500D   3141
     126       0       0       2       0                               0D   3142
     110    4583       0       0       0                        01010000D   3143
     110       0       0       2       0                               0D   3144
     126    4585       0       0       0                        01010500D   3145
     126       0       0       2       0                               0D   3146
     100    4587       0       0       0                        01010000D   3147
     100       0       0       2       0                               0D   3148
     126    4589       0       0       0                        01010500D   3149
     126       0       0       2       0                               0D   3150
     110    4591       0       0       0                        01010000D   3151
     110       0       0       2       0                               0D   3152
     102    4593       0       0       0                        01010500D   3153
     102       0       0       1       0                               0D   3154
     102    4594       0       0       0                        01010000D   3155
     102       0       0       1       0                               0D   3156
     142    4595       0       0       0                        00010500D   3157
     142       0       0       1       0                               0D   3158
     144    4596       0       0       0                        00000000D   3159
     144       0      -1       1       0                               0D   3160
     110    4597       0       0       0                        01010000D   3161
     110       0       0       2       0                               0D   3162
     110    4599       0       0       0                        01010000D   3163
     110       0       0       2       0                               0D   3164
     120    4601       0       0       0                        01010000D   3165
     120       0       0       1       0                               0D   3166
     126    4602       0       0       0                        01010500D   3167
     126       0       0       2       0                               0D   3168
     124    4604       0       0       0                        00000000D   3169
     124       0       0       4       0                               0D   3170
     100    4608       0       0       0            3169        01010000D   3171
     100       0       0       2       0                               0D   3172
     126    4610       0       0       0                        01010500D   3173
     126       0       0       2       0                               0D   3174
     110    4612       0       0       0                        01010000D   3175
     110       0       0       2       0                               0D   3176
     126    4614       0       0       0                        01010500D   3177
     126       0       0       2       0                               0D   3178
     100    4616       0       0       0                        01010000D   3179
     100       0       0       2       0                               0D   3180
     126    4618       0       0       0                        01010500D   3181
     126       0       0       2       0                               0D   3182
     110    4620       0       0       0                        01010000D   3183
     110       0       0       1       0                               0D   3184
     102    4621       0       0       0                        01010500D   3185
     102       0       0       1       0                               0D   3186
     102    4622       0       0       0                        01010000D   3187
     102       0       0       1       0                               0D   3188
     142    4623       0       0       0                        00010500D   3189
     142       0       0       1       0                               0D   3190
     144    4624       0       0       0                        00000000D   3191
     144       0      -1       1       0                               0D   3192
     110    4625       0       0       0                        01010000D   3193
     110       0       0       2       0                               0D   3194
     110    4627       0       0       0                        01010000D   3195
     110       0       0       1       0                               0D   3196
     120    4628       0       0       0                        01010000D   3197
     120       0       0       1       0                               0D   3198
     126    4629       0       0       0                        01010500D   3199
     126       0       0       2       0                               0D   3200
     124    4631       0       0       0                        00000000D   3201
     124       0       0       4       0                               0D   3202
     100    4635       0       0       0            3201        01010000D   3203
     100       0       0       2       0                               0D   3204
     126    4637       0       0       0                        01010500D   3205
     126       0       0       2       0                               0D   3206
     110    4639       0       0       0                        01010000D   3207
     110       0       0       1       0                               0D   3208
     126    4640       0       0       0                        01010500D   3209
     126       0       0       2       0                               0D   3210
     100    4642       0       0       0                        01010000D   3211
     100       0       0       2       0                               0D   3212
     126    4644       0       0       0                        01010500D   3213
     126       0       0       2       0                               0D   3214
     110    4646       0       0       0                        01010000D   3215
     110       0       0       1       0                               0D   3216
     102    4647       0       0       0                        01010500D   3217
     102       0       0       1       0                               0D   3218
     102    4648       0       0       0                        01010000D   3219
     102       0       0       1       0                               0D   3220
     142    4649       0       0       0                        00010500D   3221
     142       0       0       1       0                               0D   3222
     144    4650       0       0       0                        00000000D   3223
     144       0      -1       1       0                               0D   3224
314,29.4117647058824,29.4117647058824,29.4117647058824,;               1P      1
110,10.005560954,10.005560954,-4.,10.005560954,10.005560954,           3P      2
996.;                                                                  3P      3
110,15.105560954,10.005560954,0.,15.105560954,10.005560954,6.;         5P      4
120,3,5,0.,6.28318530717959;                                           7P      5
126,1,1,1,0,1,0,0.,0.,1.,1.,1.,1.,0.,6.283185307,0.,1.,                9P      6
6.283185307,0.,0.,1.,0.,0.,1.;                                         9P      7
110,15.105560954,10.005560954,0.,15.105560954,10.005560954,6.;        11P      8
126,1,1,1,0,1,0,0.,0.,1.,1.,1.,1.,1.,6.283185307,0.,1.,               13P      9
3.141592654,0.,0.,1.,0.,0.,1.;                                        13P     10
124,1.,-7.105427357601E-015,0.,7.10639105433557E-014,                 15P     11
-7.105427357601E-015,-1.,6.98296267768627E-015,                       15P     12
20.0111219075795,-4.96169340471387E-029,-6.98296267768627E-015,       15P     13
-1.,12.0000000000001;                                                 15P     14
100,6.,10.005560954,10.005560954,15.105560954,10.005560954,           17P     15
4.905560954,10.005560954;                                             17P     16
126,1,1,1,0,1,0,0.,0.,1.,1.,1.,1.,1.,3.141592654,0.,0.,               19P     17
3.141592654,0.,0.,1.,0.,0.,1.;                                        19P     18
110,4.905560954,10.005560954,6.,4.905560954,10.005560954,0.;          21P     19
126,1,1,1,0,1,0,0.,0.,1.,1.,1.,1.,0.,3.141592654,0.,0.,               23P     20
6.283185307,0.,0.,1.,0.,0.,1.;                                        23P     21
100,0.,10.005560954,10.005560954,4.905560954,10.005560954,            25P     22
15.105560954,10.005560954;                                            25P     23
102,4,9,13,19,23;                                                     27P     24
102,4,11,17,21,25;                                                    29P     25
142,1,7,27,29,1;                                                      31P     26
144,7,1,0,31;                                                         33P     27
110,10.005560954,-10.005560954,-4.,10.005560954,-10.005560954,        35P     28
996.;                                                                 35P     29
110,15.105560954,-10.005560954,0.,15.105560954,-10.005560954,         37P     30
6.;                                                                   37P     31
120,35,37,0.,6.28318530717959;                                        39P     32
126,1,1,1,0,1,0,0.,0.,1.,1.,1.,1.,0.,6.283185307,0.,1.,               41P     33
6.283185307,0.,0.,1.,0.,0.,1.;                                        41P     34
110,15.105560954,-10.005560954,0.,15.105560954,-10.005560954,         43P     35
6.;                                                                   43P     36
126,1,1,1,0,1,0,0.,0.,1.,1.,1.,1.,1.,6.283185307,0.,1.,               45P     37
3.141592654,0.,0.,1.,0.,0.,1.;                                        45P     38
124,1.,-7.105427357601E-015,0.,-7.1063910543353E-014,                 47P     39
-7.105427357601E-015,-1.,6.98296267768627E-015,                       47P     40
-20.0111219075793,-4.96169340471387E-029,                             47P     41
-6.98296267768627E-015,-1.,11.9999999999999;                          47P     42
100,6.,10.005560954,-10.005560954,15.105560954,-10.005560954,         49P     43
4.905560954,-10.005560954;                                            49P     44
126,1,1,1,0,1,0,0.,0.,1.,1.,1.,1.,1.,3.141592654,0.,0.,               51P     45
3.141592654,0.,0.,1.,0.,0.,1.;                                        51P     46
110,4.905560954,-10.005560954,6.,4.905560954,-10.005560954,0.;        53P     47
126,1,1,1,0,1,0,0.,0.,1.,1.,1.,1.,0.,3.141592654,0.,0.,               55P     48
6.283185307,0.,0.,1.,0.,0.,1.;                                        55P     49
100,0.,10.005560954,-10.005560954,4.905560954,-10.005560954,          57P     50
15.105560954,-10.005560954;                                           57P     51
102,4,41,45,51,55;                                                    59P     52
102,4,43,49,53,57;                                                    61P     53
142,1,39,59,61,1;                                                     63P     54
144,39,1,0,63;                                                        65P     55
110,-10.005560954,-10.005560954,-4.,-10.005560954,                    67P     56
-10.005560954,996.;                                                   67P     57
110,-4.905560954,-10.005560954,0.,-4.905560954,-10.005560954,         69P     58
6.;                                                                   69P     59
120,67,69,0.,6.28318530717959;                                        71P     60
126,1,1,1,0,1,0,0.,0.,1.,1.,1.,1.,0.,6.283185307,0.,1.,               73P     61
6.283185307,0.,0.,1.,0.,0.,1.;                                        73P     62
110,-4.905560954,-10.005560954,0.,-4.905560954,-10.005560954,         75P     63
6.;                                                                   75P     64
126,1,1,1,0,1,0,0.,0.,1.,1.,1.,1.,1.,6.283185307,0.,1.,               77P     65
3.141592654,0.,0.,1.,0.,0.,1.;                                        77P     66
124,1.,-7.105427357601E-015,0.,-7.10639105433541E-014,                79P     67
-7.105427357601E-015,-1.,6.98296267768627E-015,                       79P     68
-20.0111219075794,-4.96169340471387E-029,                             79P     69
-6.98296267768627E-015,-1.,11.9999999999999;                          79P     70
100,6.,-10.005560954,-10.005560954,-4.905560954,-10.005560954,        81P     71
-15.105560954,-10.005560954;                                          81P     72
126,1,1,1,0,1,0,0.,0.,1.,1.,1.,1.,1.,3.141592654,0.,0.,               83P     73
3.141592654,0.,0.,1.,0.,0.,1.;                                        83P     74
110,-15.105560954,-10.005560954,6.,-15.105560954,-10.005560954,       85P     75
0.;                                                                   85P     76
126,1,1,1,0,1,0,0.,0.,1.,1.,1.,1.,0.,3.141592654,0.,0.,               87P     77
6.283185307,0.,0.,1.,0.,0.,1.;                                        87P     78
100,0.,-10.005560954,-10.005560954,-15.105560954,-10.005560954,       89P     79
-4.905560954,-10.005560954;                                           89P     80
102,4,73,77,83,87;                                                    91P     81
102,4,75,81,85,89;                                                    93P     82
142,1,71,91,93,1;                                                     95P     83
144,71,1,0,95;                                                        97P     84
110,-10.005560954,10.005560954,-4.,-10.005560954,10.005560954,        99P     85
996.;                                                                 99P     86
110,-4.905560954,10.005560954,0.,-4.905560954,10.005560954,6.;       101P     87
120,99,101,0.,6.28318530717959;                                      103P     88
126,1,1,1,0,1,0,0.,0.,1.,1.,1.,1.,0.,6.283185307,0.,1.,              105P     89
6.283185307,0.,0.,1.,0.,0.,1.;                                       105P     90
110,-4.905560954,10.005560954,0.,-4.905560954,10.005560954,6.;       107P     91
126,1,1,1,0,1,0,0.,0.,1.,1.,1.,1.,1.,6.283185307,0.,1.,              109P     92
3.141592654,0.,0.,1.,0.,0.,1.;                                       109P     93
124,1.,-7.105427357601E-015,0.,7.10639105433536E-014,                111P     94
-7.105427357601E-015,-1.,6.98296267768627E-015,                      111P     95
20.0111219075792,-4.96169340471387E-029,-6.98296267768627E-015,      111P     96
-1.,12.0000000000001;                                                111P     97
100,6.,-10.005560954,10.005560954,-4.905560954,10.005560954,         113P     98
-15.105560954,10.005560954;                                          113P     99
126,1,1,1,0,1,0,0.,0.,1.,1.,1.,1.,1.,3.141592654,0.,0.,              115P    100
3.141592654,0.,0.,1.,0.,0.,1.;                                       115P    101
110,-15.105560954,10.005560954,6.,-15.105560954,10.005560954,        117P    102
0.;                                                                  117P    103
126,1,1,1,0,1,0,0.,0.,1.,1.,1.,1.,0.,3.141592654,0.,0.,              119P    104
6.283185307,0.,0.,1.,0.,0.,1.;                                       119P    105
100,0.,-10.005560954,10.005560954,-15.105560954,10.005560954,        121P    106
-4.905560954,10.005560954;                                           121P    107
102,4,105,109,115,119;                                               123P    108
102,4,107,113,117,121;                                               125P    109
142,1,103,123,125,1;                                                 127P    110
144,103,1,0,127;                                                     129P    111
110,26.697560814,-19.396913326,-4.,26.697560814,-19.396913326,       131P    112
996.;                                                                131P    113
110,31.797560814,-19.396913326,0.,31.797560814,-19.396913326,        133P    114
6.;                                                                  133P    115
120,131,133,0.,6.28318530717959;                                     135P    116
126,1,1,1,0,1,0,0.,0.,1.,1.,1.,1.,0.,6.283185307,0.,1.,              137P    117
6.283185307,0.,0.,1.,0.,0.,1.;                                       137P    118
110,31.797560814,-19.396913326,0.,31.797560814,-19.396913326,        139P    119
6.;                                                                  139P    120
126,1,1,1,0,1,0,0.,0.,1.,1.,1.,1.,1.,6.283185307,0.,1.,              141P    121
3.141592654,0.,0.,1.,0.,0.,1.;                                       141P    122
124,1.,-7.105427357601E-015,0.,-1.3686883911605E-013,                143P    123
-7.105427357601E-015,-1.,6.98296267768627E-015,                      143P    124
-38.7938266513024,-4.96169340471387E-029,                            143P    125
-6.98296267768627E-015,-1.,11.9999999999999;                         143P    126
100,6.,26.697560814,-19.396913326,31.797560814,-19.396913326,        145P    127
21.597560814,-19.396913326;                                          145P    128
126,1,1,1,0,1,0,0.,0.,1.,1.,1.,1.,1.,3.141592654,0.,0.,              147P    129
3.141592654,0.,0.,1.,0.,0.,1.;                                       147P    130
110,21.597560814,-19.396913326,6.,21.597560814,-19.396913326,        149P    131
0.;                                                                  149P    132
126,1,1,1,0,1,0,0.,0.,1.,1.,1.,1.,0.,3.141592654,0.,0.,              151P    133
6.283185307,0.,0.,1.,0.,0.,1.;                                       151P    134
100,0.,26.697560814,-19.396913326,21.597560814,-19.396913326,        153P    135
31.797560814,-19.396913326;                                          153P    136
102,4,137,141,147,151;                                               155P    137
102,4,139,145,149,153;                                               157P    138
142,1,135,155,157,1;                                                 159P    139
144,135,1,0,159;                                                     161P    140
110,10.197560814,-31.384865038,-4.,10.197560814,-31.384865038,       163P    141
996.;                                                                163P    142
110,15.297560814,-31.384865038,0.,15.297560814,-31.384865038,        165P    143
6.;                                                                  165P    144
120,163,165,0.,6.28318530717959;                                     167P    145
126,1,1,1,0,1,0,0.,0.,1.,1.,1.,1.,0.,6.283185307,0.,1.,              169P    146
6.283185307,0.,0.,1.,0.,0.,1.;                                       169P    147
110,15.297560814,-31.384865038,0.,15.297560814,-31.384865038,        171P    148
6.;                                                                  171P    149
126,1,1,1,0,1,0,0.,0.,1.,1.,1.,1.,1.,6.283185307,0.,1.,              173P    150
3.141592654,0.,0.,1.,0.,0.,1.;                                       173P    151
124,1.,-7.105427357601E-015,0.,-2.22226428906536E-013,               175P    152
-7.105427357601E-015,-1.,6.98296267768627E-015,                      175P    153
-62.7697300754799,-4.96169340471387E-029,                            175P    154
-6.98296267768627E-015,-1.,11.9999999999998;                         175P    155
100,6.,10.197560814,-31.384865038,15.297560814,-31.384865038,        177P    156
5.097560814,-31.384865038;                                           177P    157
126,1,1,1,0,1,0,0.,0.,1.,1.,1.,1.,1.,3.141592654,0.,0.,              179P    158
3.141592654,0.,0.,1.,0.,0.,1.;                                       179P    159
110,5.097560814,-31.384865038,6.,5.097560814,-31.384865038,0.;       181P    160
126,1,1,1,0,1,0,0.,0.,1.,1.,1.,1.,0.,3.141592654,0.,0.,              183P    161
6.283185307,0.,0.,1.,0.,0.,1.;                                       183P    162
100,0.,10.197560814,-31.384865038,5.097560814,-31.384865038,         185P    163
15.297560814,-31.384865038;                                          185P    164
102,4,169,173,179,183;                                               187P    165
102,4,171,177,181,185;                                               189P    166
142,1,167,187,189,1;                                                 191P    167
144,167,1,0,191;                                                     193P    168
110,-10.197560814,-31.384865038,-4.,-10.197560814,                   195P    169
-31.384865038,996.;                                                  195P    170
110,-5.097560814,-31.384865038,0.,-5.097560814,-31.384865038,        197P    171
6.;                                                                  197P    172
120,195,197,0.,6.28318530717959;                                     199P    173
126,1,1,1,0,1,0,0.,0.,1.,1.,1.,1.,0.,6.283185307,0.,1.,              201P    174
6.283185307,0.,0.,1.,0.,0.,1.;                                       201P    175
110,-5.097560814,-31.384865038,0.,-5.097560814,-31.384865038,        203P    176
6.;                                                                  203P    177
126,1,1,1,0,1,0,0.,0.,1.,1.,1.,1.,1.,6.283185307,0.,1.,              205P    178
3.141592654,0.,0.,1.,0.,0.,1.;                                       205P    179
124,1.,-7.105427357601E-015,0.,-2.2222642890654E-013,                207P    180
-7.105427357601E-015,-1.,6.98296267768627E-015,                      207P    181
-62.7697300754805,-4.96169340471387E-029,                            207P    182
-6.98296267768627E-015,-1.,11.9999999999998;                         207P    183
100,6.,-10.197560814,-31.384865038,-5.097560814,-31.384865038,       209P    184
-15.297560814,-31.384865038;                                         209P    185
126,1,1,1,0,1,0,0.,0.,1.,1.,1.,1.,1.,3.141592654,0.,0.,              211P    186
3.141592654,0.,0.,1.,0.,0.,1.;                                       211P    187
110,-15.297560814,-31.384865038,6.,-15.297560814,-31.384865038,      213P    188
0.;                                                                  213P    189
126,1,1,1,0,1,0,0.,0.,1.,1.,1.,1.,0.,3.141592654,0.,0.,              215P    190
6.283185307,0.,0.,1.,0.,0.,1.;                                       215P    191
100,0.,-10.197560814,-31.384865038,-15.297560814,-31.384865038,      217P    192
-5.097560814,-31.384865038;                                          217P    193
102,4,201,205,211,215;                                               219P    194
102,4,203,209,213,217;                                               221P    195
142,1,199,219,221,1;                                                 223P    196
144,199,1,0,223;                                                     225P    197
110,-26.697560814,-19.396913326,-4.,-26.697560814,                   227P    198
-19.396913326,996.;                                                  227P    199
110,-21.597560814,-19.396913326,0.,-21.597560814,-19.396913326,      229P    200
6.;                                                                  229P    201
120,227,229,0.,6.28318530717959;                                     231P    202
126,1,1,1,0,1,0,0.,0.,1.,1.,1.,1.,0.,6.283185307,0.,1.,              233P    203
6.283185307,0.,0.,1.,0.,0.,1.;                                       233P    204
110,-21.597560814,-19.396913326,0.,-21.597560814,-19.396913326,      235P    205
6.;                                                                  235P    206
126,1,1,1,0,1,0,0.,0.,1.,1.,1.,1.,1.,6.283185307,0.,1.,              237P    207
3.141592654,0.,0.,1.,0.,0.,1.;                                       237P    208
124,1.,-7.105427357601E-015,0.,-1.36868839116061E-013,               239P    209
-7.105427357601E-015,-1.,6.98296267768627E-015,                      239P    210
-38.7938266513039,-4.96169340471387E-029,                            239P    211
-6.98296267768627E-015,-1.,11.9999999999999;                         239P    212
100,6.,-26.697560814,-19.396913326,-21.597560814,-19.396913326,      241P    213
-31.797560814,-19.396913326;                                         241P    214
126,1,1,1,0,1,0,0.,0.,1.,1.,1.,1.,1.,3.141592654,0.,0.,              243P    215
3.141592654,0.,0.,1.,0.,0.,1.;                                       243P    216
110,-31.797560814,-19.396913326,6.,-31.797560814,-19.396913326,      245P    217
0.;                                                                  245P    218
126,1,1,1,0,1,0,0.,0.,1.,1.,1.,1.,0.,3.141592654,0.,0.,              247P    219
6.283185307,0.,0.,1.,0.,0.,1.;                                       247P    220
100,0.,-26.697560814,-19.396913326,-31.797560814,-19.396913326,      249P    221
-21.597560814,-19.396913326;                                         249P    222
102,4,233,237,243,247;                                               251P    223
102,4,235,241,245,249;                                               253P    224
142,1,231,251,253,1;                                                 255P    225
144,231,1,0,255;                                                     257P    226
110,-33.,0.,-4.,-33.,0.,996.;                                        259P    227
110,-27.9,0.,0.,-27.9,0.,6.;                                         261P    228
120,259,261,0.,6.28318530717959;                                     263P    229
126,1,1,1,0,1,0,0.,0.,1.,1.,1.,1.,0.,6.283185307,0.,1.,              265P    230
6.283185307,0.,0.,1.,0.,0.,1.;                                       265P    231
110,-27.9,0.,0.,-27.9,0.,6.;                                         267P    232
126,1,1,1,0,1,0,0.,0.,1.,1.,1.,1.,1.,6.283185307,0.,1.,              269P    233
3.141592654,0.,0.,1.,0.,0.,1.;                                       269P    234
124,1.,-7.35035671743047E-015,8.55166289179391E-031,                 271P    235
-1.48521394354185E-027,-7.35035671743047E-015,-1.,                   271P    236
6.98296267768627E-015,-2.84459547741323E-013,                        271P    237
-5.04721003363181E-029,-6.98296267768627E-015,-1.,12.;               271P    238
100,6.,-33.,0.,-27.9,0.,-38.1,0.;                                    273P    239
126,1,1,1,0,1,0,0.,0.,1.,1.,1.,1.,1.,3.141592654,0.,0.,              275P    240
3.141592654,0.,0.,1.,0.,0.,1.;                                       275P    241
110,-38.1,0.,6.,-38.1,0.,0.;                                         277P    242
126,1,1,1,0,1,0,0.,0.,1.,1.,1.,1.,0.,3.141592654,0.,0.,              279P    243
6.283185307,0.,0.,1.,0.,0.,1.;                                       279P    244
100,0.,-33.,0.,-38.1,0.,-27.9,0.;                                    281P    245
102,4,265,269,275,279;                                               283P    246
102,4,267,273,277,281;                                               285P    247
142,1,263,283,285,1;                                                 287P    248
144,263,1,0,287;                                                     289P    249
110,-26.697560814,19.396913326,-4.,-26.697560814,19.396913326,       291P    250
996.;                                                                291P    251
110,-21.597560814,19.396913326,0.,-21.597560814,19.396913326,        293P    252
6.;                                                                  293P    253
120,291,293,0.,6.28318530717959;                                     295P    254
126,1,1,1,0,1,0,0.,0.,1.,1.,1.,1.,0.,6.283185307,0.,1.,              297P    255
6.283185307,0.,0.,1.,0.,0.,1.;                                       297P    256
110,-21.597560814,19.396913326,0.,-21.597560814,19.396913326,        299P    257
6.;                                                                  299P    258
126,1,1,1,0,1,0,0.,0.,1.,1.,1.,1.,1.,6.283185307,0.,1.,              301P    259
3.141592654,0.,0.,1.,0.,0.,1.;                                       301P    260
124,1.,-7.105427357601E-015,0.,1.36868839116053E-013,                303P    261
-7.105427357601E-015,-1.,6.98296267768627E-015,                      303P    262
38.7938266513027,-4.96169340471387E-029,-6.98296267768627E-015,      303P    263
-1.,12.0000000000001;                                                303P    264
100,6.,-26.697560814,19.396913326,-21.597560814,19.396913326,        305P    265
-31.797560814,19.396913326;                                          305P    266
126,1,1,1,0,1,0,0.,0.,1.,1.,1.,1.,1.,3.141592654,0.,0.,              307P    267
3.141592654,0.,0.,1.,0.,0.,1.;                                       307P    268
110,-31.797560814,19.396913326,6.,-31.797560814,19.396913326,        309P    269
0.;                                                                  309P    270
126,1,1,1,0,1,0,0.,0.,1.,1.,1.,1.,0.,3.141592654,0.,0.,              311P    271
6.283185307,0.,0.,1.,0.,0.,1.;                                       311P    272
100,0.,-26.697560814,19.396913326,-31.797560814,19.396913326,        313P    273
-21.597560814,19.396913326;                                          313P    274
102,4,297,301,307,311;                                               315P    275
102,4,299,305,309,313;                                               317P    276
142,1,295,315,317,1;                                                 319P    277
144,295,1,0,319;                                                     321P    278
110,-10.197560814,31.384865038,-4.,-10.197560814,31.384865038,       323P    279
996.;                                                                323P    280
110,-5.097560814,31.384865038,0.,-5.097560814,31.384865038,6.;       325P    281
120,323,325,0.,6.28318530717959;                                     327P    282
126,1,1,1,0,1,0,0.,0.,1.,1.,1.,1.,0.,6.283185307,0.,1.,              329P    283
6.283185307,0.,0.,1.,0.,0.,1.;                                       329P    284
110,-5.097560814,31.384865038,0.,-5.097560814,31.384865038,6.;       331P    285
126,1,1,1,0,1,0,0.,0.,1.,1.,1.,1.,1.,6.283185307,0.,1.,              333P    286
3.141592654,0.,0.,1.,0.,0.,1.;                                       333P    287
124,1.,-7.105427357601E-015,0.,2.22226428906538E-013,                335P    288
-7.105427357601E-015,-1.,6.98296267768627E-015,                      335P    289
62.7697300754799,-4.96169340471387E-029,-6.98296267768627E-015,      335P    290
-1.,12.0000000000002;                                                335P    291
100,6.,-10.197560814,31.384865038,-5.097560814,31.384865038,         337P    292
-15.297560814,31.384865038;                                          337P    293
126,1,1,1,0,1,0,0.,0.,1.,1.,1.,1.,1.,3.141592654,0.,0.,              339P    294
3.141592654,0.,0.,1.,0.,0.,1.;                                       339P    295
110,-15.297560814,31.384865038,6.,-15.297560814,31.384865038,        341P    296
0.;                                                                  341P    297
126,1,1,1,0,1,0,0.,0.,1.,1.,1.,1.,0.,3.141592654,0.,0.,              343P    298
6.283185307,0.,0.,1.,0.,0.,1.;                                       343P    299
100,0.,-10.197560814,31.384865038,-15.297560814,31.384865038,        345P    300
-5.097560814,31.384865038;                                           345P    301
102,4,329,333,339,343;                                               347P    302
102,4,331,337,341,345;                                               349P    303
142,1,327,347,349,1;                                                 351P    304
144,327,1,0,351;                                                     353P    305
110,10.197560814,31.384865038,-4.,10.197560814,31.384865038,         355P    306
996.;                                                                355P    307
110,15.297560814,31.384865038,0.,15.297560814,31.384865038,6.;       357P    308
120,355,357,0.,6.28318530717959;                                     359P    309
126,1,1,1,0,1,0,0.,0.,1.,1.,1.,1.,0.,6.283185307,0.,1.,              361P    310
6.283185307,0.,0.,1.,0.,0.,1.;                                       361P    311
110,15.297560814,31.384865038,0.,15.297560814,31.384865038,6.;       363P    312
126,1,1,1,0,1,0,0.,0.,1.,1.,1.,1.,1.,6.283185307,0.,1.,              365P    313
3.141592654,0.,0.,1.,0.,0.,1.;                                       365P    314
124,1.,-7.105427357601E-015,0.,2.2222642890654E-013,                 367P    315
-7.105427357601E-015,-1.,6.98296267768627E-015,                      367P    316
62.7697300754802,-4.96169340471387E-029,-6.98296267768627E-015,      367P    317
-1.,12.0000000000002;                                                367P    318
100,6.,10.197560814,31.384865038,15.297560814,31.384865038,          369P    319
5.097560814,31.384865038;                                            369P    320
126,1,1,1,0,1,0,0.,0.,1.,1.,1.,1.,1.,3.141592654,0.,0.,              371P    321
3.141592654,0.,0.,1.,0.,0.,1.;                                       371P    322
110,5.097560814,31.384865038,6.,5.097560814,31.384865038,0.;         373P    323
126,1,1,1,0,1,0,0.,0.,1.,1.,1.,1.,0.,3.141592654,0.,0.,              375P    324
6.283185307,0.,0.,1.,0.,0.,1.;                                       375P    325
100,0.,10.197560814,31.384865038,5.097560814,31.384865038,           377P    326
15.297560814,31.384865038;                                           377P    327
102,4,361,365,371,375;                                               379P    328
102,4,363,369,373,377;                                               381P    329
142,1,359,379,381,1;                                                 383P    330
144,359,1,0,383;                                                     385P    331
110,26.697560814,19.396913326,-4.,26.697560814,19.396913326,         387P    332
996.;                                                                387P    333
110,31.797560814,19.396913326,0.,31.797560814,19.396913326,6.;       389P    334
120,387,389,0.,6.28318530717959;                                     391P    335
126,1,1,1,0,1,0,0.,0.,1.,1.,1.,1.,0.,6.283185307,0.,1.,              393P    336
6.283185307,0.,0.,1.,0.,0.,1.;                                       393P    337
110,31.797560814,19.396913326,0.,31.797560814,19.396913326,6.;       395P    338
126,1,1,1,0,1,0,0.,0.,1.,1.,1.,1.,1.,6.283185307,0.,1.,              397P    339
3.141592654,0.,0.,1.,0.,0.,1.;                                       397P    340
124,1.,-7.105427357601E-015,0.,1.36868839116058E-013,                399P    341
-7.105427357601E-015,-1.,6.98296267768627E-015,                      399P    342
38.7938266513035,-4.96169340471387E-029,-6.98296267768627E-015,      399P    343
-1.,12.0000000000001;                                                399P    344
100,6.,26.697560814,19.396913326,31.797560814,19.396913326,          401P    345
21.597560814,19.396913326;                                           401P    346
126,1,1,1,0,1,0,0.,0.,1.,1.,1.,1.,1.,3.141592654,0.,0.,              403P    347
3.141592654,0.,0.,1.,0.,0.,1.;                                       403P    348
110,21.597560814,19.396913326,6.,21.597560814,19.396913326,0.;       405P    349
126,1,1,1,0,1,0,0.,0.,1.,1.,1.,1.,0.,3.141592654,0.,0.,              407P    350
6.283185307,0.,0.,1.,0.,0.,1.;                                       407P    351
100,0.,26.697560814,19.396913326,21.597560814,19.396913326,          409P    352
31.797560814,19.396913326;                                           409P    353
102,4,393,397,403,407;                                               411P    354
102,4,395,401,405,409;                                               413P    355
142,1,391,411,413,1;                                                 415P    356
144,391,1,0,415;                                                     417P    357
110,33.,0.,-4.,33.,0.,996.;                                          419P    358
110,38.1,0.,0.,38.1,0.,6.;                                           421P    359
120,419,421,0.,6.28318530717959;                                     423P    360
126,1,1,1,0,1,0,0.,0.,1.,1.,1.,1.,0.,6.283185307,0.,1.,              425P    361
6.283185307,0.,0.,1.,0.,0.,1.;                                       425P    362
110,38.1,0.,0.,38.1,0.,6.;                                           427P    363
126,1,1,1,0,1,0,0.,0.,1.,1.,1.,1.,1.,6.283185307,0.,1.,              429P    364
3.141592654,0.,0.,1.,0.,0.,1.;                                       429P    365
124,1.,-7.35035671743047E-015,8.55166289179391E-031,                 431P    366
2.08061715210752E-027,-7.35035671743047E-015,-1.,                    431P    367
6.98296267768627E-015,2.00663995609088E-013,                         431P    368
-5.04721003363181E-029,-6.98296267768627E-015,-1.,12.;               431P    369
100,6.,33.,0.,38.1,0.,27.9,0.;                                       433P    370
126,1,1,1,0,1,0,0.,0.,1.,1.,1.,1.,1.,3.141592654,0.,0.,              435P    371
3.141592654,0.,0.,1.,0.,0.,1.;                                       435P    372
110,27.9,0.,6.,27.9,0.,0.;                                           437P    373
126,1,1,1,0,1,0,0.,0.,1.,1.,1.,1.,0.,3.141592654,0.,0.,              439P    374
6.283185307,0.,0.,1.,0.,0.,1.;                                       439P    375
100,0.,33.,0.,27.9,0.,38.1,0.;                                       441P    376
102,4,425,429,435,439;                                               443P    377
102,4,427,433,437,441;                                               445P    378
142,1,423,443,445,1;                                                 447P    379
144,423,1,0,447;                                                     449P    380
110,0.,0.,-999.5,0.,0.,0.5;                                          451P    381
110,59.65,0.,0.,60.15,0.,0.5;                                        453P    382
120,451,453,0.,6.28318530717959;                                     455P    383
126,1,1,1,0,1,0,0.,0.,1.,1.,1.,1.,0.,6.065783281,0.,0.,              457P    384
6.283185307,0.,0.,1.,0.,0.,1.;                                       457P    385
100,0.,0.,0.,58.245905219,-12.866119277,59.65,0.;                    459P    386
126,1,1,1,0,1,0,0.,0.,1.,1.,1.,1.,0.,6.283185307,0.,1.,              461P    387
6.283185307,0.,0.,1.,0.,0.,1.;                                       461P    388
110,59.65,0.,0.,60.15,0.,0.5;                                        463P    389
126,1,1,1,0,1,0,0.,0.,1.,1.,1.,1.,1.,6.283185307,0.,1.,              465P    390
6.065783281,0.,0.,1.,0.,0.,1.;                                       465P    391
124,1.,-1.45716771982052E-014,-1.50617989465335E-015,                467P    392
7.53089947326677E-016,-1.45716771982052E-014,-1.,                    467P    393
-6.81859148819618E-015,3.40929574409809E-015,                        467P    394
-1.50617989465325E-015,6.8185914881962E-015,-1.,1.;                  467P    395
100,0.5,0.,0.,60.15,0.,58.734135774,12.973966044;                    469P    396
126,1,1,1,0,1,0,0.,0.,1.,1.,1.,1.,1.,6.065783281,0.,0.,              471P    397
6.065783281,0.,0.,1.,0.,0.,1.;                                       471P    398
110,58.734135774,-12.973966044,0.5,58.245905219,-12.866119277,       473P    399
0.;                                                                  473P    400
102,4,457,461,465,471;                                               475P    401
102,4,459,463,469,473;                                               477P    402
142,1,455,475,477,1;                                                 479P    403
144,455,1,0,479;                                                     481P    404
110,-46.743721169,26.9875,6.,-46.743721169,26.9875,-994.;            483P    405
110,-48.343721169,26.9875,6.,-48.343721169,26.9875,0.;               485P    406
120,483,485,0.,6.28318530717959;                                     487P    407
126,1,1,1,0,1,0,0.,0.,1.,1.,1.,1.,0.,6.283185307,0.,1.,              489P    408
6.283185307,0.,0.,1.,0.,0.,1.;                                       489P    409
110,-48.343721169,26.9875,6.,-48.343721169,26.9875,0.;               491P    410
126,1,1,1,0,1,0,0.,0.,1.,1.,1.,1.,1.,6.283185307,0.,1.,              493P    411
3.141592654,0.,0.,1.,0.,0.,1.;                                       493P    412
100,0.,-46.743721169,26.9875,-48.343721169,26.9875,                  495P    413
-45.143721169,26.9875;                                               495P    414
126,1,1,1,0,1,0,0.,0.,1.,1.,1.,1.,1.,3.141592654,0.,0.,              497P    415
3.141592654,0.,0.,1.,0.,0.,1.;                                       497P    416
110,-45.143721169,26.9875,0.,-45.143721169,26.9875,6.;               499P    417
126,1,1,1,0,1,0,0.,0.,1.,1.,1.,1.,0.,3.141592654,0.,0.,              501P    418
6.283185307,0.,0.,1.,0.,0.,1.;                                       501P    419
124,1.,-7.105427357601E-015,0.,1.89226412317093E-013,                503P    420
-7.105427357601E-015,-1.,6.98296267768627E-015,                      503P    421
53.9749999999973,-4.96169340471387E-029,-6.98296267768627E-015,      503P    422
-1.,12.0000000000002;                                                503P    423
100,6.,-46.743721169,26.9875,-45.143721169,26.9875,                  505P    424
-48.343721169,26.9875;                                               505P    425
102,4,489,493,497,501;                                               507P    426
102,4,491,495,499,505;                                               509P    427
142,1,487,507,509,1;                                                 511P    428
144,487,1,0,511;                                                     513P    429
110,0.,-53.975,6.,0.,-53.975,-994.;                                  515P    430
110,-1.6,-53.975,6.,-1.6,-53.975,0.;                                 517P    431
120,515,517,0.,6.28318530717959;                                     519P    432
126,1,1,1,0,1,0,0.,0.,1.,1.,1.,1.,0.,6.283185307,0.,1.,              521P    433
6.283185307,0.,0.,1.,0.,0.,1.;                                       521P    434
110,-1.6,-53.975,6.,-1.6,-53.975,0.;                                 523P    435
126,1,1,1,0,1,0,0.,0.,1.,1.,1.,1.,1.,6.283185307,0.,1.,              525P    436
3.141592654,0.,0.,1.,0.,0.,1.;                                       525P    437
100,0.,0.,-53.975,-1.6,-53.975,1.6,-53.975;                          527P    438
126,1,1,1,0,1,0,0.,0.,1.,1.,1.,1.,1.,3.141592654,0.,0.,              529P    439
3.141592654,0.,0.,1.,0.,0.,1.;                                       529P    440
110,1.6,-53.975,0.,1.6,-53.975,6.;                                   531P    441
126,1,1,1,0,1,0,0.,0.,1.,1.,1.,1.,0.,3.141592654,0.,0.,              533P    442
6.283185307,0.,0.,1.,0.,0.,1.;                                       533P    443
124,1.,-7.105427357601E-015,0.,-3.83515441626497E-013,               535P    444
-7.105427357601E-015,-1.,6.98296267768627E-015,                      535P    445
-107.949999999995,-4.96169340471387E-029,                            535P    446
-6.98296267768627E-015,-1.,11.9999999999996;                         535P    447
100,6.,0.,-53.975,1.6,-53.975,-1.6,-53.975;                          537P    448
102,4,521,525,529,533;                                               539P    449
102,4,523,527,531,537;                                               541P    450
142,1,519,539,541,1;                                                 543P    451
144,519,1,0,543;                                                     545P    452
110,46.743721169,-26.9875,6.,46.743721169,-26.9875,-994.;            547P    453
110,45.143721169,-26.9875,6.,45.143721169,-26.9875,0.;               549P    454
120,547,549,0.,6.28318530717959;                                     551P    455
126,1,1,1,0,1,0,0.,0.,1.,1.,1.,1.,0.,6.283185307,0.,1.,              553P    456
6.283185307,0.,0.,1.,0.,0.,1.;                                       553P    457
110,45.143721169,-26.9875,6.,45.143721169,-26.9875,0.;               555P    458
126,1,1,1,0,1,0,0.,0.,1.,1.,1.,1.,1.,6.283185307,0.,1.,              557P    459
3.141592654,0.,0.,1.,0.,0.,1.;                                       557P    460
100,0.,46.743721169,-26.9875,45.143721169,-26.9875,                  559P    461
48.343721169,-26.9875;                                               559P    462
126,1,1,1,0,1,0,0.,0.,1.,1.,1.,1.,1.,3.141592654,0.,0.,              561P    463
3.141592654,0.,0.,1.,0.,0.,1.;                                       561P    464
110,48.343721169,-26.9875,0.,48.343721169,-26.9875,6.;               563P    465
126,1,1,1,0,1,0,0.,0.,1.,1.,1.,1.,0.,3.141592654,0.,0.,              565P    466
6.283185307,0.,0.,1.,0.,0.,1.;                                       565P    467
124,1.,-7.105427357601E-015,0.,-1.89226412317058E-013,               567P    468
-7.105427357601E-015,-1.,6.98296267768627E-015,                      567P    469
-53.9749999999926,-4.96169340471387E-029,                            567P    470
-6.98296267768627E-015,-1.,11.9999999999998;                         567P    471
100,6.,46.743721169,-26.9875,48.343721169,-26.9875,                  569P    472
45.143721169,-26.9875;                                               569P    473
102,4,553,557,561,565;                                               571P    474
102,4,555,559,563,569;                                               573P    475
142,1,551,571,573,1;                                                 575P    476
144,551,1,0,575;                                                     577P    477
110,46.743721169,26.9875,6.,46.743721169,26.9875,-994.;              579P    478
110,45.143721169,26.9875,6.,45.143721169,26.9875,0.;                 581P    479
120,579,581,0.,6.28318530717959;                                     583P    480
126,1,1,1,0,1,0,0.,0.,1.,1.,1.,1.,0.,6.283185307,0.,1.,              585P    481
6.283185307,0.,0.,1.,0.,0.,1.;                                       585P    482
110,45.143721169,26.9875,6.,45.143721169,26.9875,0.;                 587P    483
126,1,1,1,0,1,0,0.,0.,1.,1.,1.,1.,1.,6.283185307,0.,1.,              589P    484
3.141592654,0.,0.,1.,0.,0.,1.;                                       589P    485
100,0.,46.743721169,26.9875,45.143721169,26.9875,48.343721169,       591P    486
26.9875;                                                             591P    487
126,1,1,1,0,1,0,0.,0.,1.,1.,1.,1.,1.,3.141592654,0.,0.,              593P    488
3.141592654,0.,0.,1.,0.,0.,1.;                                       593P    489
110,48.343721169,26.9875,0.,48.343721169,26.9875,6.;                 595P    490
126,1,1,1,0,1,0,0.,0.,1.,1.,1.,1.,0.,3.141592654,0.,0.,              597P    491
6.283185307,0.,0.,1.,0.,0.,1.;                                       597P    492
124,1.,-7.105427357601E-015,0.,1.89226412317148E-013,                599P    493
-7.105427357601E-015,-1.,6.98296267768627E-015,53.975000000005,      599P    494
-4.96169340471387E-029,-6.98296267768627E-015,-1.,                   599P    495
12.0000000000002;                                                    599P    496
100,6.,46.743721169,26.9875,48.343721169,26.9875,45.143721169,       601P    497
26.9875;                                                             601P    498
102,4,585,589,593,597;                                               603P    499
102,4,587,591,595,601;                                               605P    500
142,1,583,603,605,1;                                                 607P    501
144,583,1,0,607;                                                     609P    502
110,-46.743721169,-26.9875,6.,-46.743721169,-26.9875,-994.;          611P    503
110,-48.343721169,-26.9875,6.,-48.343721169,-26.9875,0.;             613P    504
120,611,613,0.,6.28318530717959;                                     615P    505
126,1,1,1,0,1,0,0.,0.,1.,1.,1.,1.,0.,6.283185307,0.,1.,              617P    506
6.283185307,0.,0.,1.,0.,0.,1.;                                       617P    507
110,-48.343721169,-26.9875,6.,-48.343721169,-26.9875,0.;             619P    508
126,1,1,1,0,1,0,0.,0.,1.,1.,1.,1.,1.,6.283185307,0.,1.,              621P    509
3.141592654,0.,0.,1.,0.,0.,1.;                                       621P    510
100,0.,-46.743721169,-26.9875,-48.343721169,-26.9875,                623P    511
-45.143721169,-26.9875;                                              623P    512
126,1,1,1,0,1,0,0.,0.,1.,1.,1.,1.,1.,3.141592654,0.,0.,              625P    513
3.141592654,0.,0.,1.,0.,0.,1.;                                       625P    514
110,-45.143721169,-26.9875,0.,-45.143721169,-26.9875,6.;             627P    515
126,1,1,1,0,1,0,0.,0.,1.,1.,1.,1.,0.,3.141592654,0.,0.,              629P    516
6.283185307,0.,0.,1.,0.,0.,1.;                                       629P    517
124,1.,-7.105427357601E-015,0.,-1.89226412317113E-013,               631P    518
-7.105427357601E-015,-1.,6.98296267768627E-015,                      631P    519
-53.9750000000003,-4.96169340471387E-029,                            631P    520
-6.98296267768627E-015,-1.,11.9999999999998;                         631P    521
100,6.,-46.743721169,-26.9875,-45.143721169,-26.9875,                633P    522
-48.343721169,-26.9875;                                              633P    523
102,4,617,621,625,629;                                               635P    524
102,4,619,623,627,633;                                               637P    525
142,1,615,635,637,1;                                                 639P    526
144,615,1,0,639;                                                     641P    527
110,0.,53.975,6.,0.,53.975,-994.;                                    643P    528
110,-1.6,53.975,6.,-1.6,53.975,0.;                                   645P    529
120,643,645,0.,6.28318530717959;                                     647P    530
126,1,1,1,0,1,0,0.,0.,1.,1.,1.,1.,0.,6.283185307,0.,1.,              649P    531
6.283185307,0.,0.,1.,0.,0.,1.;                                       649P    532
110,-1.6,53.975,6.,-1.6,53.975,0.;                                   651P    533
126,1,1,1,0,1,0,0.,0.,1.,1.,1.,1.,1.,6.283185307,0.,1.,              653P    534
3.141592654,0.,0.,1.,0.,0.,1.;                                       653P    535
100,0.,0.,53.975,-1.6,53.975,1.6,53.975;                             655P    536
126,1,1,1,0,1,0,0.,0.,1.,1.,1.,1.,1.,3.141592654,0.,0.,              657P    537
3.141592654,0.,0.,1.,0.,0.,1.;                                       657P    538
110,1.6,53.975,0.,1.6,53.975,6.;                                     659P    539
126,1,1,1,0,1,0,0.,0.,1.,1.,1.,1.,0.,3.141592654,0.,0.,              661P    540
6.283185307,0.,0.,1.,0.,0.,1.;                                       661P    541
124,1.,-7.105427357601E-015,0.,3.83515441626514E-013,                663P    542
-7.105427357601E-015,-1.,6.98296267768627E-015,107.95,               663P    543
-4.96169340471387E-029,-6.98296267768627E-015,-1.,                   663P    544
12.0000000000004;                                                    663P    545
100,6.,0.,53.975,1.6,53.975,-1.6,53.975;                             665P    546
102,4,649,653,657,661;                                               667P    547
102,4,651,655,659,665;                                               669P    548
142,1,647,667,669,1;                                                 671P    549
144,647,1,0,671;                                                     673P    550
110,0.,0.,6.,0.,0.,-994.;                                            675P    551
110,-60.15,0.,6.,-60.15,0.,0.5;                                      677P    552
120,675,677,0.,6.28318530717959;                                     679P    553
126,1,1,1,0,1,0,0.,0.,1.,1.,1.,1.,0.,6.065783281,0.,0.,              681P    554
6.283185307,0.,0.,1.,0.,0.,1.;                                       681P    555
124,-0.976461110122308,-0.215693533557938,0.,                        683P    556
1.54074395550979E-030,-0.215693533557938,0.976461110122308,          683P    557
6.98296267768627E-015,-4.18977760661176E-014,                        683P    558
-1.50617989465335E-015,6.81859148819618E-015,-1.,12.;                683P    559
100,6.,0.,0.,60.15,0.,58.734135774,12.973966044;                     685P    560
126,1,1,1,0,1,0,0.,0.,1.,1.,1.,1.,0.,6.283185307,0.,1.,              687P    561
6.283185307,0.,0.,1.,0.,0.,1.;                                       687P    562
110,-60.15,0.,6.,-60.15,0.,0.5;                                      689P    563
126,1,1,1,0,1,0,0.,0.,1.,1.,1.,1.,1.,6.283185307,0.,1.,              691P    564
6.065783281,0.,0.,1.,0.,0.,1.;                                       691P    565
100,0.5,0.,0.,-60.15,0.,-58.734135774,-12.973966044;                 693P    566
126,1,1,1,0,1,0,0.,0.,1.,1.,1.,1.,1.,6.065783281,0.,0.,              695P    567
6.065783281,0.,0.,1.,0.,0.,1.;                                       695P    568
110,-58.734135774,-12.973966044,0.5,-58.734135774,                   697P    569
-12.973966044,6.;                                                    697P    570
102,4,681,687,691,695;                                               699P    571
102,4,685,689,693,697;                                               701P    572
142,1,679,699,701,1;                                                 703P    573
144,679,1,0,703;                                                     705P    574
128,1,1,1,1,0,0,1,0,0,0.,0.,1.,1.,0.,0.,1.,1.,1.,1.,1.,1.,           707P    575
-60.8718,-57.8358,6.,60.8718,-57.8358,6.,-60.8718,57.8358,6.,        707P    576
60.8718,57.8358,6.,0.,1.,0.,1.;                                      707P    577
126,1,1,1,0,1,0,0.,0.,1.,1.,1.,1.,0.958831064,0.356888553,0.,        709P    578
0.964725649,0.360922427,0.,0.,1.,0.,0.,1.;                           709P    579
110,55.859745536,-16.553930069,6.,56.577373468,-16.087325426,        711P    580
6.;                                                                  711P    581
126,8,2,1,0,1,0,0.,0.,0.,0.25,0.25,0.5,0.5,0.75,0.75,1.,1.,1.,       713P    582
1.,1.,1.,1.,1.,1.,1.,1.,1.,0.964725649,0.360922427,0.,               713P    583
0.968079833,0.363217814,0.,0.970950039,0.366151386,0.,               713P    584
0.973820245,0.369084957,0.,0.976098546,0.372546403,0.,               713P    585
0.978376847,0.376007848,0.,0.979977574,0.379867009,0.,               713P    586
0.9815783,0.383726169,0.,0.98244126,0.38783793,0.,0.,1.,0.,0.,       713P    587
-1.;                                                                 713P    588
100,6.,53.851830223,-11.895498376,56.577373468,-16.087325426,        715P    589
58.734135774,-12.973966044;                                          715P    590
126,8,2,1,0,1,0,0.,0.,0.,0.25,0.25,0.5,0.5,0.75,0.75,1.,1.,1.,       717P    591
1.,1.,1.,1.,1.,1.,1.,1.,1.,0.98244126,0.38783793,0.,                 717P    592
0.988238992,0.41546249,0.,0.991155069,0.443586002,0.,                717P    593
0.994071146,0.471709514,0.,0.994071146,0.5,0.,0.994071146,           717P    594
0.528290486,0.,0.991155069,0.556413998,0.,0.988238992,               717P    595
0.58453751,0.,0.98244126,0.61216207,0.,0.,1.,0.,0.,-1.;              717P    596
100,6.,0.,0.,58.734135774,-12.973966044,58.734135774,                719P    597
12.973966044;                                                        719P    598
126,8,2,1,0,1,0,0.,0.,0.,0.25,0.25,0.5,0.5,0.75,0.75,1.,1.,1.,       721P    599
1.,1.,1.,1.,1.,1.,1.,1.,1.,0.98244126,0.61216207,0.,0.9815783,       721P    600
0.616273831,0.,0.979977574,0.620132991,0.,0.978376847,               721P    601
0.623992152,0.,0.976098546,0.627453597,0.,0.973820245,               721P    602
0.630915043,0.,0.970950039,0.633848614,0.,0.968079833,               721P    603
0.636782186,0.,0.964725649,0.639077573,0.,0.,1.,0.,0.,-1.;           721P    604
100,6.,53.851830223,11.895498376,58.734135774,12.973966044,          723P    605
56.577373468,16.087325426;                                           723P    606
126,1,1,1,0,1,0,0.,0.,1.,1.,1.,1.,0.964725649,0.639077573,0.,        725P    607
0.958831064,0.643111447,0.,0.,1.,0.,0.,1.;                           725P    608
110,56.577373468,16.087325426,6.,55.859745536,16.553930069,6.;       727P    609
126,8,2,1,0,1,0,0.,0.,0.,0.25,0.25,0.5,0.5,0.75,0.75,1.,1.,1.,       729P    610
1.,1.,1.,1.,1.,1.,1.,1.,1.,0.958831064,0.643111447,0.,               729P    611
0.956010235,0.645041841,0.,0.953525538,0.647429709,0.,               729P    612
0.95104084,0.649817578,0.,0.948958537,0.652599241,0.,                729P    613
0.946876233,0.655380905,0.,0.945251855,0.658482181,0.,               729P    614
0.943627476,0.661583457,0.,0.942504342,0.664921641,0.,0.,1.,0.,      729P    615
0.,1.;                                                               729P    616
124,-0.545108648986695,-0.838365410068843,                           731P    617
-2.33092273020516E-015,107.913161573245,-0.838365410068843,          731P    618
0.545108648986695,6.58244384585028E-015,58.5529451365839,            731P    619
-4.2478870937269E-015,5.54231206238947E-015,-1.,                     731P    620
12.0000000000001;                                                    731P    621
100,6.,58.585288781,20.745757119,63.585288781,20.745757119,          733P    622
62.553741942,23.787365165;                                           733P    623
126,32,2,1,0,1,0,0.,0.,0.,0.0625,0.0625,0.125,0.125,0.1875,          735P    624
0.1875,0.25,0.25,0.3125,0.3125,0.375,0.375,0.4375,0.4375,0.5,        735P    625
0.5,0.5625,0.5625,0.625,0.625,0.6875,0.6875,0.75,0.75,0.8125,        735P    626
0.8125,0.875,0.875,0.9375,0.9375,1.,1.,1.,1.,1.,1.,1.,1.,1.,1.,      735P    627
1.,1.,1.,1.,1.,1.,1.,1.,1.,1.,1.,1.,1.,1.,1.,1.,1.,1.,1.,1.,1.,      735P    628
1.,1.,1.,1.,1.,0.942504342,0.664921641,0.,0.930429982,               735P    629
0.70080911,0.,0.913274339,0.734326002,0.,0.896118697,                735P    630
0.767842894,0.,0.874286822,0.798197866,0.,0.852454947,               735P    631
0.828552837,0.,0.826462296,0.8550292,0.,0.800469645,                 735P    632
0.881505563,0.,0.770929911,0.903478204,0.,0.741390177,               735P    633
0.925450844,0.,0.709000801,0.942400983,0.,0.676611424,               735P    634
0.959351121,0.,0.642137127,0.97087856,0.,0.60766283,                 735P    635
0.982405999,0.,0.57191756,0.988238572,0.,0.536172289,                735P    636
0.994071146,0.,0.5,0.994071146,0.,0.463827711,0.994071146,0.,        735P    637
0.42808244,0.988238572,0.,0.39233717,0.982405999,0.,                 735P    638
0.357862873,0.97087856,0.,0.323388576,0.959351121,0.,                735P    639
0.290999199,0.942400983,0.,0.258609823,0.925450844,0.,               735P    640
0.229070089,0.903478204,0.,0.199530355,0.881505563,0.,               735P    641
0.173537704,0.8550292,0.,0.147545053,0.828552837,0.,                 735P    642
0.125713178,0.798197866,0.,0.103881303,0.767842894,0.,               735P    643
0.086725661,0.734326002,0.,0.069570018,0.70080911,0.,                735P    644
0.057495658,0.664921641,0.,0.,1.,0.,0.,-1.;                          735P    645
100,6.,0.,0.,53.872071663,19.07675011,-53.872071663,                 737P    646
19.07675011;                                                         737P    647
126,8,2,1,0,1,0,0.,0.,0.,0.25,0.25,0.5,0.5,0.75,0.75,1.,1.,1.,       739P    648
1.,1.,1.,1.,1.,1.,1.,1.,1.,0.057495658,0.664921641,0.,               739P    649
0.056372524,0.661583457,0.,0.054748145,0.658482181,0.,               739P    650
0.053123767,0.655380905,0.,0.051041463,0.652599241,0.,               739P    651
0.04895916,0.649817578,0.,0.046474462,0.647429709,0.,                739P    652
0.043989765,0.645041841,0.,0.041168936,0.643111447,0.,0.,1.,0.,      739P    653
0.,1.;                                                               739P    654
124,0.942643423669462,-0.333801401753672,                            741P    655
-5.85427436877393E-015,3.5647112189427,-0.333801401753672,           741P    656
-0.942643423669462,-3.806473351158E-015,20.745757118989,             741P    657
-4.2478870937269E-015,5.54231206238947E-015,-1.,                     741P    658
11.9999999999996;                                                    741P    659
100,6.,-58.585288781,20.745757119,-53.585288781,20.745757119,        743P    660
-54.61683562,23.787365165;                                           743P    661
126,1,1,1,0,1,0,0.,0.,1.,1.,1.,1.,0.041168936,0.643111447,0.,        745P    662
0.035274351,0.639077573,0.,0.,1.,0.,0.,1.;                           745P    663
110,-55.859745536,16.553930069,6.,-56.577373468,16.087325426,        747P    664
6.;                                                                  747P    665
126,8,2,1,0,1,0,0.,0.,0.,0.25,0.25,0.5,0.5,0.75,0.75,1.,1.,1.,       749P    666
1.,1.,1.,1.,1.,1.,1.,1.,1.,0.035274351,0.639077573,0.,               749P    667
0.031920167,0.636782186,0.,0.029049961,0.633848614,0.,               749P    668
0.026179755,0.630915043,0.,0.023901454,0.627453597,0.,               749P    669
0.021623153,0.623992152,0.,0.020022426,0.620132991,0.,               749P    670
0.0184217,0.616273831,0.,0.01755874,0.61216207,0.,0.,1.,0.,0.,       749P    671
-1.;                                                                 749P    672
100,6.,-53.851830223,11.895498376,-56.577373468,16.087325426,        751P    673
-58.734135774,12.973966044;                                          751P    674
126,4,2,1,0,1,0,0.,0.,0.,0.5,0.5,1.,1.,1.,1.,1.,1.,1.,1.,            753P    675
0.01755874,0.61216207,0.,0.011761008,0.58453751,0.,0.008844931,      753P    676
0.556413998,0.,0.005928854,0.528290486,0.,0.005928854,0.5,0.,        753P    677
0.,1.,0.,0.,-1.;                                                     753P    678
100,6.,0.,0.,-58.734135774,12.973966044,-60.15,0.;                   755P    679
126,4,2,1,0,1,0,0.,0.,0.,0.5,0.5,1.,1.,1.,1.,1.,1.,1.,1.,            757P    680
0.005928854,0.5,0.,0.005928854,0.471709514,0.,0.008844931,           757P    681
0.443586002,0.,0.011761008,0.41546249,0.,0.01755874,0.38783793,      757P    682
0.,0.,1.,0.,0.,-1.;                                                  757P    683
100,6.,0.,0.,-60.15,0.,-58.734135774,-12.973966044;                  759P    684
126,8,2,1,0,1,0,0.,0.,0.,0.25,0.25,0.5,0.5,0.75,0.75,1.,1.,1.,       761P    685
1.,1.,1.,1.,1.,1.,1.,1.,1.,0.01755874,0.38783793,0.,0.0184217,       761P    686
0.383726169,0.,0.020022426,0.379867009,0.,0.021623153,               761P    687
0.376007848,0.,0.023901454,0.372546403,0.,0.026179755,               761P    688
0.369084957,0.,0.029049961,0.366151386,0.,0.031920167,               761P    689
0.363217814,0.,0.035274351,0.360922427,0.,0.,1.,0.,0.,-1.;           761P    690
100,6.,-53.851830223,-11.895498376,-58.734135774,-12.973966044,      763P    691
-56.577373468,-16.087325426;                                         763P    692
126,1,1,1,0,1,0,0.,0.,1.,1.,1.,1.,0.035274351,0.360922427,0.,        765P    693
0.041168936,0.356888553,0.,0.,1.,0.,0.,1.;                           765P    694
110,-56.577373468,-16.087325426,6.,-55.859745536,-16.553930069,      767P    695
6.;                                                                  767P    696
126,8,2,1,0,1,0,0.,0.,0.,0.25,0.25,0.5,0.5,0.75,0.75,1.,1.,1.,       769P    697
1.,1.,1.,1.,1.,1.,1.,1.,1.,0.041168936,0.356888553,0.,               769P    698
0.043989765,0.354958159,0.,0.046474462,0.352570291,0.,               769P    699
0.04895916,0.350182422,0.,0.051041463,0.347400759,0.,                769P    700
0.053123767,0.344619095,0.,0.054748145,0.341517819,0.,               769P    701
0.056372524,0.338416543,0.,0.057495658,0.335078359,0.,0.,1.,0.,      769P    702
0.,1.;                                                               769P    703
124,0.545108648986683,0.838365410068851,2.33092273020515E-015,       771P    704
-9.25741598886975,0.838365410068851,-0.545108648986683,              771P    705
-6.58244384585028E-015,17.0614308986049,-4.24788709372698E-015,      771P    706
5.5423120623894E-015,-1.,11.9999999999999;                           771P    707
100,6.,-58.585288781,-20.745757119,-53.585288781,-20.745757119,      773P    708
-54.61683562,-17.704149073;                                          773P    709
126,32,2,1,0,1,0,0.,0.,0.,0.0625,0.0625,0.125,0.125,0.1875,          775P    710
0.1875,0.25,0.25,0.3125,0.3125,0.375,0.375,0.4375,0.4375,0.5,        775P    711
0.5,0.5625,0.5625,0.625,0.625,0.6875,0.6875,0.75,0.75,0.8125,        775P    712
0.8125,0.875,0.875,0.9375,0.9375,1.,1.,1.,1.,1.,1.,1.,1.,1.,1.,      775P    713
1.,1.,1.,1.,1.,1.,1.,1.,1.,1.,1.,1.,1.,1.,1.,1.,1.,1.,1.,1.,1.,      775P    714
1.,1.,1.,1.,1.,0.057495658,0.335078359,0.,0.069570018,               775P    715
0.29919089,0.,0.086725661,0.265673998,0.,0.103881303,                775P    716
0.232157106,0.,0.125713178,0.201802134,0.,0.147545053,               775P    717
0.171447163,0.,0.173537704,0.1449708,0.,0.199530355,                 775P    718
0.118494437,0.,0.229070089,0.096521796,0.,0.258609823,               775P    719
0.074549156,0.,0.290999199,0.057599017,0.,0.323388576,               775P    720
0.040648879,0.,0.357862873,0.02912144,0.,0.39233717,                 775P    721
0.017594001,0.,0.42808244,0.011761428,0.,0.463827711,                775P    722
0.005928854,0.,0.5,0.005928854,0.,0.536172289,0.005928854,0.,        775P    723
0.57191756,0.011761428,0.,0.60766283,0.017594001,0.,                 775P    724
0.642137127,0.02912144,0.,0.676611424,0.040648879,0.,                775P    725
0.709000801,0.057599017,0.,0.741390177,0.074549156,0.,               775P    726
0.770929911,0.096521796,0.,0.800469645,0.118494437,0.,               775P    727
0.826462296,0.1449708,0.,0.852454947,0.171447163,0.,                 775P    728
0.874286822,0.201802134,0.,0.896118697,0.232157106,0.,               775P    729
0.913274339,0.265673998,0.,0.930429982,0.29919089,0.,                775P    730
0.942504342,0.335078359,0.,0.,1.,0.,0.,-1.;                          775P    731
100,6.,0.,0.,-53.872071663,-19.07675011,53.872071663,                777P    732
-19.07675011;                                                        777P    733
126,8,2,1,0,1,0,0.,0.,0.,0.25,0.25,0.5,0.5,0.75,0.75,1.,1.,1.,       779P    734
1.,1.,1.,1.,1.,1.,1.,1.,1.,0.942504342,0.335078359,0.,               779P    735
0.943627476,0.338416543,0.,0.945251855,0.341517819,0.,               779P    736
0.946876233,0.344619095,0.,0.948958537,0.347400759,0.,               779P    737
0.95104084,0.350182422,0.,0.953525538,0.352570291,0.,                779P    738
0.956010235,0.354958159,0.,0.958831064,0.356888553,0.,0.,1.,0.,      779P    739
0.,1.;                                                               779P    740
124,-0.942643423669466,0.333801401753658,5.85427436877393E-015,      781P    741
120.735288781057,0.333801401753658,0.942643423669466,                781P    742
3.806473351158E-015,-20.7457571189899,-4.24788709372697E-015,        781P    743
5.54231206238941E-015,-1.,12.0000000000004;                          781P    744
100,6.,58.585288781,-20.745757119,63.585288781,-20.745757119,        783P    745
62.553741942,-17.704149073;                                          783P    746
102,17,709,713,717,721,725,729,735,739,745,749,753,757,761,765,      785P    747
769,775,779;                                                         785P    748
102,17,711,715,719,723,727,733,737,743,747,751,755,759,763,767,      787P    749
773,777,783;                                                         787P    750
142,1,707,785,787,1;                                                 789P    751
126,32,2,1,0,1,0,0.,0.,0.,0.0625,0.0625,0.125,0.125,0.1875,          791P    752
0.1875,0.25,0.25,0.3125,0.3125,0.375,0.375,0.4375,0.4375,0.5,        791P    753
0.5,0.5625,0.5625,0.625,0.625,0.6875,0.6875,0.75,0.75,0.8125,        791P    754
0.8125,0.875,0.875,0.9375,0.9375,1.,1.,1.,1.,1.,1.,1.,1.,1.,1.,      791P    755
1.,1.,1.,1.,1.,1.,1.,1.,1.,1.,1.,1.,1.,1.,1.,1.,1.,1.,1.,1.,1.,      791P    756
1.,1.,1.,1.,1.,0.5402942,0.586499719,0.,0.5402942,0.590842239,       791P    757
0.,0.54109913,0.595101318,0.,0.54190406,0.599360397,0.,              791P    758
0.543482987,0.603372362,0.,0.545061914,0.607384326,0.,               791P    759
0.54735416,0.610994999,0.,0.549646407,0.614605672,0.,                791P    760
0.552563883,0.617676297,0.,0.55548136,0.620746922,0.,                791P    761
0.558911949,0.623159496,0.,0.562342539,0.625572071,0.,               791P    762
0.566154405,0.627233881,0.,0.569966272,0.628895691,0.,               791P    763
0.574012928,0.629742875,0.,0.578059584,0.630590058,0.,               791P    764
0.582185519,0.630590058,0.,0.586311454,0.630590058,0.,               791P    765
0.59035811,0.629742875,0.,0.594404766,0.628895691,0.,                791P    766
0.598216633,0.627233881,0.,0.6020285,0.625572071,0.,                 791P    767
0.605459089,0.623159496,0.,0.608889678,0.620746922,0.,               791P    768
0.611807155,0.617676297,0.,0.614724631,0.614605672,0.,               791P    769
0.617016878,0.610994999,0.,0.619309124,0.607384326,0.,               791P    770
0.620888051,0.603372362,0.,0.622466978,0.599360397,0.,               791P    771
0.623271908,0.595101318,0.,0.624076838,0.590842239,0.,               791P    772
0.624076838,0.586499719,0.,0.,1.,0.,0.,1.;                           791P    773
124,-1.,-6.98296267768627E-015,0.,20.0111219075792,                  793P    774
-6.98296267768627E-015,1.,-6.98296267768627E-015,                    793P    775
1.12510167088976E-013,4.87617677579594E-029,                         793P    776
-6.98296267768627E-015,-1.,12.0000000000001;                         793P    777
100,6.,10.005560954,10.005560954,15.105560954,10.005560954,          795P    778
4.905560954,10.005560954;                                            795P    779
126,32,2,1,0,1,0,0.,0.,0.,0.0625,0.0625,0.125,0.125,0.1875,          797P    780
0.1875,0.25,0.25,0.3125,0.3125,0.375,0.375,0.4375,0.4375,0.5,        797P    781
0.5,0.5625,0.5625,0.625,0.625,0.6875,0.6875,0.75,0.75,0.8125,        797P    782
0.8125,0.875,0.875,0.9375,0.9375,1.,1.,1.,1.,1.,1.,1.,1.,1.,1.,      797P    783
1.,1.,1.,1.,1.,1.,1.,1.,1.,1.,1.,1.,1.,1.,1.,1.,1.,1.,1.,1.,1.,      797P    784
1.,1.,1.,1.,1.,0.624076838,0.586499719,0.,0.624076838,               797P    785
0.5821572,0.,0.623271908,0.577898121,0.,0.622466978,                 797P    786
0.573639042,0.,0.620888051,0.569627077,0.,0.619309124,               797P    787
0.565615113,0.,0.617016878,0.56200444,0.,0.614724631,                797P    788
0.558393767,0.,0.611807155,0.555323142,0.,0.608889678,               797P    789
0.552252517,0.,0.605459089,0.549839943,0.,0.6020285,                 797P    790
0.547427368,0.,0.598216633,0.545765558,0.,0.594404766,               797P    791
0.544103748,0.,0.59035811,0.543256564,0.,0.586311454,                797P    792
0.542409381,0.,0.582185519,0.542409381,0.,0.578059584,               797P    793
0.542409381,0.,0.574012928,0.543256564,0.,0.569966272,               797P    794
0.544103748,0.,0.566154405,0.545765558,0.,0.562342539,               797P    795
0.547427368,0.,0.558911949,0.549839943,0.,0.55548136,                797P    796
0.552252517,0.,0.552563883,0.555323142,0.,0.549646407,               797P    797
0.558393767,0.,0.54735416,0.56200444,0.,0.545061914,                 797P    798
0.565615113,0.,0.543482987,0.569627077,0.,0.54190406,                797P    799
0.573639042,0.,0.54109913,0.577898121,0.,0.5402942,0.5821572,        797P    800
0.,0.5402942,0.586499719,0.,0.,1.,0.,0.,1.;                          797P    801
124,1.,-7.105427357601E-015,0.,7.10639105433557E-014,                799P    802
-7.105427357601E-015,-1.,6.98296267768627E-015,                      799P    803
20.0111219075795,-4.96169340471387E-029,-6.98296267768627E-015,      799P    804
-1.,12.0000000000001;                                                799P    805
100,6.,10.005560954,10.005560954,15.105560954,10.005560954,          801P    806
4.905560954,10.005560954;                                            801P    807
102,2,791,797;                                                       803P    808
102,2,795,801;                                                       805P    809
142,1,707,803,805,1;                                                 807P    810
126,32,2,1,0,1,0,0.,0.,0.,0.0625,0.0625,0.125,0.125,0.1875,          809P    811
0.1875,0.25,0.25,0.3125,0.3125,0.375,0.375,0.4375,0.4375,0.5,        809P    812
0.5,0.5625,0.5625,0.625,0.625,0.6875,0.6875,0.75,0.75,0.8125,        809P    813
0.8125,0.875,0.875,0.9375,0.9375,1.,1.,1.,1.,1.,1.,1.,1.,1.,1.,      809P    814
1.,1.,1.,1.,1.,1.,1.,1.,1.,1.,1.,1.,1.,1.,1.,1.,1.,1.,1.,1.,1.,      809P    815
1.,1.,1.,1.,1.,0.5402942,0.413500281,0.,0.5402942,0.4178428,0.,      809P    816
0.54109913,0.422101879,0.,0.54190406,0.426360958,0.,                 809P    817
0.543482987,0.430372923,0.,0.545061914,0.434384887,0.,               809P    818
0.54735416,0.43799556,0.,0.549646407,0.441606233,0.,                 809P    819
0.552563883,0.444676858,0.,0.55548136,0.447747483,0.,                809P    820
0.558911949,0.450160057,0.,0.562342539,0.452572632,0.,               809P    821
0.566154405,0.454234442,0.,0.569966272,0.455896252,0.,               809P    822
0.574012928,0.456743436,0.,0.578059584,0.457590619,0.,               809P    823
0.582185519,0.457590619,0.,0.586311454,0.457590619,0.,               809P    824
0.59035811,0.456743436,0.,0.594404766,0.455896252,0.,                809P    825
0.598216633,0.454234442,0.,0.6020285,0.452572632,0.,                 809P    826
0.605459089,0.450160057,0.,0.608889678,0.447747483,0.,               809P    827
0.611807155,0.444676858,0.,0.614724631,0.441606233,0.,               809P    828
0.617016878,0.43799556,0.,0.619309124,0.434384887,0.,                809P    829
0.620888051,0.430372923,0.,0.622466978,0.426360958,0.,               809P    830
0.623271908,0.422101879,0.,0.624076838,0.4178428,0.,                 809P    831
0.624076838,0.413500281,0.,0.,1.,0.,0.,1.;                           809P    832
124,-1.,-6.98296267768627E-015,0.,20.0111219075792,                  811P    833
-6.98296267768627E-015,1.,-6.98296267768627E-015,                    811P    834
1.12510167088975E-013,4.87617677579594E-029,                         811P    835
-6.98296267768627E-015,-1.,11.9999999999999;                         811P    836
100,6.,10.005560954,-10.005560954,15.105560954,-10.005560954,        813P    837
4.905560954,-10.005560954;                                           813P    838
126,32,2,1,0,1,0,0.,0.,0.,0.0625,0.0625,0.125,0.125,0.1875,          815P    839
0.1875,0.25,0.25,0.3125,0.3125,0.375,0.375,0.4375,0.4375,0.5,        815P    840
0.5,0.5625,0.5625,0.625,0.625,0.6875,0.6875,0.75,0.75,0.8125,        815P    841
0.8125,0.875,0.875,0.9375,0.9375,1.,1.,1.,1.,1.,1.,1.,1.,1.,1.,      815P    842
1.,1.,1.,1.,1.,1.,1.,1.,1.,1.,1.,1.,1.,1.,1.,1.,1.,1.,1.,1.,1.,      815P    843
1.,1.,1.,1.,1.,0.624076838,0.413500281,0.,0.624076838,               815P    844
0.409157761,0.,0.623271908,0.404898682,0.,0.622466978,               815P    845
0.400639603,0.,0.620888051,0.396627638,0.,0.619309124,               815P    846
0.392615674,0.,0.617016878,0.389005001,0.,0.614724631,               815P    847
0.385394328,0.,0.611807155,0.382323703,0.,0.608889678,               815P    848
0.379253078,0.,0.605459089,0.376840504,0.,0.6020285,                 815P    849
0.374427929,0.,0.598216633,0.372766119,0.,0.594404766,               815P    850
0.371104309,0.,0.59035811,0.370257125,0.,0.586311454,                815P    851
0.369409942,0.,0.582185519,0.369409942,0.,0.578059584,               815P    852
0.369409942,0.,0.574012928,0.370257125,0.,0.569966272,               815P    853
0.371104309,0.,0.566154405,0.372766119,0.,0.562342539,               815P    854
0.374427929,0.,0.558911949,0.376840504,0.,0.55548136,                815P    855
0.379253078,0.,0.552563883,0.382323703,0.,0.549646407,               815P    856
0.385394328,0.,0.54735416,0.389005001,0.,0.545061914,                815P    857
0.392615674,0.,0.543482987,0.396627638,0.,0.54190406,                815P    858
0.400639603,0.,0.54109913,0.404898682,0.,0.5402942,0.409157761,      815P    859
0.,0.5402942,0.413500281,0.,0.,1.,0.,0.,1.;                          815P    860
124,1.,-7.105427357601E-015,0.,-7.1063910543353E-014,                817P    861
-7.105427357601E-015,-1.,6.98296267768627E-015,                      817P    862
-20.0111219075793,-4.96169340471387E-029,                            817P    863
-6.98296267768627E-015,-1.,11.9999999999999;                         817P    864
100,6.,10.005560954,-10.005560954,15.105560954,-10.005560954,        819P    865
4.905560954,-10.005560954;                                           819P    866
102,2,809,815;                                                       821P    867
102,2,813,819;                                                       823P    868
142,1,707,821,823,1;                                                 825P    869
126,32,2,1,0,1,0,0.,0.,0.,0.0625,0.0625,0.125,0.125,0.1875,          827P    870
0.1875,0.25,0.25,0.3125,0.3125,0.375,0.375,0.4375,0.4375,0.5,        827P    871
0.5,0.5625,0.5625,0.625,0.625,0.6875,0.6875,0.75,0.75,0.8125,        827P    872
0.8125,0.875,0.875,0.9375,0.9375,1.,1.,1.,1.,1.,1.,1.,1.,1.,1.,      827P    873
1.,1.,1.,1.,1.,1.,1.,1.,1.,1.,1.,1.,1.,1.,1.,1.,1.,1.,1.,1.,1.,      827P    874
1.,1.,1.,1.,1.,0.375923162,0.413500281,0.,0.375923162,               827P    875
0.4178428,0.,0.376728092,0.422101879,0.,0.377533022,                 827P    876
0.426360958,0.,0.379111949,0.430372923,0.,0.380690876,               827P    877
0.434384887,0.,0.382983122,0.43799556,0.,0.385275369,                827P    878
0.441606233,0.,0.388192845,0.444676858,0.,0.391110322,               827P    879
0.447747483,0.,0.394540911,0.450160057,0.,0.3979715,                 827P    880
0.452572632,0.,0.401783367,0.454234442,0.,0.405595234,               827P    881
0.455896252,0.,0.40964189,0.456743436,0.,0.413688546,                827P    882
0.457590619,0.,0.417814481,0.457590619,0.,0.421940416,               827P    883
0.457590619,0.,0.425987072,0.456743436,0.,0.430033728,               827P    884
0.455896252,0.,0.433845595,0.454234442,0.,0.437657461,               827P    885
0.452572632,0.,0.441088051,0.450160057,0.,0.44451864,                827P    886
0.447747483,0.,0.447436117,0.444676858,0.,0.450353593,               827P    887
0.441606233,0.,0.45264584,0.43799556,0.,0.454938086,                 827P    888
0.434384887,0.,0.456517013,0.430372923,0.,0.45809594,                827P    889
0.426360958,0.,0.45890087,0.422101879,0.,0.4597058,0.4178428,        827P    890
0.,0.4597058,0.413500281,0.,0.,1.,0.,0.,1.;                          827P    891
124,-1.,-6.98296267768627E-015,0.,-20.0111219075793,                 829P    892
-6.98296267768627E-015,1.,-6.98296267768627E-015,                    829P    893
-2.81857896713928E-014,4.87617677579594E-029,                        829P    894
-6.98296267768627E-015,-1.,11.9999999999999;                         829P    895
100,6.,-10.005560954,-10.005560954,-4.905560954,-10.005560954,       831P    896
-15.105560954,-10.005560954;                                         831P    897
126,32,2,1,0,1,0,0.,0.,0.,0.0625,0.0625,0.125,0.125,0.1875,          833P    898
0.1875,0.25,0.25,0.3125,0.3125,0.375,0.375,0.4375,0.4375,0.5,        833P    899
0.5,0.5625,0.5625,0.625,0.625,0.6875,0.6875,0.75,0.75,0.8125,        833P    900
0.8125,0.875,0.875,0.9375,0.9375,1.,1.,1.,1.,1.,1.,1.,1.,1.,1.,      833P    901
1.,1.,1.,1.,1.,1.,1.,1.,1.,1.,1.,1.,1.,1.,1.,1.,1.,1.,1.,1.,1.,      833P    902
1.,1.,1.,1.,1.,0.4597058,0.413500281,0.,0.4597058,0.409157761,       833P    903
0.,0.45890087,0.404898682,0.,0.45809594,0.400639603,0.,              833P    904
0.456517013,0.396627638,0.,0.454938086,0.392615674,0.,               833P    905
0.45264584,0.389005001,0.,0.450353593,0.385394328,0.,                833P    906
0.447436117,0.382323703,0.,0.44451864,0.379253078,0.,                833P    907
0.441088051,0.376840504,0.,0.437657461,0.374427929,0.,               833P    908
0.433845595,0.372766119,0.,0.430033728,0.371104309,0.,               833P    909
0.425987072,0.370257125,0.,0.421940416,0.369409942,0.,               833P    910
0.417814481,0.369409942,0.,0.413688546,0.369409942,0.,               833P    911
0.40964189,0.370257125,0.,0.405595234,0.371104309,0.,                833P    912
0.401783367,0.372766119,0.,0.3979715,0.374427929,0.,                 833P    913
0.394540911,0.376840504,0.,0.391110322,0.379253078,0.,               833P    914
0.388192845,0.382323703,0.,0.385275369,0.385394328,0.,               833P    915
0.382983122,0.389005001,0.,0.380690876,0.392615674,0.,               833P    916
0.379111949,0.396627638,0.,0.377533022,0.400639603,0.,               833P    917
0.376728092,0.404898682,0.,0.375923162,0.409157761,0.,               833P    918
0.375923162,0.413500281,0.,0.,1.,0.,0.,1.;                           833P    919
124,1.,-7.105427357601E-015,0.,-7.10639105433541E-014,               835P    920
-7.105427357601E-015,-1.,6.98296267768627E-015,                      835P    921
-20.0111219075794,-4.96169340471387E-029,                            835P    922
-6.98296267768627E-015,-1.,11.9999999999999;                         835P    923
100,6.,-10.005560954,-10.005560954,-4.905560954,-10.005560954,       837P    924
-15.105560954,-10.005560954;                                         837P    925
102,2,827,833;                                                       839P    926
102,2,831,837;                                                       841P    927
142,1,707,839,841,1;                                                 843P    928
126,32,2,1,0,1,0,0.,0.,0.,0.0625,0.0625,0.125,0.125,0.1875,          845P    929
0.1875,0.25,0.25,0.3125,0.3125,0.375,0.375,0.4375,0.4375,0.5,        845P    930
0.5,0.5625,0.5625,0.625,0.625,0.6875,0.6875,0.75,0.75,0.8125,        845P    931
0.8125,0.875,0.875,0.9375,0.9375,1.,1.,1.,1.,1.,1.,1.,1.,1.,1.,      845P    932
1.,1.,1.,1.,1.,1.,1.,1.,1.,1.,1.,1.,1.,1.,1.,1.,1.,1.,1.,1.,1.,      845P    933
1.,1.,1.,1.,1.,0.375923162,0.586499719,0.,0.375923162,               845P    934
0.590842239,0.,0.376728092,0.595101318,0.,0.377533022,               845P    935
0.599360397,0.,0.379111949,0.603372362,0.,0.380690876,               845P    936
0.607384326,0.,0.382983122,0.610994999,0.,0.385275369,               845P    937
0.614605672,0.,0.388192845,0.617676297,0.,0.391110322,               845P    938
0.620746922,0.,0.394540911,0.623159496,0.,0.3979715,                 845P    939
0.625572071,0.,0.401783367,0.627233881,0.,0.405595234,               845P    940
0.628895691,0.,0.40964189,0.629742875,0.,0.413688546,                845P    941
0.630590058,0.,0.417814481,0.630590058,0.,0.421940416,               845P    942
0.630590058,0.,0.425987072,0.629742875,0.,0.430033728,               845P    943
0.628895691,0.,0.433845595,0.627233881,0.,0.437657461,               845P    944
0.625572071,0.,0.441088051,0.623159496,0.,0.44451864,                845P    945
0.620746922,0.,0.447436117,0.617676297,0.,0.450353593,               845P    946
0.614605672,0.,0.45264584,0.610994999,0.,0.454938086,                845P    947
0.607384326,0.,0.456517013,0.603372362,0.,0.45809594,                845P    948
0.599360397,0.,0.45890087,0.595101318,0.,0.4597058,0.590842239,      845P    949
0.,0.4597058,0.586499719,0.,0.,1.,0.,0.,1.;                          845P    950
124,-1.,-6.98296267768627E-015,0.,-20.0111219075792,                 847P    951
-6.98296267768627E-015,1.,-6.98296267768627E-015,                    847P    952
-2.81857896713909E-014,4.87617677579594E-029,                        847P    953
-6.98296267768627E-015,-1.,12.0000000000001;                         847P    954
100,6.,-10.005560954,10.005560954,-4.905560954,10.005560954,         849P    955
-15.105560954,10.005560954;                                          849P    956
126,32,2,1,0,1,0,0.,0.,0.,0.0625,0.0625,0.125,0.125,0.1875,          851P    957
0.1875,0.25,0.25,0.3125,0.3125,0.375,0.375,0.4375,0.4375,0.5,        851P    958
0.5,0.5625,0.5625,0.625,0.625,0.6875,0.6875,0.75,0.75,0.8125,        851P    959
0.8125,0.875,0.875,0.9375,0.9375,1.,1.,1.,1.,1.,1.,1.,1.,1.,1.,      851P    960
1.,1.,1.,1.,1.,1.,1.,1.,1.,1.,1.,1.,1.,1.,1.,1.,1.,1.,1.,1.,1.,      851P    961
1.,1.,1.,1.,1.,0.4597058,0.586499719,0.,0.4597058,0.5821572,0.,      851P    962
0.45890087,0.577898121,0.,0.45809594,0.573639042,0.,                 851P    963
0.456517013,0.569627077,0.,0.454938086,0.565615113,0.,               851P    964
0.45264584,0.56200444,0.,0.450353593,0.558393767,0.,                 851P    965
0.447436117,0.555323142,0.,0.44451864,0.552252517,0.,                851P    966
0.441088051,0.549839943,0.,0.437657461,0.547427368,0.,               851P    967
0.433845595,0.545765558,0.,0.430033728,0.544103748,0.,               851P    968
0.425987072,0.543256564,0.,0.421940416,0.542409381,0.,               851P    969
0.417814481,0.542409381,0.,0.413688546,0.542409381,0.,               851P    970
0.40964189,0.543256564,0.,0.405595234,0.544103748,0.,                851P    971
0.401783367,0.545765558,0.,0.3979715,0.547427368,0.,                 851P    972
0.394540911,0.549839943,0.,0.391110322,0.552252517,0.,               851P    973
0.388192845,0.555323142,0.,0.385275369,0.558393767,0.,               851P    974
0.382983122,0.56200444,0.,0.380690876,0.565615113,0.,                851P    975
0.379111949,0.569627077,0.,0.377533022,0.573639042,0.,               851P    976
0.376728092,0.577898121,0.,0.375923162,0.5821572,0.,                 851P    977
0.375923162,0.586499719,0.,0.,1.,0.,0.,1.;                           851P    978
124,1.,-7.105427357601E-015,0.,7.10639105433536E-014,                853P    979
-7.105427357601E-015,-1.,6.98296267768627E-015,                      853P    980
20.0111219075792,-4.96169340471387E-029,-6.98296267768627E-015,      853P    981
-1.,12.0000000000001;                                                853P    982
100,6.,-10.005560954,10.005560954,-4.905560954,10.005560954,         855P    983
-15.105560954,10.005560954;                                          855P    984
102,2,845,851;                                                       857P    985
102,2,849,855;                                                       859P    986
142,1,707,857,859,1;                                                 861P    987
126,32,2,1,0,1,0,0.,0.,0.,0.0625,0.0625,0.125,0.125,0.1875,          863P    988
0.1875,0.25,0.25,0.3125,0.3125,0.375,0.375,0.4375,0.4375,0.5,        863P    989
0.5,0.5625,0.5625,0.625,0.625,0.6875,0.6875,0.75,0.75,0.8125,        863P    990
0.8125,0.875,0.875,0.9375,0.9375,1.,1.,1.,1.,1.,1.,1.,1.,1.,1.,      863P    991
1.,1.,1.,1.,1.,1.,1.,1.,1.,1.,1.,1.,1.,1.,1.,1.,1.,1.,1.,1.,1.,      863P    992
1.,1.,1.,1.,1.,0.677402022,0.332310495,0.,0.677402022,               863P    993
0.336653014,0.,0.678206952,0.340912094,0.,0.679011882,               863P    994
0.345171173,0.,0.680590809,0.349183137,0.,0.682169736,               863P    995
0.353195102,0.,0.684461982,0.356805775,0.,0.686754229,               863P    996
0.360416448,0.,0.689671705,0.363487073,0.,0.692589182,               863P    997
0.366557697,0.,0.696019771,0.368970272,0.,0.699450361,               863P    998
0.371382846,0.,0.703262227,0.373044657,0.,0.707074094,               863P    999
0.374706467,0.,0.71112075,0.37555365,0.,0.715167406,                 863P   1000
0.376400834,0.,0.719293341,0.376400834,0.,0.723419276,               863P   1001
0.376400834,0.,0.727465932,0.37555365,0.,0.731512588,                863P   1002
0.374706467,0.,0.735324455,0.373044657,0.,0.739136322,               863P   1003
0.371382846,0.,0.742566911,0.368970272,0.,0.745997501,               863P   1004
0.366557697,0.,0.748914977,0.363487073,0.,0.751832454,               863P   1005
0.360416448,0.,0.7541247,0.356805775,0.,0.756416947,                 863P   1006
0.353195102,0.,0.757995874,0.349183137,0.,0.7595748,                 863P   1007
0.345171173,0.,0.76037973,0.340912094,0.,0.76118466,                 863P   1008
0.336653014,0.,0.76118466,0.332310495,0.,0.,1.,0.,0.,1.;             863P   1009
124,-1.,-6.98296267768627E-015,0.,53.3951216287469,                  865P   1010
-6.98296267768627E-015,1.,-6.98296267768627E-015,                    865P   1011
2.27668194807354E-013,4.87617677579594E-029,                         865P   1012
-6.98296267768627E-015,-1.,11.9999999999999;                         865P   1013
100,6.,26.697560814,-19.396913326,31.797560814,-19.396913326,        867P   1014
21.597560814,-19.396913326;                                          867P   1015
126,32,2,1,0,1,0,0.,0.,0.,0.0625,0.0625,0.125,0.125,0.1875,          869P   1016
0.1875,0.25,0.25,0.3125,0.3125,0.375,0.375,0.4375,0.4375,0.5,        869P   1017
0.5,0.5625,0.5625,0.625,0.625,0.6875,0.6875,0.75,0.75,0.8125,        869P   1018
0.8125,0.875,0.875,0.9375,0.9375,1.,1.,1.,1.,1.,1.,1.,1.,1.,1.,      869P   1019
1.,1.,1.,1.,1.,1.,1.,1.,1.,1.,1.,1.,1.,1.,1.,1.,1.,1.,1.,1.,1.,      869P   1020
1.,1.,1.,1.,1.,0.76118466,0.332310495,0.,0.76118466,                 869P   1021
0.327967976,0.,0.76037973,0.323708897,0.,0.7595748,0.319449818,      869P   1022
0.,0.757995874,0.315437853,0.,0.756416947,0.311425888,0.,            869P   1023
0.7541247,0.307815216,0.,0.751832454,0.304204543,0.,                 869P   1024
0.748914977,0.301133918,0.,0.745997501,0.298063293,0.,               869P   1025
0.742566911,0.295650719,0.,0.739136322,0.293238144,0.,               869P   1026
0.735324455,0.291576334,0.,0.731512588,0.289914524,0.,               869P   1027
0.727465932,0.28906734,0.,0.723419276,0.288220157,0.,                869P   1028
0.719293341,0.288220157,0.,0.715167406,0.288220157,0.,               869P   1029
0.71112075,0.28906734,0.,0.707074094,0.289914524,0.,                 869P   1030
0.703262227,0.291576334,0.,0.699450361,0.293238144,0.,               869P   1031
0.696019771,0.295650719,0.,0.692589182,0.298063293,0.,               869P   1032
0.689671705,0.301133918,0.,0.686754229,0.304204543,0.,               869P   1033
0.684461982,0.307815216,0.,0.682169736,0.311425888,0.,               869P   1034
0.680590809,0.315437853,0.,0.679011882,0.319449818,0.,               869P   1035
0.678206952,0.323708897,0.,0.677402022,0.327967976,0.,               869P   1036
0.677402022,0.332310495,0.,0.,1.,0.,0.,1.;                           869P   1037
124,1.,-7.105427357601E-015,0.,-1.3686883911605E-013,                871P   1038
-7.105427357601E-015,-1.,6.98296267768627E-015,                      871P   1039
-38.7938266513024,-4.96169340471387E-029,                            871P   1040
-6.98296267768627E-015,-1.,11.9999999999999;                         871P   1041
100,6.,26.697560814,-19.396913326,31.797560814,-19.396913326,        873P   1042
21.597560814,-19.396913326;                                          873P   1043
102,2,863,869;                                                       875P   1044
102,2,867,873;                                                       877P   1045
142,1,707,875,877,1;                                                 879P   1046
126,32,2,1,0,1,0,0.,0.,0.,0.0625,0.0625,0.125,0.125,0.1875,          881P   1047
0.1875,0.25,0.25,0.3125,0.3125,0.375,0.375,0.4375,0.4375,0.5,        881P   1048
0.5,0.5625,0.5625,0.625,0.625,0.6875,0.6875,0.75,0.75,0.8125,        881P   1049
0.8125,0.875,0.875,0.9375,0.9375,1.,1.,1.,1.,1.,1.,1.,1.,1.,1.,      881P   1050
1.,1.,1.,1.,1.,1.,1.,1.,1.,1.,1.,1.,1.,1.,1.,1.,1.,1.,1.,1.,1.,      881P   1051
1.,1.,1.,1.,1.,0.541871284,0.228672682,0.,0.541871284,               881P   1052
0.233015201,0.,0.542676214,0.23727428,0.,0.543481144,                881P   1053
0.241533359,0.,0.54506007,0.245545324,0.,0.546638997,                881P   1054
0.249557288,0.,0.548931244,0.253167961,0.,0.551223491,               881P   1055
0.256778634,0.,0.554140967,0.259849259,0.,0.557058443,               881P   1056
0.262919884,0.,0.560489033,0.265332458,0.,0.563919622,               881P   1057
0.267745033,0.,0.567731489,0.269406843,0.,0.571543356,               881P   1058
0.271068653,0.,0.575590012,0.271915837,0.,0.579636668,               881P   1059
0.27276302,0.,0.583762603,0.27276302,0.,0.587888538,0.27276302,      881P   1060
0.,0.591935194,0.271915837,0.,0.59598185,0.271068653,0.,             881P   1061
0.599793717,0.269406843,0.,0.603605583,0.267745033,0.,               881P   1062
0.607036173,0.265332458,0.,0.610466762,0.262919884,0.,               881P   1063
0.613384239,0.259849259,0.,0.616301715,0.256778634,0.,               881P   1064
0.618593962,0.253167961,0.,0.620886208,0.249557288,0.,               881P   1065
0.622465135,0.245545324,0.,0.624044062,0.241533359,0.,               881P   1066
0.624848992,0.23727428,0.,0.625653922,0.233015201,0.,                881P   1067
0.625653922,0.228672682,0.,0.,1.,0.,0.,1.;                           881P   1068
124,-1.,-6.98296267768627E-015,0.,20.395121628747,                   883P   1069
-6.98296267768627E-015,1.,-6.98296267768627E-015,                    883P   1070
1.1519162281013E-013,4.87617677579594E-029,                          883P   1071
-6.98296267768627E-015,-1.,11.9999999999998;                         883P   1072
100,6.,10.197560814,-31.384865038,15.297560814,-31.384865038,        885P   1073
5.097560814,-31.384865038;                                           885P   1074
126,32,2,1,0,1,0,0.,0.,0.,0.0625,0.0625,0.125,0.125,0.1875,          887P   1075
0.1875,0.25,0.25,0.3125,0.3125,0.375,0.375,0.4375,0.4375,0.5,        887P   1076
0.5,0.5625,0.5625,0.625,0.625,0.6875,0.6875,0.75,0.75,0.8125,        887P   1077
0.8125,0.875,0.875,0.9375,0.9375,1.,1.,1.,1.,1.,1.,1.,1.,1.,1.,      887P   1078
1.,1.,1.,1.,1.,1.,1.,1.,1.,1.,1.,1.,1.,1.,1.,1.,1.,1.,1.,1.,1.,      887P   1079
1.,1.,1.,1.,1.,0.625653922,0.228672682,0.,0.625653922,               887P   1080
0.224330162,0.,0.624848992,0.220071083,0.,0.624044062,               887P   1081
0.215812004,0.,0.622465135,0.21180004,0.,0.620886208,                887P   1082
0.207788075,0.,0.618593962,0.204177402,0.,0.616301715,               887P   1083
0.200566729,0.,0.613384239,0.197496104,0.,0.610466762,               887P   1084
0.194425479,0.,0.607036173,0.192012905,0.,0.603605583,               887P   1085
0.189600331,0.,0.599793717,0.18793852,0.,0.59598185,0.18627671,      887P   1086
0.,0.591935194,0.185429527,0.,0.587888538,0.184582343,0.,            887P   1087
0.583762603,0.184582343,0.,0.579636668,0.184582343,0.,               887P   1088
0.575590012,0.185429527,0.,0.571543356,0.18627671,0.,                887P   1089
0.567731489,0.18793852,0.,0.563919622,0.189600331,0.,                887P   1090
0.560489033,0.192012905,0.,0.557058443,0.194425479,0.,               887P   1091
0.554140967,0.197496104,0.,0.551223491,0.200566729,0.,               887P   1092
0.548931244,0.204177402,0.,0.546638997,0.207788075,0.,               887P   1093
0.54506007,0.21180004,0.,0.543481144,0.215812004,0.,                 887P   1094
0.542676214,0.220071083,0.,0.541871284,0.224330162,0.,               887P   1095
0.541871284,0.228672682,0.,0.,1.,0.,0.,1.;                           887P   1096
124,1.,-7.105427357601E-015,0.,-2.22226428906536E-013,               889P   1097
-7.105427357601E-015,-1.,6.98296267768627E-015,                      889P   1098
-62.7697300754799,-4.96169340471387E-029,                            889P   1099
-6.98296267768627E-015,-1.,11.9999999999998;                         889P   1100
100,6.,10.197560814,-31.384865038,15.297560814,-31.384865038,        891P   1101
5.097560814,-31.384865038;                                           891P   1102
102,2,881,887;                                                       893P   1103
102,2,885,891;                                                       895P   1104
142,1,707,893,895,1;                                                 897P   1105
126,32,2,1,0,1,0,0.,0.,0.,0.0625,0.0625,0.125,0.125,0.1875,          899P   1106
0.1875,0.25,0.25,0.3125,0.3125,0.375,0.375,0.4375,0.4375,0.5,        899P   1107
0.5,0.5625,0.5625,0.625,0.625,0.6875,0.6875,0.75,0.75,0.8125,        899P   1108
0.8125,0.875,0.875,0.9375,0.9375,1.,1.,1.,1.,1.,1.,1.,1.,1.,1.,      899P   1109
1.,1.,1.,1.,1.,1.,1.,1.,1.,1.,1.,1.,1.,1.,1.,1.,1.,1.,1.,1.,1.,      899P   1110
1.,1.,1.,1.,1.,0.374346078,0.228672682,0.,0.374346078,               899P   1111
0.233015201,0.,0.375151008,0.23727428,0.,0.375955938,                899P   1112
0.241533359,0.,0.377534865,0.245545324,0.,0.379113792,               899P   1113
0.249557288,0.,0.381406038,0.253167961,0.,0.383698285,               899P   1114
0.256778634,0.,0.386615761,0.259849259,0.,0.389533238,               899P   1115
0.262919884,0.,0.392963827,0.265332458,0.,0.396394417,               899P   1116
0.267745033,0.,0.400206283,0.269406843,0.,0.40401815,                899P   1117
0.271068653,0.,0.408064806,0.271915837,0.,0.412111462,               899P   1118
0.27276302,0.,0.416237397,0.27276302,0.,0.420363332,0.27276302,      899P   1119
0.,0.424409988,0.271915837,0.,0.428456644,0.271068653,0.,            899P   1120
0.432268511,0.269406843,0.,0.436080378,0.267745033,0.,               899P   1121
0.439510967,0.265332458,0.,0.442941557,0.262919884,0.,               899P   1122
0.445859033,0.259849259,0.,0.448776509,0.256778634,0.,               899P   1123
0.451068756,0.253167961,0.,0.453361003,0.249557288,0.,               899P   1124
0.45493993,0.245545324,0.,0.456518856,0.241533359,0.,                899P   1125
0.457323786,0.23727428,0.,0.458128716,0.233015201,0.,                899P   1126
0.458128716,0.228672682,0.,0.,1.,0.,0.,1.;                           899P   1127
124,-1.,-6.98296267768627E-015,0.,-20.3951216287461,                 901P   1128
-6.98296267768627E-015,1.,-6.98296267768627E-015,                    901P   1129
-3.08672453925437E-014,4.87617677579594E-029,                        901P   1130
-6.98296267768627E-015,-1.,11.9999999999998;                         901P   1131
100,6.,-10.197560814,-31.384865038,-5.097560814,-31.384865038,       903P   1132
-15.297560814,-31.384865038;                                         903P   1133
126,32,2,1,0,1,0,0.,0.,0.,0.0625,0.0625,0.125,0.125,0.1875,          905P   1134
0.1875,0.25,0.25,0.3125,0.3125,0.375,0.375,0.4375,0.4375,0.5,        905P   1135
0.5,0.5625,0.5625,0.625,0.625,0.6875,0.6875,0.75,0.75,0.8125,        905P   1136
0.8125,0.875,0.875,0.9375,0.9375,1.,1.,1.,1.,1.,1.,1.,1.,1.,1.,      905P   1137
1.,1.,1.,1.,1.,1.,1.,1.,1.,1.,1.,1.,1.,1.,1.,1.,1.,1.,1.,1.,1.,      905P   1138
1.,1.,1.,1.,1.,0.458128716,0.228672682,0.,0.458128716,               905P   1139
0.224330162,0.,0.457323786,0.220071083,0.,0.456518856,               905P   1140
0.215812004,0.,0.45493993,0.21180004,0.,0.453361003,                 905P   1141
0.207788075,0.,0.451068756,0.204177402,0.,0.448776509,               905P   1142
0.200566729,0.,0.445859033,0.197496104,0.,0.442941557,               905P   1143
0.194425479,0.,0.439510967,0.192012905,0.,0.436080378,               905P   1144
0.189600331,0.,0.432268511,0.18793852,0.,0.428456644,                905P   1145
0.18627671,0.,0.424409988,0.185429527,0.,0.420363332,                905P   1146
0.184582343,0.,0.416237397,0.184582343,0.,0.412111462,               905P   1147
0.184582343,0.,0.408064806,0.185429527,0.,0.40401815,                905P   1148
0.18627671,0.,0.400206283,0.18793852,0.,0.396394417,                 905P   1149
0.189600331,0.,0.392963827,0.192012905,0.,0.389533238,               905P   1150
0.194425479,0.,0.386615761,0.197496104,0.,0.383698285,               905P   1151
0.200566729,0.,0.381406038,0.204177402,0.,0.379113792,               905P   1152
0.207788075,0.,0.377534865,0.21180004,0.,0.375955938,                905P   1153
0.215812004,0.,0.375151008,0.220071083,0.,0.374346078,               905P   1154
0.224330162,0.,0.374346078,0.228672682,0.,0.,1.,0.,0.,1.;            905P   1155
124,1.,-7.105427357601E-015,0.,-2.2222642890654E-013,                907P   1156
-7.105427357601E-015,-1.,6.98296267768627E-015,                      907P   1157
-62.7697300754805,-4.96169340471387E-029,                            907P   1158
-6.98296267768627E-015,-1.,11.9999999999998;                         907P   1159
100,6.,-10.197560814,-31.384865038,-5.097560814,-31.384865038,       909P   1160
-15.297560814,-31.384865038;                                         909P   1161
102,2,899,905;                                                       911P   1162
102,2,903,909;                                                       913P   1163
142,1,707,911,913,1;                                                 915P   1164
126,32,2,1,0,1,0,0.,0.,0.,0.0625,0.0625,0.125,0.125,0.1875,          917P   1165
0.1875,0.25,0.25,0.3125,0.3125,0.375,0.375,0.4375,0.4375,0.5,        917P   1166
0.5,0.5625,0.5625,0.625,0.625,0.6875,0.6875,0.75,0.75,0.8125,        917P   1167
0.8125,0.875,0.875,0.9375,0.9375,1.,1.,1.,1.,1.,1.,1.,1.,1.,1.,      917P   1168
1.,1.,1.,1.,1.,1.,1.,1.,1.,1.,1.,1.,1.,1.,1.,1.,1.,1.,1.,1.,1.,      917P   1169
1.,1.,1.,1.,1.,0.23881534,0.332310495,0.,0.23881534,                 917P   1170
0.336653014,0.,0.23962027,0.340912094,0.,0.2404252,0.345171173,      917P   1171
0.,0.242004126,0.349183137,0.,0.243583053,0.353195102,0.,            917P   1172
0.2458753,0.356805775,0.,0.248167546,0.360416448,0.,                 917P   1173
0.251085023,0.363487073,0.,0.254002499,0.366557697,0.,               917P   1174
0.257433089,0.368970272,0.,0.260863678,0.371382846,0.,               917P   1175
0.264675545,0.373044657,0.,0.268487412,0.374706467,0.,               917P   1176
0.272534068,0.37555365,0.,0.276580724,0.376400834,0.,                917P   1177
0.280706659,0.376400834,0.,0.284832594,0.376400834,0.,               917P   1178
0.28887925,0.37555365,0.,0.292925906,0.374706467,0.,                 917P   1179
0.296737773,0.373044657,0.,0.300549639,0.371382846,0.,               917P   1180
0.303980229,0.368970272,0.,0.307410818,0.366557697,0.,               917P   1181
0.310328295,0.363487073,0.,0.313245771,0.360416448,0.,               917P   1182
0.315538018,0.356805775,0.,0.317830264,0.353195102,0.,               917P   1183
0.319409191,0.349183137,0.,0.320988118,0.345171173,0.,               917P   1184
0.321793048,0.340912094,0.,0.322597978,0.336653014,0.,               917P   1185
0.322597978,0.332310495,0.,0.,1.,0.,0.,1.;                           917P   1186
124,-1.,-6.98296267768627E-015,0.,-53.3951216287463,                 919P   1187
-6.98296267768627E-015,1.,-6.98296267768627E-015,                    919P   1188
-1.43343817389768E-013,4.87617677579594E-029,                        919P   1189
-6.98296267768627E-015,-1.,11.9999999999999;                         919P   1190
100,6.,-26.697560814,-19.396913326,-21.597560814,-19.396913326,      921P   1191
-31.797560814,-19.396913326;                                         921P   1192
126,32,2,1,0,1,0,0.,0.,0.,0.0625,0.0625,0.125,0.125,0.1875,          923P   1193
0.1875,0.25,0.25,0.3125,0.3125,0.375,0.375,0.4375,0.4375,0.5,        923P   1194
0.5,0.5625,0.5625,0.625,0.625,0.6875,0.6875,0.75,0.75,0.8125,        923P   1195
0.8125,0.875,0.875,0.9375,0.9375,1.,1.,1.,1.,1.,1.,1.,1.,1.,1.,      923P   1196
1.,1.,1.,1.,1.,1.,1.,1.,1.,1.,1.,1.,1.,1.,1.,1.,1.,1.,1.,1.,1.,      923P   1197
1.,1.,1.,1.,1.,0.322597978,0.332310495,0.,0.322597978,               923P   1198
0.327967976,0.,0.321793048,0.323708897,0.,0.320988118,               923P   1199
0.319449818,0.,0.319409191,0.315437853,0.,0.317830264,               923P   1200
0.311425888,0.,0.315538018,0.307815216,0.,0.313245771,               923P   1201
0.304204543,0.,0.310328295,0.301133918,0.,0.307410818,               923P   1202
0.298063293,0.,0.303980229,0.295650719,0.,0.300549639,               923P   1203
0.293238144,0.,0.296737773,0.291576334,0.,0.292925906,               923P   1204
0.289914524,0.,0.28887925,0.28906734,0.,0.284832594,                 923P   1205
0.288220157,0.,0.280706659,0.288220157,0.,0.276580724,               923P   1206
0.288220157,0.,0.272534068,0.28906734,0.,0.268487412,                923P   1207
0.289914524,0.,0.264675545,0.291576334,0.,0.260863678,               923P   1208
0.293238144,0.,0.257433089,0.295650719,0.,0.254002499,               923P   1209
0.298063293,0.,0.251085023,0.301133918,0.,0.248167546,               923P   1210
0.304204543,0.,0.2458753,0.307815216,0.,0.243583053,                 923P   1211
0.311425888,0.,0.242004126,0.315437853,0.,0.2404252,                 923P   1212
0.319449818,0.,0.23962027,0.323708897,0.,0.23881534,                 923P   1213
0.327967976,0.,0.23881534,0.332310495,0.,0.,1.,0.,0.,1.;             923P   1214
124,1.,-7.105427357601E-015,0.,-1.36868839116061E-013,               925P   1215
-7.105427357601E-015,-1.,6.98296267768627E-015,                      925P   1216
-38.7938266513039,-4.96169340471387E-029,                            925P   1217
-6.98296267768627E-015,-1.,11.9999999999999;                         925P   1218
100,6.,-26.697560814,-19.396913326,-21.597560814,-19.396913326,      927P   1219
-31.797560814,-19.396913326;                                         927P   1220
102,2,917,923;                                                       929P   1221
102,2,921,927;                                                       931P   1222
142,1,707,929,931,1;                                                 933P   1223
126,32,2,1,0,1,0,0.,0.,0.,0.0625,0.0625,0.125,0.125,0.1875,          935P   1224
0.1875,0.25,0.25,0.3125,0.3125,0.375,0.375,0.4375,0.4375,0.5,        935P   1225
0.5,0.5625,0.5625,0.625,0.625,0.6875,0.6875,0.75,0.75,0.8125,        935P   1226
0.8125,0.875,0.875,0.9375,0.9375,1.,1.,1.,1.,1.,1.,1.,1.,1.,1.,      935P   1227
1.,1.,1.,1.,1.,1.,1.,1.,1.,1.,1.,1.,1.,1.,1.,1.,1.,1.,1.,1.,1.,      935P   1228
1.,1.,1.,1.,1.,0.187047204,0.5,0.,0.187047204,0.504342519,0.,        935P   1229
0.187852134,0.508601598,0.,0.188657064,0.512860677,0.,               935P   1230
0.190235991,0.516872642,0.,0.191814918,0.520884607,0.,               935P   1231
0.194107164,0.52449528,0.,0.196399411,0.528105952,0.,                935P   1232
0.199316887,0.531176577,0.,0.202234364,0.534247202,0.,               935P   1233
0.205664953,0.536659777,0.,0.209095543,0.539072351,0.,               935P   1234
0.212907409,0.540734161,0.,0.216719276,0.542395972,0.,               935P   1235
0.220765932,0.543243155,0.,0.224812588,0.544090339,0.,               935P   1236
0.228938523,0.544090339,0.,0.233064458,0.544090339,0.,               935P   1237
0.237111114,0.543243155,0.,0.24115777,0.542395972,0.,                935P   1238
0.244969637,0.540734161,0.,0.248781504,0.539072351,0.,               935P   1239
0.252212093,0.536659777,0.,0.255642683,0.534247202,0.,               935P   1240
0.258560159,0.531176577,0.,0.261477636,0.528105952,0.,               935P   1241
0.263769882,0.52449528,0.,0.266062129,0.520884607,0.,                935P   1242
0.267641056,0.516872642,0.,0.269219982,0.512860677,0.,               935P   1243
0.270024912,0.508601598,0.,0.270829842,0.504342519,0.,               935P   1244
0.270829842,0.5,0.,0.,1.,0.,0.,1.;                                   935P   1245
124,-1.,-6.98296267768627E-015,0.,-66.,-6.98296267768627E-015,       937P   1246
1.,-6.98296267768627E-015,-1.88539992297529E-013,                    937P   1247
4.87617677579594E-029,-6.98296267768627E-015,-1.,12.;                937P   1248
100,6.,-33.,0.,-27.9,0.,-38.1,0.;                                    939P   1249
126,32,2,1,0,1,0,0.,0.,0.,0.0625,0.0625,0.125,0.125,0.1875,          941P   1250
0.1875,0.25,0.25,0.3125,0.3125,0.375,0.375,0.4375,0.4375,0.5,        941P   1251
0.5,0.5625,0.5625,0.625,0.625,0.6875,0.6875,0.75,0.75,0.8125,        941P   1252
0.8125,0.875,0.875,0.9375,0.9375,1.,1.,1.,1.,1.,1.,1.,1.,1.,1.,      941P   1253
1.,1.,1.,1.,1.,1.,1.,1.,1.,1.,1.,1.,1.,1.,1.,1.,1.,1.,1.,1.,1.,      941P   1254
1.,1.,1.,1.,1.,0.270829842,0.5,0.,0.270829842,0.495657481,0.,        941P   1255
0.270024912,0.491398402,0.,0.269219982,0.487139323,0.,               941P   1256
0.267641056,0.483127358,0.,0.266062129,0.479115393,0.,               941P   1257
0.263769882,0.47550472,0.,0.261477636,0.471894048,0.,                941P   1258
0.258560159,0.468823423,0.,0.255642683,0.465752798,0.,               941P   1259
0.252212093,0.463340223,0.,0.248781504,0.460927649,0.,               941P   1260
0.244969637,0.459265839,0.,0.24115777,0.457604028,0.,                941P   1261
0.237111114,0.456756845,0.,0.233064458,0.455909661,0.,               941P   1262
0.228938523,0.455909661,0.,0.224812588,0.455909661,0.,               941P   1263
0.220765932,0.456756845,0.,0.216719276,0.457604028,0.,               941P   1264
0.212907409,0.459265839,0.,0.209095543,0.460927649,0.,               941P   1265
0.205664953,0.463340223,0.,0.202234364,0.465752798,0.,               941P   1266
0.199316887,0.468823423,0.,0.196399411,0.471894048,0.,               941P   1267
0.194107164,0.47550472,0.,0.191814918,0.479115393,0.,                941P   1268
0.190235991,0.483127358,0.,0.188657064,0.487139323,0.,               941P   1269
0.187852134,0.491398402,0.,0.187047204,0.495657481,0.,               941P   1270
0.187047204,0.5,0.,0.,1.,0.,0.,1.;                                   941P   1271
124,1.,-7.35035671743047E-015,8.55166289179391E-031,                 943P   1272
-1.48521394354185E-027,-7.35035671743047E-015,-1.,                   943P   1273
6.98296267768627E-015,-2.84459547741323E-013,                        943P   1274
-5.04721003363181E-029,-6.98296267768627E-015,-1.,12.;               943P   1275
100,6.,-33.,0.,-27.9,0.,-38.1,0.;                                    945P   1276
102,2,935,941;                                                       947P   1277
102,2,939,945;                                                       949P   1278
142,1,707,947,949,1;                                                 951P   1279
126,32,2,1,0,1,0,0.,0.,0.,0.0625,0.0625,0.125,0.125,0.1875,          953P   1280
0.1875,0.25,0.25,0.3125,0.3125,0.375,0.375,0.4375,0.4375,0.5,        953P   1281
0.5,0.5625,0.5625,0.625,0.625,0.6875,0.6875,0.75,0.75,0.8125,        953P   1282
0.8125,0.875,0.875,0.9375,0.9375,1.,1.,1.,1.,1.,1.,1.,1.,1.,1.,      953P   1283
1.,1.,1.,1.,1.,1.,1.,1.,1.,1.,1.,1.,1.,1.,1.,1.,1.,1.,1.,1.,1.,      953P   1284
1.,1.,1.,1.,1.,0.23881534,0.667689505,0.,0.23881534,                 953P   1285
0.672032024,0.,0.23962027,0.676291103,0.,0.2404252,0.680550182,      953P   1286
0.,0.242004126,0.684562147,0.,0.243583053,0.688574112,0.,            953P   1287
0.2458753,0.692184784,0.,0.248167546,0.695795457,0.,                 953P   1288
0.251085023,0.698866082,0.,0.254002499,0.701936707,0.,               953P   1289
0.257433089,0.704349281,0.,0.260863678,0.706761856,0.,               953P   1290
0.264675545,0.708423666,0.,0.268487412,0.710085476,0.,               953P   1291
0.272534068,0.71093266,0.,0.276580724,0.711779843,0.,                953P   1292
0.280706659,0.711779843,0.,0.284832594,0.711779843,0.,               953P   1293
0.28887925,0.71093266,0.,0.292925906,0.710085476,0.,                 953P   1294
0.296737773,0.708423666,0.,0.300549639,0.706761856,0.,               953P   1295
0.303980229,0.704349281,0.,0.307410818,0.701936707,0.,               953P   1296
0.310328295,0.698866082,0.,0.313245771,0.695795457,0.,               953P   1297
0.315538018,0.692184784,0.,0.317830264,0.688574112,0.,               953P   1298
0.319409191,0.684562147,0.,0.320988118,0.680550182,0.,               953P   1299
0.321793048,0.676291103,0.,0.322597978,0.672032024,0.,               953P   1300
0.322597978,0.667689505,0.,0.,1.,0.,0.,1.;                           953P   1301
124,-1.,-6.98296267768627E-015,0.,-53.3951216287466,                 955P   1302
-6.98296267768627E-015,1.,-6.98296267768627E-015,                    955P   1303
-1.43343817389768E-013,4.87617677579594E-029,                        955P   1304
-6.98296267768627E-015,-1.,12.0000000000001;                         955P   1305
100,6.,-26.697560814,19.396913326,-21.597560814,19.396913326,        957P   1306
-31.797560814,19.396913326;                                          957P   1307
126,32,2,1,0,1,0,0.,0.,0.,0.0625,0.0625,0.125,0.125,0.1875,          959P   1308
0.1875,0.25,0.25,0.3125,0.3125,0.375,0.375,0.4375,0.4375,0.5,        959P   1309
0.5,0.5625,0.5625,0.625,0.625,0.6875,0.6875,0.75,0.75,0.8125,        959P   1310
0.8125,0.875,0.875,0.9375,0.9375,1.,1.,1.,1.,1.,1.,1.,1.,1.,1.,      959P   1311
1.,1.,1.,1.,1.,1.,1.,1.,1.,1.,1.,1.,1.,1.,1.,1.,1.,1.,1.,1.,1.,      959P   1312
1.,1.,1.,1.,1.,0.322597978,0.667689505,0.,0.322597978,               959P   1313
0.663346986,0.,0.321793048,0.659087906,0.,0.320988118,               959P   1314
0.654828827,0.,0.319409191,0.650816863,0.,0.317830264,               959P   1315
0.646804898,0.,0.315538018,0.643194225,0.,0.313245771,               959P   1316
0.639583552,0.,0.310328295,0.636512927,0.,0.307410818,               959P   1317
0.633442303,0.,0.303980229,0.631029728,0.,0.300549639,               959P   1318
0.628617154,0.,0.296737773,0.626955343,0.,0.292925906,               959P   1319
0.625293533,0.,0.28887925,0.62444635,0.,0.284832594,                 959P   1320
0.623599166,0.,0.280706659,0.623599166,0.,0.276580724,               959P   1321
0.623599166,0.,0.272534068,0.62444635,0.,0.268487412,                959P   1322
0.625293533,0.,0.264675545,0.626955343,0.,0.260863678,               959P   1323
0.628617154,0.,0.257433089,0.631029728,0.,0.254002499,               959P   1324
0.633442303,0.,0.251085023,0.636512927,0.,0.248167546,               959P   1325
0.639583552,0.,0.2458753,0.643194225,0.,0.243583053,                 959P   1326
0.646804898,0.,0.242004126,0.650816863,0.,0.2404252,                 959P   1327
0.654828827,0.,0.23962027,0.659087906,0.,0.23881534,                 959P   1328
0.663346986,0.,0.23881534,0.667689505,0.,0.,1.,0.,0.,1.;             959P   1329
124,1.,-7.105427357601E-015,0.,1.36868839116053E-013,                961P   1330
-7.105427357601E-015,-1.,6.98296267768627E-015,                      961P   1331
38.7938266513027,-4.96169340471387E-029,-6.98296267768627E-015,      961P   1332
-1.,12.0000000000001;                                                961P   1333
100,6.,-26.697560814,19.396913326,-21.597560814,19.396913326,        963P   1334
-31.797560814,19.396913326;                                          963P   1335
102,2,953,959;                                                       965P   1336
102,2,957,963;                                                       967P   1337
142,1,707,965,967,1;                                                 969P   1338
126,32,2,1,0,1,0,0.,0.,0.,0.0625,0.0625,0.125,0.125,0.1875,          971P   1339
0.1875,0.25,0.25,0.3125,0.3125,0.375,0.375,0.4375,0.4375,0.5,        971P   1340
0.5,0.5625,0.5625,0.625,0.625,0.6875,0.6875,0.75,0.75,0.8125,        971P   1341
0.8125,0.875,0.875,0.9375,0.9375,1.,1.,1.,1.,1.,1.,1.,1.,1.,1.,      971P   1342
1.,1.,1.,1.,1.,1.,1.,1.,1.,1.,1.,1.,1.,1.,1.,1.,1.,1.,1.,1.,1.,      971P   1343
1.,1.,1.,1.,1.,0.374346078,0.771327318,0.,0.374346078,               971P   1344
0.775669838,0.,0.375151008,0.779928917,0.,0.375955938,               971P   1345
0.784187996,0.,0.377534865,0.78819996,0.,0.379113792,                971P   1346
0.792211925,0.,0.381406038,0.795822598,0.,0.383698285,               971P   1347
0.799433271,0.,0.386615761,0.802503896,0.,0.389533238,               971P   1348
0.805574521,0.,0.392963827,0.807987095,0.,0.396394417,               971P   1349
0.810399669,0.,0.400206283,0.81206148,0.,0.40401815,0.81372329,      971P   1350
0.,0.408064806,0.814570473,0.,0.412111462,0.815417657,0.,            971P   1351
0.416237397,0.815417657,0.,0.420363332,0.815417657,0.,               971P   1352
0.424409988,0.814570473,0.,0.428456644,0.81372329,0.,                971P   1353
0.432268511,0.81206148,0.,0.436080378,0.810399669,0.,                971P   1354
0.439510967,0.807987095,0.,0.442941557,0.805574521,0.,               971P   1355
0.445859033,0.802503896,0.,0.448776509,0.799433271,0.,               971P   1356
0.451068756,0.795822598,0.,0.453361003,0.792211925,0.,               971P   1357
0.45493993,0.78819996,0.,0.456518856,0.784187996,0.,                 971P   1358
0.457323786,0.779928917,0.,0.458128716,0.775669838,0.,               971P   1359
0.458128716,0.771327318,0.,0.,1.,0.,0.,1.;                           971P   1360
124,-1.,-6.98296267768627E-015,0.,-20.3951216287466,                 973P   1361
-6.98296267768627E-015,1.,-6.98296267768627E-015,                    973P   1362
-3.08672453925437E-014,4.87617677579594E-029,                        973P   1363
-6.98296267768627E-015,-1.,12.0000000000002;                         973P   1364
100,6.,-10.197560814,31.384865038,-5.097560814,31.384865038,         975P   1365
-15.297560814,31.384865038;                                          975P   1366
126,32,2,1,0,1,0,0.,0.,0.,0.0625,0.0625,0.125,0.125,0.1875,          977P   1367
0.1875,0.25,0.25,0.3125,0.3125,0.375,0.375,0.4375,0.4375,0.5,        977P   1368
0.5,0.5625,0.5625,0.625,0.625,0.6875,0.6875,0.75,0.75,0.8125,        977P   1369
0.8125,0.875,0.875,0.9375,0.9375,1.,1.,1.,1.,1.,1.,1.,1.,1.,1.,      977P   1370
1.,1.,1.,1.,1.,1.,1.,1.,1.,1.,1.,1.,1.,1.,1.,1.,1.,1.,1.,1.,1.,      977P   1371
1.,1.,1.,1.,1.,0.458128716,0.771327318,0.,0.458128716,               977P   1372
0.766984799,0.,0.457323786,0.76272572,0.,0.456518856,                977P   1373
0.758466641,0.,0.45493993,0.754454676,0.,0.453361003,                977P   1374
0.750442712,0.,0.451068756,0.746832039,0.,0.448776509,               977P   1375
0.743221366,0.,0.445859033,0.740150741,0.,0.442941557,               977P   1376
0.737080116,0.,0.439510967,0.734667542,0.,0.436080378,               977P   1377
0.732254967,0.,0.432268511,0.730593157,0.,0.428456644,               977P   1378
0.728931347,0.,0.424409988,0.728084163,0.,0.420363332,               977P   1379
0.72723698,0.,0.416237397,0.72723698,0.,0.412111462,0.72723698,      977P   1380
0.,0.408064806,0.728084163,0.,0.40401815,0.728931347,0.,             977P   1381
0.400206283,0.730593157,0.,0.396394417,0.732254967,0.,               977P   1382
0.392963827,0.734667542,0.,0.389533238,0.737080116,0.,               977P   1383
0.386615761,0.740150741,0.,0.383698285,0.743221366,0.,               977P   1384
0.381406038,0.746832039,0.,0.379113792,0.750442712,0.,               977P   1385
0.377534865,0.754454676,0.,0.375955938,0.758466641,0.,               977P   1386
0.375151008,0.76272572,0.,0.374346078,0.766984799,0.,                977P   1387
0.374346078,0.771327318,0.,0.,1.,0.,0.,1.;                           977P   1388
124,1.,-7.105427357601E-015,0.,2.22226428906538E-013,                979P   1389
-7.105427357601E-015,-1.,6.98296267768627E-015,                      979P   1390
62.7697300754799,-4.96169340471387E-029,-6.98296267768627E-015,      979P   1391
-1.,12.0000000000002;                                                979P   1392
100,6.,-10.197560814,31.384865038,-5.097560814,31.384865038,         981P   1393
-15.297560814,31.384865038;                                          981P   1394
102,2,971,977;                                                       983P   1395
102,2,975,981;                                                       985P   1396
142,1,707,983,985,1;                                                 987P   1397
126,32,2,1,0,1,0,0.,0.,0.,0.0625,0.0625,0.125,0.125,0.1875,          989P   1398
0.1875,0.25,0.25,0.3125,0.3125,0.375,0.375,0.4375,0.4375,0.5,        989P   1399
0.5,0.5625,0.5625,0.625,0.625,0.6875,0.6875,0.75,0.75,0.8125,        989P   1400
0.8125,0.875,0.875,0.9375,0.9375,1.,1.,1.,1.,1.,1.,1.,1.,1.,1.,      989P   1401
1.,1.,1.,1.,1.,1.,1.,1.,1.,1.,1.,1.,1.,1.,1.,1.,1.,1.,1.,1.,1.,      989P   1402
1.,1.,1.,1.,1.,0.541871284,0.771327318,0.,0.541871284,               989P   1403
0.775669838,0.,0.542676214,0.779928917,0.,0.543481144,               989P   1404
0.784187996,0.,0.54506007,0.78819996,0.,0.546638997,                 989P   1405
0.792211925,0.,0.548931244,0.795822598,0.,0.551223491,               989P   1406
0.799433271,0.,0.554140967,0.802503896,0.,0.557058443,               989P   1407
0.805574521,0.,0.560489033,0.807987095,0.,0.563919622,               989P   1408
0.810399669,0.,0.567731489,0.81206148,0.,0.571543356,                989P   1409
0.81372329,0.,0.575590012,0.814570473,0.,0.579636668,                989P   1410
0.815417657,0.,0.583762603,0.815417657,0.,0.587888538,               989P   1411
0.815417657,0.,0.591935194,0.814570473,0.,0.59598185,                989P   1412
0.81372329,0.,0.599793717,0.81206148,0.,0.603605583,                 989P   1413
0.810399669,0.,0.607036173,0.807987095,0.,0.610466762,               989P   1414
0.805574521,0.,0.613384239,0.802503896,0.,0.616301715,               989P   1415
0.799433271,0.,0.618593962,0.795822598,0.,0.620886208,               989P   1416
0.792211925,0.,0.622465135,0.78819996,0.,0.624044062,                989P   1417
0.784187996,0.,0.624848992,0.779928917,0.,0.625653922,               989P   1418
0.775669838,0.,0.625653922,0.771327318,0.,0.,1.,0.,0.,1.;            989P   1419
124,-1.,-6.98296267768627E-015,0.,20.3951216287466,                  991P   1420
-6.98296267768627E-015,1.,-6.98296267768627E-015,                    991P   1421
1.1519162281013E-013,4.87617677579594E-029,                          991P   1422
-6.98296267768627E-015,-1.,12.0000000000002;                         991P   1423
100,6.,10.197560814,31.384865038,15.297560814,31.384865038,          993P   1424
5.097560814,31.384865038;                                            993P   1425
126,32,2,1,0,1,0,0.,0.,0.,0.0625,0.0625,0.125,0.125,0.1875,          995P   1426
0.1875,0.25,0.25,0.3125,0.3125,0.375,0.375,0.4375,0.4375,0.5,        995P   1427
0.5,0.5625,0.5625,0.625,0.625,0.6875,0.6875,0.75,0.75,0.8125,        995P   1428
0.8125,0.875,0.875,0.9375,0.9375,1.,1.,1.,1.,1.,1.,1.,1.,1.,1.,      995P   1429
1.,1.,1.,1.,1.,1.,1.,1.,1.,1.,1.,1.,1.,1.,1.,1.,1.,1.,1.,1.,1.,      995P   1430
1.,1.,1.,1.,1.,0.625653922,0.771327318,0.,0.625653922,               995P   1431
0.766984799,0.,0.624848992,0.76272572,0.,0.624044062,                995P   1432
0.758466641,0.,0.622465135,0.754454676,0.,0.620886208,               995P   1433
0.750442712,0.,0.618593962,0.746832039,0.,0.616301715,               995P   1434
0.743221366,0.,0.613384239,0.740150741,0.,0.610466762,               995P   1435
0.737080116,0.,0.607036173,0.734667542,0.,0.603605583,               995P   1436
0.732254967,0.,0.599793717,0.730593157,0.,0.59598185,                995P   1437
0.728931347,0.,0.591935194,0.728084163,0.,0.587888538,               995P   1438
0.72723698,0.,0.583762603,0.72723698,0.,0.579636668,0.72723698,      995P   1439
0.,0.575590012,0.728084163,0.,0.571543356,0.728931347,0.,            995P   1440
0.567731489,0.730593157,0.,0.563919622,0.732254967,0.,               995P   1441
0.560489033,0.734667542,0.,0.557058443,0.737080116,0.,               995P   1442
0.554140967,0.740150741,0.,0.551223491,0.743221366,0.,               995P   1443
0.548931244,0.746832039,0.,0.546638997,0.750442712,0.,               995P   1444
0.54506007,0.754454676,0.,0.543481144,0.758466641,0.,                995P   1445
0.542676214,0.76272572,0.,0.541871284,0.766984799,0.,                995P   1446
0.541871284,0.771327318,0.,0.,1.,0.,0.,1.;                           995P   1447
124,1.,-7.105427357601E-015,0.,2.2222642890654E-013,                 997P   1448
-7.105427357601E-015,-1.,6.98296267768627E-015,                      997P   1449
62.7697300754802,-4.96169340471387E-029,-6.98296267768627E-015,      997P   1450
-1.,12.0000000000002;                                                997P   1451
100,6.,10.197560814,31.384865038,15.297560814,31.384865038,          999P   1452
5.097560814,31.384865038;                                            999P   1453
102,2,989,995;                                                      1001P   1454
102,2,993,999;                                                      1003P   1455
142,1,707,1001,1003,1;                                              1005P   1456
126,32,2,1,0,1,0,0.,0.,0.,0.0625,0.0625,0.125,0.125,0.1875,         1007P   1457
0.1875,0.25,0.25,0.3125,0.3125,0.375,0.375,0.4375,0.4375,0.5,       1007P   1458
0.5,0.5625,0.5625,0.625,0.625,0.6875,0.6875,0.75,0.75,0.8125,       1007P   1459
0.8125,0.875,0.875,0.9375,0.9375,1.,1.,1.,1.,1.,1.,1.,1.,1.,1.,     1007P   1460
1.,1.,1.,1.,1.,1.,1.,1.,1.,1.,1.,1.,1.,1.,1.,1.,1.,1.,1.,1.,1.,     1007P   1461
1.,1.,1.,1.,1.,0.677402022,0.667689505,0.,0.677402022,              1007P   1462
0.672032024,0.,0.678206952,0.676291103,0.,0.679011882,              1007P   1463
0.680550182,0.,0.680590809,0.684562147,0.,0.682169736,              1007P   1464
0.688574112,0.,0.684461982,0.692184784,0.,0.686754229,              1007P   1465
0.695795457,0.,0.689671705,0.698866082,0.,0.692589182,              1007P   1466
0.701936707,0.,0.696019771,0.704349281,0.,0.699450361,              1007P   1467
0.706761856,0.,0.703262227,0.708423666,0.,0.707074094,              1007P   1468
0.710085476,0.,0.71112075,0.71093266,0.,0.715167406,                1007P   1469
0.711779843,0.,0.719293341,0.711779843,0.,0.723419276,              1007P   1470
0.711779843,0.,0.727465932,0.71093266,0.,0.731512588,               1007P   1471
0.710085476,0.,0.735324455,0.708423666,0.,0.739136322,              1007P   1472
0.706761856,0.,0.742566911,0.704349281,0.,0.745997501,              1007P   1473
0.701936707,0.,0.748914977,0.698866082,0.,0.751832454,              1007P   1474
0.695795457,0.,0.7541247,0.692184784,0.,0.756416947,                1007P   1475
0.688574112,0.,0.757995874,0.684562147,0.,0.7595748,                1007P   1476
0.680550182,0.,0.76037973,0.676291103,0.,0.76118466,                1007P   1477
0.672032024,0.,0.76118466,0.667689505,0.,0.,1.,0.,0.,1.;            1007P   1478
124,-1.,-6.98296267768627E-015,0.,53.3951216287466,                 1009P   1479
-6.98296267768627E-015,1.,-6.98296267768627E-015,                   1009P   1480
2.27668194807354E-013,4.87617677579594E-029,                        1009P   1481
-6.98296267768627E-015,-1.,12.0000000000001;                        1009P   1482
100,6.,26.697560814,19.396913326,31.797560814,19.396913326,         1011P   1483
21.597560814,19.396913326;                                          1011P   1484
126,32,2,1,0,1,0,0.,0.,0.,0.0625,0.0625,0.125,0.125,0.1875,         1013P   1485
0.1875,0.25,0.25,0.3125,0.3125,0.375,0.375,0.4375,0.4375,0.5,       1013P   1486
0.5,0.5625,0.5625,0.625,0.625,0.6875,0.6875,0.75,0.75,0.8125,       1013P   1487
0.8125,0.875,0.875,0.9375,0.9375,1.,1.,1.,1.,1.,1.,1.,1.,1.,1.,     1013P   1488
1.,1.,1.,1.,1.,1.,1.,1.,1.,1.,1.,1.,1.,1.,1.,1.,1.,1.,1.,1.,1.,     1013P   1489
1.,1.,1.,1.,1.,0.76118466,0.667689505,0.,0.76118466,                1013P   1490
0.663346986,0.,0.76037973,0.659087906,0.,0.7595748,0.654828827,     1013P   1491
0.,0.757995874,0.650816863,0.,0.756416947,0.646804898,0.,           1013P   1492
0.7541247,0.643194225,0.,0.751832454,0.639583552,0.,                1013P   1493
0.748914977,0.636512927,0.,0.745997501,0.633442303,0.,              1013P   1494
0.742566911,0.631029728,0.,0.739136322,0.628617154,0.,              1013P   1495
0.735324455,0.626955343,0.,0.731512588,0.625293533,0.,              1013P   1496
0.727465932,0.62444635,0.,0.723419276,0.623599166,0.,               1013P   1497
0.719293341,0.623599166,0.,0.715167406,0.623599166,0.,              1013P   1498
0.71112075,0.62444635,0.,0.707074094,0.625293533,0.,                1013P   1499
0.703262227,0.626955343,0.,0.699450361,0.628617154,0.,              1013P   1500
0.696019771,0.631029728,0.,0.692589182,0.633442303,0.,              1013P   1501
0.689671705,0.636512927,0.,0.686754229,0.639583552,0.,              1013P   1502
0.684461982,0.643194225,0.,0.682169736,0.646804898,0.,              1013P   1503
0.680590809,0.650816863,0.,0.679011882,0.654828827,0.,              1013P   1504
0.678206952,0.659087906,0.,0.677402022,0.663346986,0.,              1013P   1505
0.677402022,0.667689505,0.,0.,1.,0.,0.,1.;                          1013P   1506
124,1.,-7.105427357601E-015,0.,1.36868839116058E-013,               1015P   1507
-7.105427357601E-015,-1.,6.98296267768627E-015,                     1015P   1508
38.7938266513035,-4.96169340471387E-029,-6.98296267768627E-015,     1015P   1509
-1.,12.0000000000001;                                               1015P   1510
100,6.,26.697560814,19.396913326,31.797560814,19.396913326,         1017P   1511
21.597560814,19.396913326;                                          1017P   1512
102,2,1007,1013;                                                    1019P   1513
102,2,1011,1017;                                                    1021P   1514
142,1,707,1019,1021,1;                                              1023P   1515
126,32,2,1,0,1,0,0.,0.,0.,0.0625,0.0625,0.125,0.125,0.1875,         1025P   1516
0.1875,0.25,0.25,0.3125,0.3125,0.375,0.375,0.4375,0.4375,0.5,       1025P   1517
0.5,0.5625,0.5625,0.625,0.625,0.6875,0.6875,0.75,0.75,0.8125,       1025P   1518
0.8125,0.875,0.875,0.9375,0.9375,1.,1.,1.,1.,1.,1.,1.,1.,1.,1.,     1025P   1519
1.,1.,1.,1.,1.,1.,1.,1.,1.,1.,1.,1.,1.,1.,1.,1.,1.,1.,1.,1.,1.,     1025P   1520
1.,1.,1.,1.,1.,0.729170158,0.5,0.,0.729170158,0.504342519,0.,       1025P   1521
0.729975088,0.508601598,0.,0.730780018,0.512860677,0.,              1025P   1522
0.732358944,0.516872642,0.,0.733937871,0.520884607,0.,              1025P   1523
0.736230118,0.52449528,0.,0.738522364,0.528105952,0.,               1025P   1524
0.741439841,0.531176577,0.,0.744357317,0.534247202,0.,              1025P   1525
0.747787907,0.536659777,0.,0.751218496,0.539072351,0.,              1025P   1526
0.755030363,0.540734161,0.,0.75884223,0.542395972,0.,               1025P   1527
0.762888886,0.543243155,0.,0.766935542,0.544090339,0.,              1025P   1528
0.771061477,0.544090339,0.,0.775187412,0.544090339,0.,              1025P   1529
0.779234068,0.543243155,0.,0.783280724,0.542395972,0.,              1025P   1530
0.787092591,0.540734161,0.,0.790904457,0.539072351,0.,              1025P   1531
0.794335047,0.536659777,0.,0.797765636,0.534247202,0.,              1025P   1532
0.800683113,0.531176577,0.,0.803600589,0.528105952,0.,              1025P   1533
0.805892836,0.52449528,0.,0.808185082,0.520884607,0.,               1025P   1534
0.809764009,0.516872642,0.,0.811342936,0.512860677,0.,              1025P   1535
0.812147866,0.508601598,0.,0.812952796,0.504342519,0.,              1025P   1536
0.812952796,0.5,0.,0.,1.,0.,0.,1.;                                  1025P   1537
124,-1.,-6.98296267768627E-015,0.,66.,-6.98296267768627E-015,       1027P   1538
1.,-6.98296267768627E-015,2.72335544429764E-013,                    1027P   1539
4.87617677579594E-029,-6.98296267768627E-015,-1.,12.;               1027P   1540
100,6.,33.,0.,38.1,0.,27.9,0.;                                      1029P   1541
126,32,2,1,0,1,0,0.,0.,0.,0.0625,0.0625,0.125,0.125,0.1875,         1031P   1542
0.1875,0.25,0.25,0.3125,0.3125,0.375,0.375,0.4375,0.4375,0.5,       1031P   1543
0.5,0.5625,0.5625,0.625,0.625,0.6875,0.6875,0.75,0.75,0.8125,       1031P   1544
0.8125,0.875,0.875,0.9375,0.9375,1.,1.,1.,1.,1.,1.,1.,1.,1.,1.,     1031P   1545
1.,1.,1.,1.,1.,1.,1.,1.,1.,1.,1.,1.,1.,1.,1.,1.,1.,1.,1.,1.,1.,     1031P   1546
1.,1.,1.,1.,1.,0.812952796,0.5,0.,0.812952796,0.495657481,0.,       1031P   1547
0.812147866,0.491398402,0.,0.811342936,0.487139323,0.,              1031P   1548
0.809764009,0.483127358,0.,0.808185082,0.479115393,0.,              1031P   1549
0.805892836,0.47550472,0.,0.803600589,0.471894048,0.,               1031P   1550
0.800683113,0.468823423,0.,0.797765636,0.465752798,0.,              1031P   1551
0.794335047,0.463340223,0.,0.790904457,0.460927649,0.,              1031P   1552
0.787092591,0.459265839,0.,0.783280724,0.457604028,0.,              1031P   1553
0.779234068,0.456756845,0.,0.775187412,0.455909661,0.,              1031P   1554
0.771061477,0.455909661,0.,0.766935542,0.455909661,0.,              1031P   1555
0.762888886,0.456756845,0.,0.75884223,0.457604028,0.,               1031P   1556
0.755030363,0.459265839,0.,0.751218496,0.460927649,0.,              1031P   1557
0.747787907,0.463340223,0.,0.744357317,0.465752798,0.,              1031P   1558
0.741439841,0.468823423,0.,0.738522364,0.471894048,0.,              1031P   1559
0.736230118,0.47550472,0.,0.733937871,0.479115393,0.,               1031P   1560
0.732358944,0.483127358,0.,0.730780018,0.487139323,0.,              1031P   1561
0.729975088,0.491398402,0.,0.729170158,0.495657481,0.,              1031P   1562
0.729170158,0.5,0.,0.,1.,0.,0.,1.;                                  1031P   1563
124,1.,-7.35035671743047E-015,8.55166289179391E-031,                1033P   1564
2.08061715210752E-027,-7.35035671743047E-015,-1.,                   1033P   1565
6.98296267768627E-015,2.00663995609088E-013,                        1033P   1566
-5.04721003363181E-029,-6.98296267768627E-015,-1.,12.;              1033P   1567
100,6.,33.,0.,38.1,0.,27.9,0.;                                      1035P   1568
102,2,1025,1031;                                                    1037P   1569
102,2,1029,1035;                                                    1039P   1570
142,1,707,1037,1039,1;                                              1041P   1571
126,32,2,1,0,1,0,0.,0.,0.,0.0625,0.0625,0.125,0.125,0.1875,         1043P   1572
0.1875,0.25,0.25,0.3125,0.3125,0.375,0.375,0.4375,0.4375,0.5,       1043P   1573
0.5,0.5625,0.5625,0.625,0.625,0.6875,0.6875,0.75,0.75,0.8125,       1043P   1574
0.8125,0.875,0.875,0.9375,0.9375,1.,1.,1.,1.,1.,1.,1.,1.,1.,1.,     1043P   1575
1.,1.,1.,1.,1.,1.,1.,1.,1.,1.,1.,1.,1.,1.,1.,1.,1.,1.,1.,1.,1.,     1043P   1576
1.,1.,1.,1.,1.,0.513142375,0.033377251,0.,0.513142375,              1043P   1577
0.032014892,0.,0.512889848,0.03067871,0.,0.512637321,               1043P   1578
0.029342528,0.,0.512141971,0.028083873,0.,0.511646621,              1043P   1579
0.026825217,0.,0.510927485,0.025692457,0.,0.510208349,              1043P   1580
0.024559697,0.,0.509293062,0.023596364,0.,0.508377775,              1043P   1581
0.02263303,0.,0.507301512,0.021876144,0.,0.506225249,               1043P   1582
0.021119258,0.,0.505029369,0.020597906,0.,0.503833489,              1043P   1583
0.020076554,0.,0.50256395,0.019810771,0.,0.501294411,               1043P   1584
0.019544988,0.,0.5,0.019544988,0.,0.498705589,0.019544988,0.,       1043P   1585
0.49743605,0.019810771,0.,0.496166511,0.020076554,0.,               1043P   1586
0.494970631,0.020597906,0.,0.493774751,0.021119258,0.,              1043P   1587
0.492698488,0.021876144,0.,0.491622225,0.02263303,0.,               1043P   1588
0.490706938,0.023596364,0.,0.489791651,0.024559697,0.,              1043P   1589
0.489072515,0.025692457,0.,0.488353379,0.026825217,0.,              1043P   1590
0.487858029,0.028083873,0.,0.487362679,0.029342528,0.,              1043P   1591
0.487110152,0.03067871,0.,0.486857625,0.032014892,0.,               1043P   1592
0.486857625,0.033377251,0.,0.,1.,0.,0.,1.;                          1043P   1593
124,1.,-7.105427357601E-015,0.,-3.83515441626497E-013,              1045P   1594
-7.105427357601E-015,-1.,6.98296267768627E-015,                     1045P   1595
-107.949999999995,-4.96169340471387E-029,                           1045P   1596
-6.98296267768627E-015,-1.,11.9999999999996;                        1045P   1597
100,6.,0.,-53.975,1.6,-53.975,-1.6,-53.975;                         1047P   1598
126,32,2,1,0,1,0,0.,0.,0.,0.0625,0.0625,0.125,0.125,0.1875,         1049P   1599
0.1875,0.25,0.25,0.3125,0.3125,0.375,0.375,0.4375,0.4375,0.5,       1049P   1600
0.5,0.5625,0.5625,0.625,0.625,0.6875,0.6875,0.75,0.75,0.8125,       1049P   1601
0.8125,0.875,0.875,0.9375,0.9375,1.,1.,1.,1.,1.,1.,1.,1.,1.,1.,     1049P   1602
1.,1.,1.,1.,1.,1.,1.,1.,1.,1.,1.,1.,1.,1.,1.,1.,1.,1.,1.,1.,1.,     1049P   1603
1.,1.,1.,1.,1.,0.486857625,0.033377251,0.,0.486857625,              1049P   1604
0.03473961,0.,0.487110152,0.036075791,0.,0.487362679,               1049P   1605
0.037411973,0.,0.487858029,0.038670629,0.,0.488353379,              1049P   1606
0.039929284,0.,0.489072515,0.041062044,0.,0.489791651,              1049P   1607
0.042194804,0.,0.490706938,0.043158138,0.,0.491622225,              1049P   1608
0.044121471,0.,0.492698488,0.044878357,0.,0.493774751,              1049P   1609
0.045635243,0.,0.494970631,0.046156595,0.,0.496166511,              1049P   1610
0.046677948,0.,0.49743605,0.046943731,0.,0.498705589,               1049P   1611
0.047209514,0.,0.5,0.047209514,0.,0.501294411,0.047209514,0.,       1049P   1612
0.50256395,0.046943731,0.,0.503833489,0.046677948,0.,               1049P   1613
0.505029369,0.046156595,0.,0.506225249,0.045635243,0.,              1049P   1614
0.507301512,0.044878357,0.,0.508377775,0.044121471,0.,              1049P   1615
0.509293062,0.043158138,0.,0.510208349,0.042194804,0.,              1049P   1616
0.510927485,0.041062044,0.,0.511646621,0.039929284,0.,              1049P   1617
0.512141971,0.038670629,0.,0.512637321,0.037411973,0.,              1049P   1618
0.512889848,0.036075791,0.,0.513142375,0.03473961,0.,               1049P   1619
0.513142375,0.033377251,0.,0.,1.,0.,0.,1.;                          1049P   1620
124,-1.,-6.98296267768627E-015,0.,7.73807835602863E-012,            1051P   1621
-6.98296267768627E-015,1.,-6.98296267768627E-015,                   1051P   1622
4.21621887088432E-014,4.87617677579594E-029,                        1051P   1623
-6.98296267768627E-015,-1.,11.9999999999996;                        1051P   1624
100,6.,0.,-53.975,1.6,-53.975,-1.6,-53.975;                         1053P   1625
102,2,1043,1049;                                                    1055P   1626
102,2,1047,1053;                                                    1057P   1627
142,1,707,1055,1057,1;                                              1059P   1628
126,32,2,1,0,1,0,0.,0.,0.,0.0625,0.0625,0.125,0.125,0.1875,         1061P   1629
0.1875,0.25,0.25,0.3125,0.3125,0.375,0.375,0.4375,0.4375,0.5,       1061P   1630
0.5,0.5625,0.5625,0.625,0.625,0.6875,0.6875,0.75,0.75,0.8125,       1061P   1631
0.8125,0.875,0.875,0.9375,0.9375,1.,1.,1.,1.,1.,1.,1.,1.,1.,1.,     1061P   1632
1.,1.,1.,1.,1.,1.,1.,1.,1.,1.,1.,1.,1.,1.,1.,1.,1.,1.,1.,1.,1.,     1061P   1633
1.,1.,1.,1.,1.,0.897094559,0.733311375,0.,0.897094559,              1061P   1634
0.731949016,0.,0.896842032,0.730612834,0.,0.896589505,              1061P   1635
0.729276652,0.,0.896094155,0.728017997,0.,0.895598806,              1061P   1636
0.726759341,0.,0.89487967,0.725626581,0.,0.894160533,               1061P   1637
0.724493821,0.,0.893245247,0.723530488,0.,0.89232996,               1061P   1638
0.722567154,0.,0.891253697,0.721810268,0.,0.890177433,              1061P   1639
0.721053382,0.,0.888981554,0.72053203,0.,0.887785674,               1061P   1640
0.720010678,0.,0.886516135,0.719744895,0.,0.885246595,              1061P   1641
0.719479112,0.,0.883952185,0.719479112,0.,0.882657774,              1061P   1642
0.719479112,0.,0.881388234,0.719744895,0.,0.880118695,              1061P   1643
0.720010678,0.,0.878922815,0.72053203,0.,0.877726936,               1061P   1644
0.721053382,0.,0.876650672,0.721810268,0.,0.875574409,              1061P   1645
0.722567154,0.,0.874659122,0.723530488,0.,0.873743836,              1061P   1646
0.724493821,0.,0.873024699,0.725626581,0.,0.872305563,              1061P   1647
0.726759341,0.,0.871810214,0.728017997,0.,0.871314864,              1061P   1648
0.729276652,0.,0.871062337,0.730612834,0.,0.87080981,               1061P   1649
0.731949016,0.,0.87080981,0.733311375,0.,0.,1.,0.,0.,1.;            1061P   1650
124,1.,-7.105427357601E-015,0.,1.89226412317148E-013,               1063P   1651
-7.105427357601E-015,-1.,6.98296267768627E-015,53.975000000005,     1063P   1652
-4.96169340471387E-029,-6.98296267768627E-015,-1.,                  1063P   1653
12.0000000000002;                                                   1063P   1654
100,6.,46.743721169,26.9875,48.343721169,26.9875,45.143721169,      1065P   1655
26.9875;                                                            1065P   1656
126,32,2,1,0,1,0,0.,0.,0.,0.0625,0.0625,0.125,0.125,0.1875,         1067P   1657
0.1875,0.25,0.25,0.3125,0.3125,0.375,0.375,0.4375,0.4375,0.5,       1067P   1658
0.5,0.5625,0.5625,0.625,0.625,0.6875,0.6875,0.75,0.75,0.8125,       1067P   1659
0.8125,0.875,0.875,0.9375,0.9375,1.,1.,1.,1.,1.,1.,1.,1.,1.,1.,     1067P   1660
1.,1.,1.,1.,1.,1.,1.,1.,1.,1.,1.,1.,1.,1.,1.,1.,1.,1.,1.,1.,1.,     1067P   1661
1.,1.,1.,1.,1.,0.87080981,0.733311375,0.,0.87080981,                1067P   1662
0.734673734,0.,0.871062337,0.736009915,0.,0.871314864,              1067P   1663
0.737346097,0.,0.871810214,0.738604753,0.,0.872305563,              1067P   1664
0.739863408,0.,0.873024699,0.740996168,0.,0.873743836,              1067P   1665
0.742128928,0.,0.874659122,0.743092262,0.,0.875574409,              1067P   1666
0.744055595,0.,0.876650672,0.744812481,0.,0.877726936,              1067P   1667
0.745569367,0.,0.878922815,0.746090719,0.,0.880118695,              1067P   1668
0.746612072,0.,0.881388234,0.746877855,0.,0.882657774,              1067P   1669
0.747143638,0.,0.883952185,0.747143638,0.,0.885246595,              1067P   1670
0.747143638,0.,0.886516135,0.746877855,0.,0.887785674,              1067P   1671
0.746612072,0.,0.888981554,0.746090719,0.,0.890177433,              1067P   1672
0.745569367,0.,0.891253697,0.744812481,0.,0.89232996,               1067P   1673
0.744055595,0.,0.893245247,0.743092262,0.,0.894160533,              1067P   1674
0.742128928,0.,0.89487967,0.740996168,0.,0.895598806,               1067P   1675
0.739863408,0.,0.896094155,0.738604753,0.,0.896589505,              1067P   1676
0.737346097,0.,0.896842032,0.736009915,0.,0.897094559,              1067P   1677
0.734673734,0.,0.897094559,0.733311375,0.,0.,1.,0.,0.,1.;           1067P   1678
124,-1.,-6.98296267768627E-015,0.,93.4874423385303,                 1069P   1679
-6.98296267768627E-015,1.,-6.98296267768627E-015,                   1069P   1680
3.68853495907457E-013,4.87617677579594E-029,                        1069P   1681
-6.98296267768627E-015,-1.,12.0000000000002;                        1069P   1682
100,6.,46.743721169,26.9875,48.343721169,26.9875,45.143721169,      1071P   1683
26.9875;                                                            1071P   1684
102,2,1061,1067;                                                    1073P   1685
102,2,1065,1071;                                                    1075P   1686
142,1,707,1073,1075,1;                                              1077P   1687
126,32,2,1,0,1,0,0.,0.,0.,0.0625,0.0625,0.125,0.125,0.1875,         1079P   1688
0.1875,0.25,0.25,0.3125,0.3125,0.375,0.375,0.4375,0.4375,0.5,       1079P   1689
0.5,0.5625,0.5625,0.625,0.625,0.6875,0.6875,0.75,0.75,0.8125,       1079P   1690
0.8125,0.875,0.875,0.9375,0.9375,1.,1.,1.,1.,1.,1.,1.,1.,1.,1.,     1079P   1691
1.,1.,1.,1.,1.,1.,1.,1.,1.,1.,1.,1.,1.,1.,1.,1.,1.,1.,1.,1.,1.,     1079P   1692
1.,1.,1.,1.,1.,0.513142375,0.966622749,0.,0.513142375,              1079P   1693
0.96526039,0.,0.512889848,0.963924209,0.,0.512637321,               1079P   1694
0.962588027,0.,0.512141971,0.961329371,0.,0.511646621,              1079P   1695
0.960070716,0.,0.510927485,0.958937956,0.,0.510208349,              1079P   1696
0.957805196,0.,0.509293062,0.956841862,0.,0.508377775,              1079P   1697
0.955878529,0.,0.507301512,0.955121643,0.,0.506225249,              1079P   1698
0.954364757,0.,0.505029369,0.953843405,0.,0.503833489,              1079P   1699
0.953322052,0.,0.50256395,0.953056269,0.,0.501294411,               1079P   1700
0.952790486,0.,0.5,0.952790486,0.,0.498705589,0.952790486,0.,       1079P   1701
0.49743605,0.953056269,0.,0.496166511,0.953322052,0.,               1079P   1702
0.494970631,0.953843405,0.,0.493774751,0.954364757,0.,              1079P   1703
0.492698488,0.955121643,0.,0.491622225,0.955878529,0.,              1079P   1704
0.490706938,0.956841862,0.,0.489791651,0.957805196,0.,              1079P   1705
0.489072515,0.958937956,0.,0.488353379,0.960070716,0.,              1079P   1706
0.487858029,0.961329371,0.,0.487362679,0.962588027,0.,              1079P   1707
0.487110152,0.963924209,0.,0.486857625,0.96526039,0.,               1079P   1708
0.486857625,0.966622749,0.,0.,1.,0.,0.,1.;                          1079P   1709
124,1.,-7.105427357601E-015,0.,3.83515441626514E-013,               1081P   1710
-7.105427357601E-015,-1.,6.98296267768627E-015,107.95,              1081P   1711
-4.96169340471387E-029,-6.98296267768627E-015,-1.,                  1081P   1712
12.0000000000004;                                                   1081P   1713
100,6.,0.,53.975,1.6,53.975,-1.6,53.975;                            1083P   1714
126,32,2,1,0,1,0,0.,0.,0.,0.0625,0.0625,0.125,0.125,0.1875,         1085P   1715
0.1875,0.25,0.25,0.3125,0.3125,0.375,0.375,0.4375,0.4375,0.5,       1085P   1716
0.5,0.5625,0.5625,0.625,0.625,0.6875,0.6875,0.75,0.75,0.8125,       1085P   1717
0.8125,0.875,0.875,0.9375,0.9375,1.,1.,1.,1.,1.,1.,1.,1.,1.,1.,     1085P   1718
1.,1.,1.,1.,1.,1.,1.,1.,1.,1.,1.,1.,1.,1.,1.,1.,1.,1.,1.,1.,1.,     1085P   1719
1.,1.,1.,1.,1.,0.486857625,0.966622749,0.,0.486857625,              1085P   1720
0.967985108,0.,0.487110152,0.96932129,0.,0.487362679,               1085P   1721
0.970657472,0.,0.487858029,0.971916127,0.,0.488353379,              1085P   1722
0.973174783,0.,0.489072515,0.974307543,0.,0.489791651,              1085P   1723
0.975440303,0.,0.490706938,0.976403636,0.,0.491622225,              1085P   1724
0.97736697,0.,0.492698488,0.978123856,0.,0.493774751,               1085P   1725
0.978880742,0.,0.494970631,0.979402094,0.,0.496166511,              1085P   1726
0.979923446,0.,0.49743605,0.980189229,0.,0.498705589,               1085P   1727
0.980455012,0.,0.5,0.980455012,0.,0.501294411,0.980455012,0.,       1085P   1728
0.50256395,0.980189229,0.,0.503833489,0.979923446,0.,               1085P   1729
0.505029369,0.979402094,0.,0.506225249,0.978880742,0.,              1085P   1730
0.507301512,0.978123856,0.,0.508377775,0.97736697,0.,               1085P   1731
0.509293062,0.976403636,0.,0.510208349,0.975440303,0.,              1085P   1732
0.510927485,0.974307543,0.,0.511646621,0.973174783,0.,              1085P   1733
0.512141971,0.971916127,0.,0.512637321,0.970657472,0.,              1085P   1734
0.512889848,0.96932129,0.,0.513142375,0.967985108,0.,               1085P   1735
0.513142375,0.966622749,0.,0.,1.,0.,0.,1.;                          1085P   1736
124,-1.,-6.98296267768627E-015,0.,3.76905410528116E-013,            1087P   1737
-6.98296267768627E-015,1.,-6.98296267768627E-015,                   1087P   1738
4.21621887087971E-014,4.87617677579594E-029,                        1087P   1739
-6.98296267768627E-015,-1.,12.0000000000004;                        1087P   1740
100,6.,0.,53.975,1.6,53.975,-1.6,53.975;                            1089P   1741
102,2,1079,1085;                                                    1091P   1742
102,2,1083,1089;                                                    1093P   1743
142,1,707,1091,1093,1;                                              1095P   1744
126,32,2,1,0,1,0,0.,0.,0.,0.0625,0.0625,0.125,0.125,0.1875,         1097P   1745
0.1875,0.25,0.25,0.3125,0.3125,0.375,0.375,0.4375,0.4375,0.5,       1097P   1746
0.5,0.5625,0.5625,0.625,0.625,0.6875,0.6875,0.75,0.75,0.8125,       1097P   1747
0.8125,0.875,0.875,0.9375,0.9375,1.,1.,1.,1.,1.,1.,1.,1.,1.,1.,     1097P   1748
1.,1.,1.,1.,1.,1.,1.,1.,1.,1.,1.,1.,1.,1.,1.,1.,1.,1.,1.,1.,1.,     1097P   1749
1.,1.,1.,1.,1.,0.12919019,0.266688625,0.,0.12919019,                1097P   1750
0.265326266,0.,0.128937663,0.263990085,0.,0.128685136,              1097P   1751
0.262653903,0.,0.128189786,0.261395247,0.,0.127694437,              1097P   1752
0.260136592,0.,0.126975301,0.259003832,0.,0.126256164,              1097P   1753
0.257871072,0.,0.125340878,0.256907738,0.,0.124425591,              1097P   1754
0.255944405,0.,0.123349328,0.255187519,0.,0.122273064,              1097P   1755
0.254430633,0.,0.121077185,0.253909281,0.,0.119881305,              1097P   1756
0.253387928,0.,0.118611766,0.253122145,0.,0.117342226,              1097P   1757
0.252856362,0.,0.116047815,0.252856362,0.,0.114753405,              1097P   1758
0.252856362,0.,0.113483865,0.253122145,0.,0.112214326,              1097P   1759
0.253387928,0.,0.111018446,0.253909281,0.,0.109822567,              1097P   1760
0.254430633,0.,0.108746303,0.255187519,0.,0.10767004,               1097P   1761
0.255944405,0.,0.106754753,0.256907738,0.,0.105839467,              1097P   1762
0.257871072,0.,0.10512033,0.259003832,0.,0.104401194,               1097P   1763
0.260136592,0.,0.103905845,0.261395247,0.,0.103410495,              1097P   1764
0.262653903,0.,0.103157968,0.263990085,0.,0.102905441,              1097P   1765
0.265326266,0.,0.102905441,0.266688625,0.,0.,1.,0.,0.,1.;           1097P   1766
124,1.,-7.105427357601E-015,0.,-1.89226412317113E-013,              1099P   1767
-7.105427357601E-015,-1.,6.98296267768627E-015,                     1099P   1768
-53.9750000000003,-4.96169340471387E-029,                           1099P   1769
-6.98296267768627E-015,-1.,11.9999999999998;                        1099P   1770
100,6.,-46.743721169,-26.9875,-45.143721169,-26.9875,               1101P   1771
-48.343721169,-26.9875;                                             1101P   1772
126,32,2,1,0,1,0,0.,0.,0.,0.0625,0.0625,0.125,0.125,0.1875,         1103P   1773
0.1875,0.25,0.25,0.3125,0.3125,0.375,0.375,0.4375,0.4375,0.5,       1103P   1774
0.5,0.5625,0.5625,0.625,0.625,0.6875,0.6875,0.75,0.75,0.8125,       1103P   1775
0.8125,0.875,0.875,0.9375,0.9375,1.,1.,1.,1.,1.,1.,1.,1.,1.,1.,     1103P   1776
1.,1.,1.,1.,1.,1.,1.,1.,1.,1.,1.,1.,1.,1.,1.,1.,1.,1.,1.,1.,1.,     1103P   1777
1.,1.,1.,1.,1.,0.102905441,0.266688625,0.,0.102905441,              1103P   1778
0.268050984,0.,0.103157968,0.269387166,0.,0.103410495,              1103P   1779
0.270723348,0.,0.103905845,0.271982003,0.,0.104401194,              1103P   1780
0.273240659,0.,0.10512033,0.274373419,0.,0.105839467,               1103P   1781
0.275506179,0.,0.106754753,0.276469512,0.,0.10767004,               1103P   1782
0.277432846,0.,0.108746303,0.278189732,0.,0.109822567,              1103P   1783
0.278946618,0.,0.111018446,0.27946797,0.,0.112214326,               1103P   1784
0.279989322,0.,0.113483865,0.280255105,0.,0.114753405,              1103P   1785
0.280520888,0.,0.116047815,0.280520888,0.,0.117342226,              1103P   1786
0.280520888,0.,0.118611766,0.280255105,0.,0.119881305,              1103P   1787
0.279989322,0.,0.121077185,0.27946797,0.,0.122273064,               1103P   1788
0.278946618,0.,0.123349328,0.278189732,0.,0.124425591,              1103P   1789
0.277432846,0.,0.125340878,0.276469512,0.,0.126256164,              1103P   1790
0.275506179,0.,0.126975301,0.274373419,0.,0.127694437,              1103P   1791
0.273240659,0.,0.128189786,0.271982003,0.,0.128685136,              1103P   1792
0.270723348,0.,0.128937663,0.269387166,0.,0.12919019,               1103P   1793
0.268050984,0.,0.12919019,0.266688625,0.,0.,1.,0.,0.,1.;            1103P   1794
124,-1.,-6.98296267768627E-015,0.,-93.4874423385221,                1105P   1795
-6.98296267768627E-015,1.,-6.98296267768627E-015,                   1105P   1796
-2.84529118489817E-013,4.87617677579594E-029,                       1105P   1797
-6.98296267768627E-015,-1.,11.9999999999998;                        1105P   1798
100,6.,-46.743721169,-26.9875,-45.143721169,-26.9875,               1107P   1799
-48.343721169,-26.9875;                                             1107P   1800
102,2,1097,1103;                                                    1109P   1801
102,2,1101,1107;                                                    1111P   1802
142,1,707,1109,1111,1;                                              1113P   1803
126,32,2,1,0,1,0,0.,0.,0.,0.0625,0.0625,0.125,0.125,0.1875,         1115P   1804
0.1875,0.25,0.25,0.3125,0.3125,0.375,0.375,0.4375,0.4375,0.5,       1115P   1805
0.5,0.5625,0.5625,0.625,0.625,0.6875,0.6875,0.75,0.75,0.8125,       1115P   1806
0.8125,0.875,0.875,0.9375,0.9375,1.,1.,1.,1.,1.,1.,1.,1.,1.,1.,     1115P   1807
1.,1.,1.,1.,1.,1.,1.,1.,1.,1.,1.,1.,1.,1.,1.,1.,1.,1.,1.,1.,1.,     1115P   1808
1.,1.,1.,1.,1.,0.897094559,0.266688625,0.,0.897094559,              1115P   1809
0.265326266,0.,0.896842032,0.263990085,0.,0.896589505,              1115P   1810
0.262653903,0.,0.896094155,0.261395247,0.,0.895598806,              1115P   1811
0.260136592,0.,0.89487967,0.259003832,0.,0.894160533,               1115P   1812
0.257871072,0.,0.893245247,0.256907738,0.,0.89232996,               1115P   1813
0.255944405,0.,0.891253697,0.255187519,0.,0.890177433,              1115P   1814
0.254430633,0.,0.888981554,0.253909281,0.,0.887785674,              1115P   1815
0.253387928,0.,0.886516135,0.253122145,0.,0.885246595,              1115P   1816
0.252856362,0.,0.883952185,0.252856362,0.,0.882657774,              1115P   1817
0.252856362,0.,0.881388234,0.253122145,0.,0.880118695,              1115P   1818
0.253387928,0.,0.878922815,0.253909281,0.,0.877726936,              1115P   1819
0.254430633,0.,0.876650672,0.255187519,0.,0.875574409,              1115P   1820
0.255944405,0.,0.874659122,0.256907738,0.,0.873743836,              1115P   1821
0.257871072,0.,0.873024699,0.259003832,0.,0.872305563,              1115P   1822
0.260136592,0.,0.871810214,0.261395247,0.,0.871314864,              1115P   1823
0.262653903,0.,0.871062337,0.263990085,0.,0.87080981,               1115P   1824
0.265326266,0.,0.87080981,0.266688625,0.,0.,1.,0.,0.,1.;            1115P   1825
124,1.,-7.105427357601E-015,0.,-1.89226412317058E-013,              1117P   1826
-7.105427357601E-015,-1.,6.98296267768627E-015,                     1117P   1827
-53.9749999999926,-4.96169340471387E-029,                           1117P   1828
-6.98296267768627E-015,-1.,11.9999999999998;                        1117P   1829
100,6.,46.743721169,-26.9875,48.343721169,-26.9875,                 1119P   1830
45.143721169,-26.9875;                                              1119P   1831
126,32,2,1,0,1,0,0.,0.,0.,0.0625,0.0625,0.125,0.125,0.1875,         1121P   1832
0.1875,0.25,0.25,0.3125,0.3125,0.375,0.375,0.4375,0.4375,0.5,       1121P   1833
0.5,0.5625,0.5625,0.625,0.625,0.6875,0.6875,0.75,0.75,0.8125,       1121P   1834
0.8125,0.875,0.875,0.9375,0.9375,1.,1.,1.,1.,1.,1.,1.,1.,1.,1.,     1121P   1835
1.,1.,1.,1.,1.,1.,1.,1.,1.,1.,1.,1.,1.,1.,1.,1.,1.,1.,1.,1.,1.,     1121P   1836
1.,1.,1.,1.,1.,0.87080981,0.266688625,0.,0.87080981,                1121P   1837
0.268050984,0.,0.871062337,0.269387166,0.,0.871314864,              1121P   1838
0.270723348,0.,0.871810214,0.271982003,0.,0.872305563,              1121P   1839
0.273240659,0.,0.873024699,0.274373419,0.,0.873743836,              1121P   1840
0.275506179,0.,0.874659122,0.276469512,0.,0.875574409,              1121P   1841
0.277432846,0.,0.876650672,0.278189732,0.,0.877726936,              1121P   1842
0.278946618,0.,0.878922815,0.27946797,0.,0.880118695,               1121P   1843
0.279989322,0.,0.881388234,0.280255105,0.,0.882657774,              1121P   1844
0.280520888,0.,0.883952185,0.280520888,0.,0.885246595,              1121P   1845
0.280520888,0.,0.886516135,0.280255105,0.,0.887785674,              1121P   1846
0.279989322,0.,0.888981554,0.27946797,0.,0.890177433,               1121P   1847
0.278946618,0.,0.891253697,0.278189732,0.,0.89232996,               1121P   1848
0.277432846,0.,0.893245247,0.276469512,0.,0.894160533,              1121P   1849
0.275506179,0.,0.89487967,0.274373419,0.,0.895598806,               1121P   1850
0.273240659,0.,0.896094155,0.271982003,0.,0.896589505,              1121P   1851
0.270723348,0.,0.896842032,0.269387166,0.,0.897094559,              1121P   1852
0.268050984,0.,0.897094559,0.266688625,0.,0.,1.,0.,0.,1.;           1121P   1853
124,-1.,-6.98296267768627E-015,0.,93.487442338534,                  1123P   1854
-6.98296267768627E-015,1.,-6.98296267768627E-015,                   1123P   1855
3.68853495907481E-013,4.87617677579594E-029,                        1123P   1856
-6.98296267768627E-015,-1.,11.9999999999998;                        1123P   1857
100,6.,46.743721169,-26.9875,48.343721169,-26.9875,                 1125P   1858
45.143721169,-26.9875;                                              1125P   1859
102,2,1115,1121;                                                    1127P   1860
102,2,1119,1125;                                                    1129P   1861
142,1,707,1127,1129,1;                                              1131P   1862
126,32,2,1,0,1,0,0.,0.,0.,0.0625,0.0625,0.125,0.125,0.1875,         1133P   1863
0.1875,0.25,0.25,0.3125,0.3125,0.375,0.375,0.4375,0.4375,0.5,       1133P   1864
0.5,0.5625,0.5625,0.625,0.625,0.6875,0.6875,0.75,0.75,0.8125,       1133P   1865
0.8125,0.875,0.875,0.9375,0.9375,1.,1.,1.,1.,1.,1.,1.,1.,1.,1.,     1133P   1866
1.,1.,1.,1.,1.,1.,1.,1.,1.,1.,1.,1.,1.,1.,1.,1.,1.,1.,1.,1.,1.,     1133P   1867
1.,1.,1.,1.,1.,0.12919019,0.733311375,0.,0.12919019,                1133P   1868
0.731949016,0.,0.128937663,0.730612834,0.,0.128685136,              1133P   1869
0.729276652,0.,0.128189786,0.728017997,0.,0.127694437,              1133P   1870
0.726759341,0.,0.126975301,0.725626581,0.,0.126256164,              1133P   1871
0.724493821,0.,0.125340878,0.723530488,0.,0.124425591,              1133P   1872
0.722567154,0.,0.123349328,0.721810268,0.,0.122273064,              1133P   1873
0.721053382,0.,0.121077185,0.72053203,0.,0.119881305,               1133P   1874
0.720010678,0.,0.118611766,0.719744895,0.,0.117342226,              1133P   1875
0.719479112,0.,0.116047815,0.719479112,0.,0.114753405,              1133P   1876
0.719479112,0.,0.113483865,0.719744895,0.,0.112214326,              1133P   1877
0.720010678,0.,0.111018446,0.72053203,0.,0.109822567,               1133P   1878
0.721053382,0.,0.108746303,0.721810268,0.,0.10767004,               1133P   1879
0.722567154,0.,0.106754753,0.723530488,0.,0.105839467,              1133P   1880
0.724493821,0.,0.10512033,0.725626581,0.,0.104401194,               1133P   1881
0.726759341,0.,0.103905845,0.728017997,0.,0.103410495,              1133P   1882
0.729276652,0.,0.103157968,0.730612834,0.,0.102905441,              1133P   1883
0.731949016,0.,0.102905441,0.733311375,0.,0.,1.,0.,0.,1.;           1133P   1884
124,1.,-7.105427357601E-015,0.,1.89226412317093E-013,               1135P   1885
-7.105427357601E-015,-1.,6.98296267768627E-015,                     1135P   1886
53.9749999999973,-4.96169340471387E-029,-6.98296267768627E-015,     1135P   1887
-1.,12.0000000000002;                                               1135P   1888
100,6.,-46.743721169,26.9875,-45.143721169,26.9875,                 1137P   1889
-48.343721169,26.9875;                                              1137P   1890
126,32,2,1,0,1,0,0.,0.,0.,0.0625,0.0625,0.125,0.125,0.1875,         1139P   1891
0.1875,0.25,0.25,0.3125,0.3125,0.375,0.375,0.4375,0.4375,0.5,       1139P   1892
0.5,0.5625,0.5625,0.625,0.625,0.6875,0.6875,0.75,0.75,0.8125,       1139P   1893
0.8125,0.875,0.875,0.9375,0.9375,1.,1.,1.,1.,1.,1.,1.,1.,1.,1.,     1139P   1894
1.,1.,1.,1.,1.,1.,1.,1.,1.,1.,1.,1.,1.,1.,1.,1.,1.,1.,1.,1.,1.,     1139P   1895
1.,1.,1.,1.,1.,0.102905441,0.733311375,0.,0.102905441,              1139P   1896
0.734673734,0.,0.103157968,0.736009915,0.,0.103410495,              1139P   1897
0.737346097,0.,0.103905845,0.738604753,0.,0.104401194,              1139P   1898
0.739863408,0.,0.10512033,0.740996168,0.,0.105839467,               1139P   1899
0.742128928,0.,0.106754753,0.743092262,0.,0.10767004,               1139P   1900
0.744055595,0.,0.108746303,0.744812481,0.,0.109822567,              1139P   1901
0.745569367,0.,0.111018446,0.746090719,0.,0.112214326,              1139P   1902
0.746612072,0.,0.113483865,0.746877855,0.,0.114753405,              1139P   1903
0.747143638,0.,0.116047815,0.747143638,0.,0.117342226,              1139P   1904
0.747143638,0.,0.118611766,0.746877855,0.,0.119881305,              1139P   1905
0.746612072,0.,0.121077185,0.746090719,0.,0.122273064,              1139P   1906
0.745569367,0.,0.123349328,0.744812481,0.,0.124425591,              1139P   1907
0.744055595,0.,0.125340878,0.743092262,0.,0.126256164,              1139P   1908
0.742128928,0.,0.126975301,0.740996168,0.,0.127694437,              1139P   1909
0.739863408,0.,0.128189786,0.738604753,0.,0.128685136,              1139P   1910
0.737346097,0.,0.128937663,0.736009915,0.,0.12919019,               1139P   1911
0.734673734,0.,0.12919019,0.733311375,0.,0.,1.,0.,0.,1.;            1139P   1912
124,-1.,-6.98296267768627E-015,0.,-93.4874423385259,                1141P   1913
-6.98296267768627E-015,1.,-6.98296267768627E-015,                   1141P   1914
-2.8452911848984E-013,4.87617677579594E-029,                        1141P   1915
-6.98296267768627E-015,-1.,12.0000000000002;                        1141P   1916
100,6.,-46.743721169,26.9875,-45.143721169,26.9875,                 1143P   1917
-48.343721169,26.9875;                                              1143P   1918
102,2,1133,1139;                                                    1145P   1919
102,2,1137,1143;                                                    1147P   1920
142,1,707,1145,1147,1;                                              1149P   1921
144,707,1,20,789,807,825,843,861,879,897,915,933,951,969,987,       1151P   1922
1005,1023,1041,1059,1077,1095,1113,1131,1149;                       1151P   1923
128,1,1,1,1,0,0,1,0,0,0.,0.,1.,1.,0.,0.,1.,1.,1.,1.,1.,1.,          1153P   1924
-60.3658,-57.3298,0.,60.3658,-57.3298,0.,-60.3658,57.3298,0.,       1153P   1925
60.3658,57.3298,0.,0.,1.,0.,1.;                                     1153P   1926
126,1,1,1,0,1,0,0.,0.,1.,1.,1.,1.,0.960419569,0.359281322,0.,       1155P   1927
0.966363563,0.363350799,0.,0.,1.,0.,0.,1.;                          1155P   1928
110,55.587191212,-16.134747364,0.,56.304819144,-15.668142721,       1157P   1929
0.;                                                                 1157P   1930
126,8,2,1,0,1,0,0.,0.,0.,0.25,0.25,0.5,0.5,0.75,0.75,1.,1.,1.,      1159P   1931
1.,1.,1.,1.,1.,1.,1.,1.,1.,0.966363563,0.363350799,0.,              1159P   1932
0.969407633,0.365434881,0.,0.972012471,0.368098398,0.,              1159P   1933
0.974617309,0.370761915,0.,0.976684968,0.373904713,0.,              1159P   1934
0.978752627,0.37704751,0.,0.980205356,0.380551409,0.,               1159P   1935
0.981658086,0.384055309,0.,0.98244126,0.387788556,0.,0.,1.,0.,      1159P   1936
0.,-1.;                                                             1159P   1937
100,0.,53.851830223,-11.895498376,56.304819144,-15.668142721,       1161P   1938
58.245905219,-12.866119277;                                         1161P   1939
126,4,2,1,0,1,0,0.,0.,0.,0.5,0.5,1.,1.,1.,1.,1.,1.,1.,1.,           1163P   1940
0.98244126,0.387788556,0.,0.988238992,0.415425276,0.,               1163P   1941
0.991155069,0.443561168,0.,0.994071146,0.47169706,0.,               1163P   1942
0.994071146,0.5,0.,0.,1.,0.,0.,-1.;                                 1163P   1943
100,0.,0.,0.,58.245905219,-12.866119277,59.65,0.;                   1165P   1944
126,4,2,1,0,1,0,0.,0.,0.,0.5,0.5,1.,1.,1.,1.,1.,1.,1.,1.,           1167P   1945
0.994071146,0.5,0.,0.994071146,0.52830294,0.,0.991155069,           1167P   1946
0.556438832,0.,0.988238992,0.584574724,0.,0.98244126,               1167P   1947
0.612211444,0.,0.,1.,0.,0.,-1.;                                     1167P   1948
100,0.,0.,0.,59.65,0.,58.245905219,12.866119277;                    1169P   1949
126,8,2,1,0,1,0,0.,0.,0.,0.25,0.25,0.5,0.5,0.75,0.75,1.,1.,1.,      1171P   1950
1.,1.,1.,1.,1.,1.,1.,1.,1.,0.98244126,0.612211444,0.,               1171P   1951
0.981658086,0.615944691,0.,0.980205356,0.619448591,0.,              1171P   1952
0.978752627,0.62295249,0.,0.976684968,0.626095287,0.,               1171P   1953
0.974617309,0.629238085,0.,0.972012471,0.631901602,0.,              1171P   1954
0.969407633,0.634565119,0.,0.966363563,0.636649201,0.,0.,1.,0.,     1171P   1955
0.,-1.;                                                             1171P   1956
100,0.,53.851830223,11.895498376,58.245905219,12.866119277,         1173P   1957
56.304819144,15.668142721;                                          1173P   1958
126,1,1,1,0,1,0,0.,0.,1.,1.,1.,1.,0.966363563,0.636649201,0.,       1175P   1959
0.960419569,0.640718678,0.,0.,1.,0.,0.,1.;                          1175P   1960
110,56.304819144,15.668142721,0.,55.587191212,16.134747364,0.;      1177P   1961
126,8,2,1,0,1,0,0.,0.,0.,0.25,0.25,0.5,0.5,0.75,0.75,1.,1.,1.,      1179P   1962
1.,1.,1.,1.,1.,1.,1.,1.,1.,0.960419569,0.640718678,0.,              1179P   1963
0.957290648,0.642860853,0.,0.95453457,0.645510692,0.,               1179P   1964
0.951778493,0.64816053,0.,0.949468759,0.651247366,0.,               1179P   1965
0.947159026,0.654334203,0.,0.945357232,0.657775716,0.,              1179P   1966
0.943555438,0.66121723,0.,0.942309635,0.664921641,0.,0.,1.,0.,      1179P   1967
0.,1.;                                                              1179P   1968
124,-0.545108648986695,-0.838365410068844,                          1181P   1969
-2.33092273020516E-015,107.913161573245,-0.838365410068844,         1181P   1970
0.545108648986695,6.58244384585028E-015,58.5529451365839,           1181P   1971
-4.24788709372689E-015,5.54231206238947E-015,-1.,                   1181P   1972
1.33884232171337E-013;                                              1181P   1973
100,0.,58.585288781,20.745757119,64.085288781,20.745757119,         1183P   1974
62.950587258,24.09152597;                                           1183P   1975
126,32,2,1,0,1,0,0.,0.,0.,0.0625,0.0625,0.125,0.125,0.1875,         1185P   1976
0.1875,0.25,0.25,0.3125,0.3125,0.375,0.375,0.4375,0.4375,0.5,       1185P   1977
0.5,0.5625,0.5625,0.625,0.625,0.6875,0.6875,0.75,0.75,0.8125,       1185P   1978
0.8125,0.875,0.875,0.9375,0.9375,1.,1.,1.,1.,1.,1.,1.,1.,1.,1.,     1185P   1979
1.,1.,1.,1.,1.,1.,1.,1.,1.,1.,1.,1.,1.,1.,1.,1.,1.,1.,1.,1.,1.,     1185P   1980
1.,1.,1.,1.,1.,0.942309635,0.664921641,0.,0.930240587,              1185P   1981
0.70080911,0.,0.913092494,0.734326002,0.,0.8959444,0.767842894,     1185P   1982
0.,0.874122131,0.798197866,0.,0.852299863,0.828552837,0.,           1185P   1983
0.826318649,0.8550292,0.,0.800337435,0.881505563,0.,                1185P   1984
0.770810699,0.903478204,0.,0.741283962,0.925450844,0.,              1185P   1985
0.708908838,0.942400983,0.,0.676533713,0.959351121,0.,              1185P   1986
0.642074585,0.97087856,0.,0.607615457,0.982405999,0.,               1185P   1987
0.571885915,0.988238572,0.,0.536156373,0.994071146,0.,0.5,          1185P   1988
0.994071146,0.,0.463843627,0.994071146,0.,0.428114085,              1185P   1989
0.988238572,0.,0.392384543,0.982405999,0.,0.357925415,              1185P   1990
0.97087856,0.,0.323466287,0.959351121,0.,0.291091162,               1185P   1991
0.942400983,0.,0.258716038,0.925450844,0.,0.229189301,              1185P   1992
0.903478204,0.,0.199662565,0.881505563,0.,0.173681351,              1185P   1993
0.8550292,0.,0.147700137,0.828552837,0.,0.125877869,                1185P   1994
0.798197866,0.,0.1040556,0.767842894,0.,0.086907506,                1185P   1995
0.734326002,0.,0.069759413,0.70080911,0.,0.057690365,               1185P   1996
0.664921641,0.,0.,1.,0.,0.,-1.;                                     1185P   1997
100,0.,0.,0.,53.400749951,18.909849409,-53.400749951,               1187P   1998
18.909849409;                                                       1187P   1999
126,8,2,1,0,1,0,0.,0.,0.,0.25,0.25,0.5,0.5,0.75,0.75,1.,1.,1.,      1189P   2000
1.,1.,1.,1.,1.,1.,1.,1.,1.,0.057690365,0.664921641,0.,              1189P   2001
0.056444562,0.66121723,0.,0.054642768,0.657775716,0.,               1189P   2002
0.052840974,0.654334203,0.,0.050531241,0.651247366,0.,              1189P   2003
0.048221507,0.64816053,0.,0.04546543,0.645510692,0.,                1189P   2004
0.042709352,0.642860853,0.,0.039580431,0.640718678,0.,0.,1.,0.,     1189P   2005
0.,1.;                                                              1189P   2006
124,0.942643423669461,-0.333801401753672,                           1191P   2007
-5.85427436877393E-015,3.56471121894268,-0.333801401753672,         1191P   2008
-0.942643423669461,-3.806473351158E-015,20.745757118989,            1191P   2009
-4.24788709372689E-015,5.54231206238947E-015,-1.,                   1191P   2010
-3.63843152019296E-013;                                             1191P   2011
100,0.,-58.585288781,20.745757119,-53.085288781,20.745757119,       1193P   2012
-54.219990304,24.09152597;                                          1193P   2013
126,1,1,1,0,1,0,0.,0.,1.,1.,1.,1.,0.039580431,0.640718678,0.,       1195P   2014
0.033636437,0.636649201,0.,0.,1.,0.,0.,1.;                          1195P   2015
110,-55.587191212,16.134747364,0.,-56.304819144,15.668142721,       1197P   2016
0.;                                                                 1197P   2017
126,8,2,1,0,1,0,0.,0.,0.,0.25,0.25,0.5,0.5,0.75,0.75,1.,1.,1.,      1199P   2018
1.,1.,1.,1.,1.,1.,1.,1.,1.,0.033636437,0.636649201,0.,              1199P   2019
0.030592367,0.634565119,0.,0.027987529,0.631901602,0.,              1199P   2020
0.025382691,0.629238085,0.,0.023315032,0.626095287,0.,              1199P   2021
0.021247373,0.62295249,0.,0.019794644,0.619448591,0.,               1199P   2022
0.018341914,0.615944691,0.,0.01755874,0.612211444,0.,0.,1.,0.,      1199P   2023
0.,-1.;                                                             1199P   2024
100,0.,-53.851830223,11.895498376,-56.304819144,15.668142721,       1201P   2025
-58.245905219,12.866119277;                                         1201P   2026
126,8,2,1,0,1,0,0.,0.,0.,0.25,0.25,0.5,0.5,0.75,0.75,1.,1.,1.,      1203P   2027
1.,1.,1.,1.,1.,1.,1.,1.,1.,0.01755874,0.612211444,0.,               1203P   2028
0.011761008,0.584574724,0.,0.008844931,0.556438832,0.,              1203P   2029
0.005928854,0.52830294,0.,0.005928854,0.5,0.,0.005928854,           1203P   2030
0.47169706,0.,0.008844931,0.443561168,0.,0.011761008,               1203P   2031
0.415425276,0.,0.01755874,0.387788556,0.,0.,1.,0.,0.,-1.;           1203P   2032
100,0.,0.,0.,-58.245905219,12.866119277,-58.245905219,              1205P   2033
-12.866119277;                                                      1205P   2034
126,8,2,1,0,1,0,0.,0.,0.,0.25,0.25,0.5,0.5,0.75,0.75,1.,1.,1.,      1207P   2035
1.,1.,1.,1.,1.,1.,1.,1.,1.,0.01755874,0.387788556,0.,               1207P   2036
0.018341914,0.384055309,0.,0.019794644,0.380551409,0.,              1207P   2037
0.021247373,0.37704751,0.,0.023315032,0.373904713,0.,               1207P   2038
0.025382691,0.370761915,0.,0.027987529,0.368098398,0.,              1207P   2039
0.030592367,0.365434881,0.,0.033636437,0.363350799,0.,0.,1.,0.,     1207P   2040
0.,-1.;                                                             1207P   2041
100,0.,-53.851830223,-11.895498376,-58.245905219,-12.866119277,     1209P   2042
-56.304819144,-15.668142721;                                        1209P   2043
126,1,1,1,0,1,0,0.,0.,1.,1.,1.,1.,0.033636437,0.363350799,0.,       1211P   2044
0.039580431,0.359281322,0.,0.,1.,0.,0.,1.;                          1211P   2045
110,-56.304819144,-15.668142721,0.,-55.587191212,-16.134747364,     1213P   2046
0.;                                                                 1213P   2047
126,8,2,1,0,1,0,0.,0.,0.,0.25,0.25,0.5,0.5,0.75,0.75,1.,1.,1.,      1215P   2048
1.,1.,1.,1.,1.,1.,1.,1.,1.,0.039580431,0.359281322,0.,              1215P   2049
0.042709352,0.357139147,0.,0.04546543,0.354489308,0.,               1215P   2050
0.048221507,0.35183947,0.,0.050531241,0.348752634,0.,               1215P   2051
0.052840974,0.345665797,0.,0.054642768,0.342224284,0.,              1215P   2052
0.056444562,0.33878277,0.,0.057690365,0.335078359,0.,0.,1.,0.,      1215P   2053
0.,1.;                                                              1215P   2054
124,0.545108648986683,0.838365410068852,2.33092273020516E-015,      1217P   2055
-9.25741598886977,0.838365410068851,-0.545108648986683,             1217P   2056
-6.58244384585028E-015,17.0614308986049,-4.24788709372697E-015,     1217P   2057
5.54231206238941E-015,-1.,-1.33884232171343E-013;                   1217P   2058
100,0.,-58.585288781,-20.745757119,-53.085288781,-20.745757119,     1219P   2059
-54.219990304,-17.399988268;                                        1219P   2060
126,32,2,1,0,1,0,0.,0.,0.,0.0625,0.0625,0.125,0.125,0.1875,         1221P   2061
0.1875,0.25,0.25,0.3125,0.3125,0.375,0.375,0.4375,0.4375,0.5,       1221P   2062
0.5,0.5625,0.5625,0.625,0.625,0.6875,0.6875,0.75,0.75,0.8125,       1221P   2063
0.8125,0.875,0.875,0.9375,0.9375,1.,1.,1.,1.,1.,1.,1.,1.,1.,1.,     1221P   2064
1.,1.,1.,1.,1.,1.,1.,1.,1.,1.,1.,1.,1.,1.,1.,1.,1.,1.,1.,1.,1.,     1221P   2065
1.,1.,1.,1.,1.,0.057690365,0.335078359,0.,0.069759413,              1221P   2066
0.29919089,0.,0.086907506,0.265673998,0.,0.1040556,0.232157106,     1221P   2067
0.,0.125877869,0.201802134,0.,0.147700137,0.171447163,0.,           1221P   2068
0.173681351,0.1449708,0.,0.199662565,0.118494437,0.,                1221P   2069
0.229189301,0.096521796,0.,0.258716038,0.074549156,0.,              1221P   2070
0.291091162,0.057599017,0.,0.323466287,0.040648879,0.,              1221P   2071
0.357925415,0.02912144,0.,0.392384543,0.017594001,0.,               1221P   2072
0.428114085,0.011761428,0.,0.463843627,0.005928854,0.,0.5,          1221P   2073
0.005928854,0.,0.536156373,0.005928854,0.,0.571885915,              1221P   2074
0.011761428,0.,0.607615457,0.017594001,0.,0.642074585,              1221P   2075
0.02912144,0.,0.676533713,0.040648879,0.,0.708908838,               1221P   2076
0.057599017,0.,0.741283962,0.074549156,0.,0.770810699,              1221P   2077
0.096521796,0.,0.800337435,0.118494437,0.,0.826318649,              1221P   2078
0.1449708,0.,0.852299863,0.171447163,0.,0.874122131,                1221P   2079
0.201802134,0.,0.8959444,0.232157106,0.,0.913092494,                1221P   2080
0.265673998,0.,0.930240587,0.29919089,0.,0.942309635,               1221P   2081
0.335078359,0.,0.,1.,0.,0.,-1.;                                     1221P   2082
100,0.,0.,0.,-53.400749951,-18.909849409,53.400749951,              1223P   2083
-18.909849409;                                                      1223P   2084
126,8,2,1,0,1,0,0.,0.,0.,0.25,0.25,0.5,0.5,0.75,0.75,1.,1.,1.,      1225P   2085
1.,1.,1.,1.,1.,1.,1.,1.,1.,0.942309635,0.335078359,0.,              1225P   2086
0.943555438,0.33878277,0.,0.945357232,0.342224284,0.,               1225P   2087
0.947159026,0.345665797,0.,0.949468759,0.348752634,0.,              1225P   2088
0.951778493,0.35183947,0.,0.95453457,0.354489308,0.,                1225P   2089
0.957290648,0.357139147,0.,0.960419569,0.359281322,0.,0.,1.,0.,     1225P   2090
0.,1.;                                                              1225P   2091
124,-0.942643423669467,0.333801401753657,5.85427436877392E-015,     1227P   2092
120.735288781057,0.333801401753657,0.942643423669467,               1227P   2093
3.806473351158E-015,-20.7457571189897,-4.24788709372697E-015,       1227P   2094
5.5423120623894E-015,-1.,3.63843152019299E-013;                     1227P   2095
100,0.,58.585288781,-20.745757119,64.085288781,-20.745757119,       1229P   2096
62.950587258,-17.399988268;                                         1229P   2097
102,17,1155,1159,1163,1167,1171,1175,1179,1185,1189,1195,1199,      1231P   2098
1203,1207,1211,1215,1221,1225;                                      1231P   2099
102,17,1157,1161,1165,1169,1173,1177,1183,1187,1193,1197,1201,      1233P   2100
1205,1209,1213,1219,1223,1229;                                      1233P   2101
142,1,1153,1231,1233,1;                                             1235P   2102
126,32,2,1,0,1,0,0.,0.,0.,0.0625,0.0625,0.125,0.125,0.1875,         1237P   2103
0.1875,0.25,0.25,0.3125,0.3125,0.375,0.375,0.4375,0.4375,0.5,       1237P   2104
0.5,0.5625,0.5625,0.625,0.625,0.6875,0.6875,0.75,0.75,0.8125,       1237P   2105
0.8125,0.875,0.875,0.9375,0.9375,1.,1.,1.,1.,1.,1.,1.,1.,1.,1.,     1237P   2106
1.,1.,1.,1.,1.,1.,1.,1.,1.,1.,1.,1.,1.,1.,1.,1.,1.,1.,1.,1.,1.,     1237P   2107
1.,1.,1.,1.,1.,0.625116879,0.587263177,0.,0.625116879,              1237P   2108
0.58288233,0.,0.624305202,0.57858566,0.,0.623493525,0.57428899,     1237P   2109
0.,0.621901363,0.570241615,0.,0.620309201,0.56619424,0.,            1237P   2110
0.61799774,0.562551699,0.,0.61568628,0.558909158,0.,                1237P   2111
0.612744348,0.555811431,0.,0.609802417,0.552713705,0.,              1237P   2112
0.606343071,0.550279836,0.,0.602883726,0.547845968,0.,              1237P   2113
0.599039907,0.546169491,0.,0.595196089,0.544493013,0.,              1237P   2114
0.591115512,0.543638352,0.,0.587034936,0.542783691,0.,              1237P   2115
0.582874417,0.542783691,0.,0.578713898,0.542783691,0.,              1237P   2116
0.574633321,0.543638352,0.,0.570552745,0.544493013,0.,              1237P   2117
0.566708927,0.546169491,0.,0.562865108,0.547845968,0.,              1237P   2118
0.559405763,0.550279836,0.,0.555946417,0.552713705,0.,              1237P   2119
0.553004486,0.555811431,0.,0.550062554,0.558909158,0.,              1237P   2120
0.547751094,0.562551699,0.,0.545439633,0.56619424,0.,               1237P   2121
0.543847471,0.570241615,0.,0.542255309,0.57428899,0.,               1237P   2122
0.541443632,0.57858566,0.,0.540631955,0.58288233,0.,                1237P   2123
0.540631955,0.587263177,0.,0.,1.,0.,0.,1.;                          1237P   2124
124,1.,-7.105427357601E-015,0.,7.10639105433554E-014,               1239P   2125
-7.105427357601E-015,-1.,6.98296267768627E-015,                     1239P   2126
20.0111219075795,-4.96169340471387E-029,-6.98296267768627E-015,     1239P   2127
-1.,6.98684587096293E-014;                                          1239P   2128
100,0.,10.005560954,10.005560954,15.105560954,10.005560954,         1241P   2129
4.905560954,10.005560954;                                           1241P   2130
126,32,2,1,0,1,0,0.,0.,0.,0.0625,0.0625,0.125,0.125,0.1875,         1243P   2131
0.1875,0.25,0.25,0.3125,0.3125,0.375,0.375,0.4375,0.4375,0.5,       1243P   2132
0.5,0.5625,0.5625,0.625,0.625,0.6875,0.6875,0.75,0.75,0.8125,       1243P   2133
0.8125,0.875,0.875,0.9375,0.9375,1.,1.,1.,1.,1.,1.,1.,1.,1.,1.,     1243P   2134
1.,1.,1.,1.,1.,1.,1.,1.,1.,1.,1.,1.,1.,1.,1.,1.,1.,1.,1.,1.,1.,     1243P   2135
1.,1.,1.,1.,1.,0.540631955,0.587263177,0.,0.540631955,              1243P   2136
0.591644024,0.,0.541443632,0.595940694,0.,0.542255309,              1243P   2137
0.600237364,0.,0.543847471,0.604284739,0.,0.545439633,              1243P   2138
0.608332114,0.,0.547751094,0.611974655,0.,0.550062554,              1243P   2139
0.615617196,0.,0.553004486,0.618714923,0.,0.555946417,              1243P   2140
0.621812649,0.,0.559405763,0.624246517,0.,0.562865108,              1243P   2141
0.626680385,0.,0.566708927,0.628356863,0.,0.570552745,              1243P   2142
0.630033341,0.,0.574633321,0.630888001,0.,0.578713898,              1243P   2143
0.631742662,0.,0.582874417,0.631742662,0.,0.587034936,              1243P   2144
0.631742662,0.,0.591115512,0.630888001,0.,0.595196089,              1243P   2145
0.630033341,0.,0.599039907,0.628356863,0.,0.602883726,              1243P   2146
0.626680385,0.,0.606343071,0.624246517,0.,0.609802417,              1243P   2147
0.621812649,0.,0.612744348,0.618714923,0.,0.61568628,               1243P   2148
0.615617196,0.,0.61799774,0.611974655,0.,0.620309201,               1243P   2149
0.608332114,0.,0.621901363,0.604284739,0.,0.623493525,              1243P   2150
0.600237364,0.,0.624305202,0.595940694,0.,0.625116879,              1243P   2151
0.591644024,0.,0.625116879,0.587263177,0.,0.,1.,0.,0.,1.;           1243P   2152
124,-1.,-6.98296267768627E-015,0.,20.0111219075792,                 1245P   2153
-6.98296267768627E-015,1.,-6.98296267768627E-015,                   1245P   2154
7.03479783801837E-014,4.87617677579594E-029,                        1245P   2155
-6.98296267768627E-015,-1.,6.98684587096282E-014;                   1245P   2156
100,0.,10.005560954,10.005560954,15.105560954,10.005560954,         1247P   2157
4.905560954,10.005560954;                                           1247P   2158
102,2,1237,1243;                                                    1249P   2159
102,2,1241,1247;                                                    1251P   2160
142,1,1153,1249,1251,1;                                             1253P   2161
126,32,2,1,0,1,0,0.,0.,0.,0.0625,0.0625,0.125,0.125,0.1875,         1255P   2162
0.1875,0.25,0.25,0.3125,0.3125,0.375,0.375,0.4375,0.4375,0.5,       1255P   2163
0.5,0.5625,0.5625,0.625,0.625,0.6875,0.6875,0.75,0.75,0.8125,       1255P   2164
0.8125,0.875,0.875,0.9375,0.9375,1.,1.,1.,1.,1.,1.,1.,1.,1.,1.,     1255P   2165
1.,1.,1.,1.,1.,1.,1.,1.,1.,1.,1.,1.,1.,1.,1.,1.,1.,1.,1.,1.,1.,     1255P   2166
1.,1.,1.,1.,1.,0.625116879,0.412736823,0.,0.625116879,              1255P   2167
0.408355976,0.,0.624305202,0.404059306,0.,0.623493525,              1255P   2168
0.399762636,0.,0.621901363,0.395715261,0.,0.620309201,              1255P   2169
0.391667886,0.,0.61799774,0.388025345,0.,0.61568628,                1255P   2170
0.384382804,0.,0.612744348,0.381285077,0.,0.609802417,              1255P   2171
0.378187351,0.,0.606343071,0.375753483,0.,0.602883726,              1255P   2172
0.373319615,0.,0.599039907,0.371643137,0.,0.595196089,              1255P   2173
0.369966659,0.,0.591115512,0.369111999,0.,0.587034936,              1255P   2174
0.368257338,0.,0.582874417,0.368257338,0.,0.578713898,              1255P   2175
0.368257338,0.,0.574633321,0.369111999,0.,0.570552745,              1255P   2176
0.369966659,0.,0.566708927,0.371643137,0.,0.562865108,              1255P   2177
0.373319615,0.,0.559405763,0.375753483,0.,0.555946417,              1255P   2178
0.378187351,0.,0.553004486,0.381285077,0.,0.550062554,              1255P   2179
0.384382804,0.,0.547751094,0.388025345,0.,0.545439633,              1255P   2180
0.391667886,0.,0.543847471,0.395715261,0.,0.542255309,              1255P   2181
0.399762636,0.,0.541443632,0.404059306,0.,0.540631955,              1255P   2182
0.408355976,0.,0.540631955,0.412736823,0.,0.,1.,0.,0.,1.;           1255P   2183
124,1.,-7.105427357601E-015,0.,-7.10639105433533E-014,              1257P   2184
-7.105427357601E-015,-1.,6.98296267768627E-015,                     1257P   2185
-20.0111219075793,-4.96169340471387E-029,                           1257P   2186
-6.98296267768627E-015,-1.,-6.98684587096277E-014;                  1257P   2187
100,0.,10.005560954,-10.005560954,15.105560954,-10.005560954,       1259P   2188
4.905560954,-10.005560954;                                          1259P   2189
126,32,2,1,0,1,0,0.,0.,0.,0.0625,0.0625,0.125,0.125,0.1875,         1261P   2190
0.1875,0.25,0.25,0.3125,0.3125,0.375,0.375,0.4375,0.4375,0.5,       1261P   2191
0.5,0.5625,0.5625,0.625,0.625,0.6875,0.6875,0.75,0.75,0.8125,       1261P   2192
0.8125,0.875,0.875,0.9375,0.9375,1.,1.,1.,1.,1.,1.,1.,1.,1.,1.,     1261P   2193
1.,1.,1.,1.,1.,1.,1.,1.,1.,1.,1.,1.,1.,1.,1.,1.,1.,1.,1.,1.,1.,     1261P   2194
1.,1.,1.,1.,1.,0.540631955,0.412736823,0.,0.540631955,              1261P   2195
0.41711767,0.,0.541443632,0.42141434,0.,0.542255309,0.42571101,     1261P   2196
0.,0.543847471,0.429758385,0.,0.545439633,0.43380576,0.,            1261P   2197
0.547751094,0.437448301,0.,0.550062554,0.441090842,0.,              1261P   2198
0.553004486,0.444188569,0.,0.555946417,0.447286295,0.,              1261P   2199
0.559405763,0.449720164,0.,0.562865108,0.452154032,0.,              1261P   2200
0.566708927,0.453830509,0.,0.570552745,0.455506987,0.,              1261P   2201
0.574633321,0.456361648,0.,0.578713898,0.457216309,0.,              1261P   2202
0.582874417,0.457216309,0.,0.587034936,0.457216309,0.,              1261P   2203
0.591115512,0.456361648,0.,0.595196089,0.455506987,0.,              1261P   2204
0.599039907,0.453830509,0.,0.602883726,0.452154032,0.,              1261P   2205
0.606343071,0.449720164,0.,0.609802417,0.447286295,0.,              1261P   2206
0.612744348,0.444188569,0.,0.61568628,0.441090842,0.,               1261P   2207
0.61799774,0.437448301,0.,0.620309201,0.43380576,0.,                1261P   2208
0.621901363,0.429758385,0.,0.623493525,0.42571101,0.,               1261P   2209
0.624305202,0.42141434,0.,0.625116879,0.41711767,0.,                1261P   2210
0.625116879,0.412736823,0.,0.,1.,0.,0.,1.;                          1261P   2211
124,-1.,-6.98296267768627E-015,0.,20.0111219075792,                 1263P   2212
-6.98296267768627E-015,1.,-6.98296267768627E-015,                   1263P   2213
7.03479783801828E-014,4.87617677579594E-029,                        1263P   2214
-6.98296267768627E-015,-1.,-6.98684587096287E-014;                  1263P   2215
100,0.,10.005560954,-10.005560954,15.105560954,-10.005560954,       1265P   2216
4.905560954,-10.005560954;                                          1265P   2217
102,2,1255,1261;                                                    1267P   2218
102,2,1259,1265;                                                    1269P   2219
142,1,1153,1267,1269,1;                                             1271P   2220
126,32,2,1,0,1,0,0.,0.,0.,0.0625,0.0625,0.125,0.125,0.1875,         1273P   2221
0.1875,0.25,0.25,0.3125,0.3125,0.375,0.375,0.4375,0.4375,0.5,       1273P   2222
0.5,0.5625,0.5625,0.625,0.625,0.6875,0.6875,0.75,0.75,0.8125,       1273P   2223
0.8125,0.875,0.875,0.9375,0.9375,1.,1.,1.,1.,1.,1.,1.,1.,1.,1.,     1273P   2224
1.,1.,1.,1.,1.,1.,1.,1.,1.,1.,1.,1.,1.,1.,1.,1.,1.,1.,1.,1.,1.,     1273P   2225
1.,1.,1.,1.,1.,0.459368045,0.412736823,0.,0.459368045,              1273P   2226
0.408355976,0.,0.458556368,0.404059306,0.,0.457744691,              1273P   2227
0.399762636,0.,0.456152529,0.395715261,0.,0.454560367,              1273P   2228
0.391667886,0.,0.452248906,0.388025345,0.,0.449937446,              1273P   2229
0.384382804,0.,0.446995514,0.381285077,0.,0.444053583,              1273P   2230
0.378187351,0.,0.440594237,0.375753483,0.,0.437134892,              1273P   2231
0.373319615,0.,0.433291073,0.371643137,0.,0.429447255,              1273P   2232
0.369966659,0.,0.425366679,0.369111999,0.,0.421286102,              1273P   2233
0.368257338,0.,0.417125583,0.368257338,0.,0.412965064,              1273P   2234
0.368257338,0.,0.408884488,0.369111999,0.,0.404803911,              1273P   2235
0.369966659,0.,0.400960093,0.371643137,0.,0.397116274,              1273P   2236
0.373319615,0.,0.393656929,0.375753483,0.,0.390197583,              1273P   2237
0.378187351,0.,0.387255652,0.381285077,0.,0.38431372,               1273P   2238
0.384382804,0.,0.38200226,0.388025345,0.,0.379690799,               1273P   2239
0.391667886,0.,0.378098637,0.395715261,0.,0.376506475,              1273P   2240
0.399762636,0.,0.375694798,0.404059306,0.,0.374883121,              1273P   2241
0.408355976,0.,0.374883121,0.412736823,0.,0.,1.,0.,0.,1.;           1273P   2242
124,1.,-7.105427357601E-015,0.,-7.10639105433544E-014,              1275P   2243
-7.105427357601E-015,-1.,6.98296267768627E-015,                     1275P   2244
-20.0111219075794,-4.96169340471387E-029,                           1275P   2245
-6.98296267768627E-015,-1.,-6.98684587096288E-014;                  1275P   2246
100,0.,-10.005560954,-10.005560954,-4.905560954,-10.005560954,      1277P   2247
-15.105560954,-10.005560954;                                        1277P   2248
126,32,2,1,0,1,0,0.,0.,0.,0.0625,0.0625,0.125,0.125,0.1875,         1279P   2249
0.1875,0.25,0.25,0.3125,0.3125,0.375,0.375,0.4375,0.4375,0.5,       1279P   2250
0.5,0.5625,0.5625,0.625,0.625,0.6875,0.6875,0.75,0.75,0.8125,       1279P   2251
0.8125,0.875,0.875,0.9375,0.9375,1.,1.,1.,1.,1.,1.,1.,1.,1.,1.,     1279P   2252
1.,1.,1.,1.,1.,1.,1.,1.,1.,1.,1.,1.,1.,1.,1.,1.,1.,1.,1.,1.,1.,     1279P   2253
1.,1.,1.,1.,1.,0.374883121,0.412736823,0.,0.374883121,              1279P   2254
0.41711767,0.,0.375694798,0.42141434,0.,0.376506475,0.42571101,     1279P   2255
0.,0.378098637,0.429758385,0.,0.379690799,0.43380576,0.,            1279P   2256
0.38200226,0.437448301,0.,0.38431372,0.441090842,0.,                1279P   2257
0.387255652,0.444188569,0.,0.390197583,0.447286295,0.,              1279P   2258
0.393656929,0.449720164,0.,0.397116274,0.452154032,0.,              1279P   2259
0.400960093,0.453830509,0.,0.404803911,0.455506987,0.,              1279P   2260
0.408884488,0.456361648,0.,0.412965064,0.457216309,0.,              1279P   2261
0.417125583,0.457216309,0.,0.421286102,0.457216309,0.,              1279P   2262
0.425366679,0.456361648,0.,0.429447255,0.455506987,0.,              1279P   2263
0.433291073,0.453830509,0.,0.437134892,0.452154032,0.,              1279P   2264
0.440594237,0.449720164,0.,0.444053583,0.447286295,0.,              1279P   2265
0.446995514,0.444188569,0.,0.449937446,0.441090842,0.,              1279P   2266
0.452248906,0.437448301,0.,0.454560367,0.43380576,0.,               1279P   2267
0.456152529,0.429758385,0.,0.457744691,0.42571101,0.,               1279P   2268
0.458556368,0.42141434,0.,0.459368045,0.41711767,0.,                1279P   2269
0.459368045,0.412736823,0.,0.,1.,0.,0.,1.;                          1279P   2270
124,-1.,-6.98296267768627E-015,0.,-20.0111219075793,                1281P   2271
-6.98296267768627E-015,1.,-6.98296267768627E-015,                   1281P   2272
-7.03479783801847E-014,4.87617677579594E-029,                       1281P   2273
-6.98296267768627E-015,-1.,-6.98684587096278E-014;                  1281P   2274
100,0.,-10.005560954,-10.005560954,-4.905560954,-10.005560954,      1283P   2275
-15.105560954,-10.005560954;                                        1283P   2276
102,2,1273,1279;                                                    1285P   2277
102,2,1277,1283;                                                    1287P   2278
142,1,1153,1285,1287,1;                                             1289P   2279
126,32,2,1,0,1,0,0.,0.,0.,0.0625,0.0625,0.125,0.125,0.1875,         1291P   2280
0.1875,0.25,0.25,0.3125,0.3125,0.375,0.375,0.4375,0.4375,0.5,       1291P   2281
0.5,0.5625,0.5625,0.625,0.625,0.6875,0.6875,0.75,0.75,0.8125,       1291P   2282
0.8125,0.875,0.875,0.9375,0.9375,1.,1.,1.,1.,1.,1.,1.,1.,1.,1.,     1291P   2283
1.,1.,1.,1.,1.,1.,1.,1.,1.,1.,1.,1.,1.,1.,1.,1.,1.,1.,1.,1.,1.,     1291P   2284
1.,1.,1.,1.,1.,0.459368045,0.587263177,0.,0.459368045,              1291P   2285
0.58288233,0.,0.458556368,0.57858566,0.,0.457744691,0.57428899,     1291P   2286
0.,0.456152529,0.570241615,0.,0.454560367,0.56619424,0.,            1291P   2287
0.452248906,0.562551699,0.,0.449937446,0.558909158,0.,              1291P   2288
0.446995514,0.555811431,0.,0.444053583,0.552713705,0.,              1291P   2289
0.440594237,0.550279836,0.,0.437134892,0.547845968,0.,              1291P   2290
0.433291073,0.546169491,0.,0.429447255,0.544493013,0.,              1291P   2291
0.425366679,0.543638352,0.,0.421286102,0.542783691,0.,              1291P   2292
0.417125583,0.542783691,0.,0.412965064,0.542783691,0.,              1291P   2293
0.408884488,0.543638352,0.,0.404803911,0.544493013,0.,              1291P   2294
0.400960093,0.546169491,0.,0.397116274,0.547845968,0.,              1291P   2295
0.393656929,0.550279836,0.,0.390197583,0.552713705,0.,              1291P   2296
0.387255652,0.555811431,0.,0.38431372,0.558909158,0.,               1291P   2297
0.38200226,0.562551699,0.,0.379690799,0.56619424,0.,                1291P   2298
0.378098637,0.570241615,0.,0.376506475,0.57428899,0.,               1291P   2299
0.375694798,0.57858566,0.,0.374883121,0.58288233,0.,                1291P   2300
0.374883121,0.587263177,0.,0.,1.,0.,0.,1.;                          1291P   2301
124,1.,-7.105427357601E-015,0.,7.10639105433533E-014,               1293P   2302
-7.105427357601E-015,-1.,6.98296267768627E-015,                     1293P   2303
20.0111219075793,-4.96169340471387E-029,-6.98296267768627E-015,     1293P   2304
-1.,6.98684587096277E-014;                                          1293P   2305
100,0.,-10.005560954,10.005560954,-4.905560954,10.005560954,        1295P   2306
-15.105560954,10.005560954;                                         1295P   2307
126,32,2,1,0,1,0,0.,0.,0.,0.0625,0.0625,0.125,0.125,0.1875,         1297P   2308
0.1875,0.25,0.25,0.3125,0.3125,0.375,0.375,0.4375,0.4375,0.5,       1297P   2309
0.5,0.5625,0.5625,0.625,0.625,0.6875,0.6875,0.75,0.75,0.8125,       1297P   2310
0.8125,0.875,0.875,0.9375,0.9375,1.,1.,1.,1.,1.,1.,1.,1.,1.,1.,     1297P   2311
1.,1.,1.,1.,1.,1.,1.,1.,1.,1.,1.,1.,1.,1.,1.,1.,1.,1.,1.,1.,1.,     1297P   2312
1.,1.,1.,1.,1.,0.374883121,0.587263177,0.,0.374883121,              1297P   2313
0.591644024,0.,0.375694798,0.595940694,0.,0.376506475,              1297P   2314
0.600237364,0.,0.378098637,0.604284739,0.,0.379690799,              1297P   2315
0.608332114,0.,0.38200226,0.611974655,0.,0.38431372,                1297P   2316
0.615617196,0.,0.387255652,0.618714923,0.,0.390197583,              1297P   2317
0.621812649,0.,0.393656929,0.624246517,0.,0.397116274,              1297P   2318
0.626680385,0.,0.400960093,0.628356863,0.,0.404803911,              1297P   2319
0.630033341,0.,0.408884488,0.630888001,0.,0.412965064,              1297P   2320
0.631742662,0.,0.417125583,0.631742662,0.,0.421286102,              1297P   2321
0.631742662,0.,0.425366679,0.630888001,0.,0.429447255,              1297P   2322
0.630033341,0.,0.433291073,0.628356863,0.,0.437134892,              1297P   2323
0.626680385,0.,0.440594237,0.624246517,0.,0.444053583,              1297P   2324
0.621812649,0.,0.446995514,0.618714923,0.,0.449937446,              1297P   2325
0.615617196,0.,0.452248906,0.611974655,0.,0.454560367,              1297P   2326
0.608332114,0.,0.456152529,0.604284739,0.,0.457744691,              1297P   2327
0.600237364,0.,0.458556368,0.595940694,0.,0.459368045,              1297P   2328
0.591644024,0.,0.459368045,0.587263177,0.,0.,1.,0.,0.,1.;           1297P   2329
124,-1.,-6.98296267768627E-015,0.,-20.0111219075792,                1299P   2330
-6.98296267768627E-015,1.,-6.98296267768627E-015,                   1299P   2331
-7.03479783801828E-014,4.87617677579594E-029,                       1299P   2332
-6.98296267768627E-015,-1.,6.98684587096287E-014;                   1299P   2333
100,0.,-10.005560954,10.005560954,-4.905560954,10.005560954,        1301P   2334
-15.105560954,10.005560954;                                         1301P   2335
102,2,1291,1297;                                                    1303P   2336
102,2,1295,1301;                                                    1305P   2337
142,1,1153,1303,1305,1;                                             1307P   2338
126,32,2,1,0,1,0,0.,0.,0.,0.0625,0.0625,0.125,0.125,0.1875,         1309P   2339
0.1875,0.25,0.25,0.3125,0.3125,0.375,0.375,0.4375,0.4375,0.5,       1309P   2340
0.5,0.5625,0.5625,0.625,0.625,0.6875,0.6875,0.75,0.75,0.8125,       1309P   2341
0.8125,0.875,0.875,0.9375,0.9375,1.,1.,1.,1.,1.,1.,1.,1.,1.,1.,     1309P   2342
1.,1.,1.,1.,1.,1.,1.,1.,1.,1.,1.,1.,1.,1.,1.,1.,1.,1.,1.,1.,1.,     1309P   2343
1.,1.,1.,1.,1.,0.76337397,0.330830447,0.,0.76337397,0.3264496,      1309P   2344
0.,0.762562293,0.322152929,0.,0.761750616,0.317856259,0.,           1309P   2345
0.760158454,0.313808884,0.,0.758566292,0.30976151,0.,               1309P   2346
0.756254832,0.306118969,0.,0.753943371,0.302476427,0.,              1309P   2347
0.75100144,0.299378701,0.,0.748059508,0.296280974,0.,               1309P   2348
0.744600163,0.293847106,0.,0.741140817,0.291413238,0.,              1309P   2349
0.737296999,0.28973676,0.,0.73345318,0.288060283,0.,                1309P   2350
0.729372604,0.287205622,0.,0.725292028,0.286350961,0.,              1309P   2351
0.721131508,0.286350961,0.,0.716970989,0.286350961,0.,              1309P   2352
0.712890413,0.287205622,0.,0.708809837,0.288060283,0.,              1309P   2353
0.704966018,0.28973676,0.,0.701122199,0.291413238,0.,               1309P   2354
0.697662854,0.293847106,0.,0.694203509,0.296280974,0.,              1309P   2355
0.691261577,0.299378701,0.,0.688319646,0.302476427,0.,              1309P   2356
0.686008185,0.306118969,0.,0.683696724,0.30976151,0.,               1309P   2357
0.682104563,0.313808884,0.,0.680512401,0.317856259,0.,              1309P   2358
0.679700724,0.322152929,0.,0.678889047,0.3264496,0.,                1309P   2359
0.678889047,0.330830447,0.,0.,1.,0.,0.,1.;                          1309P   2360
124,1.,-7.105427357601E-015,0.,-1.3686883911605E-013,               1311P   2361
-7.105427357601E-015,-1.,6.98296267768627E-015,                     1311P   2362
-38.7938266513023,-4.96169340471387E-029,                           1311P   2363
-6.98296267768627E-015,-1.,-1.35447921815337E-013;                  1311P   2364
100,0.,26.697560814,-19.396913326,31.797560814,-19.396913326,       1313P   2365
21.597560814,-19.396913326;                                         1313P   2366
126,32,2,1,0,1,0,0.,0.,0.,0.0625,0.0625,0.125,0.125,0.1875,         1315P   2367
0.1875,0.25,0.25,0.3125,0.3125,0.375,0.375,0.4375,0.4375,0.5,       1315P   2368
0.5,0.5625,0.5625,0.625,0.625,0.6875,0.6875,0.75,0.75,0.8125,       1315P   2369
0.8125,0.875,0.875,0.9375,0.9375,1.,1.,1.,1.,1.,1.,1.,1.,1.,1.,     1315P   2370
1.,1.,1.,1.,1.,1.,1.,1.,1.,1.,1.,1.,1.,1.,1.,1.,1.,1.,1.,1.,1.,     1315P   2371
1.,1.,1.,1.,1.,0.678889047,0.330830447,0.,0.678889047,              1315P   2372
0.335211294,0.,0.679700724,0.339507964,0.,0.680512401,              1315P   2373
0.343804634,0.,0.682104563,0.347852009,0.,0.683696724,              1315P   2374
0.351899384,0.,0.686008185,0.355541925,0.,0.688319646,              1315P   2375
0.359184466,0.,0.691261577,0.362282192,0.,0.694203509,              1315P   2376
0.365379919,0.,0.697662854,0.367813787,0.,0.701122199,              1315P   2377
0.370247655,0.,0.704966018,0.371924133,0.,0.708809837,              1315P   2378
0.37360061,0.,0.712890413,0.374455271,0.,0.716970989,               1315P   2379
0.375309932,0.,0.721131508,0.375309932,0.,0.725292028,              1315P   2380
0.375309932,0.,0.729372604,0.374455271,0.,0.73345318,               1315P   2381
0.37360061,0.,0.737296999,0.371924133,0.,0.741140817,               1315P   2382
0.370247655,0.,0.744600163,0.367813787,0.,0.748059508,              1315P   2383
0.365379919,0.,0.75100144,0.362282192,0.,0.753943371,               1315P   2384
0.359184466,0.,0.756254832,0.355541925,0.,0.758566292,              1315P   2385
0.351899384,0.,0.760158454,0.347852009,0.,0.761750616,              1315P   2386
0.343804634,0.,0.762562293,0.339507964,0.,0.76337397,               1315P   2387
0.335211294,0.,0.76337397,0.330830447,0.,0.,1.,0.,0.,1.;            1315P   2388
124,-1.,-6.98296267768627E-015,0.,53.3951216287469,                 1317P   2389
-6.98296267768627E-015,1.,-6.98296267768627E-015,                   1317P   2390
1.85506006098562E-013,4.87617677579594E-029,                        1317P   2391
-6.98296267768627E-015,-1.,-1.35447921815339E-013;                  1317P   2392
100,0.,26.697560814,-19.396913326,31.797560814,-19.396913326,       1319P   2393
21.597560814,-19.396913326;                                         1319P   2394
102,2,1309,1315;                                                    1321P   2395
102,2,1313,1319;                                                    1323P   2396
142,1,1153,1321,1323,1;                                             1325P   2397
126,32,2,1,0,1,0,0.,0.,0.,0.0625,0.0625,0.125,0.125,0.1875,         1327P   2398
0.1875,0.25,0.25,0.3125,0.3125,0.375,0.375,0.4375,0.4375,0.5,       1327P   2399
0.5,0.5625,0.5625,0.625,0.625,0.6875,0.6875,0.75,0.75,0.8125,       1327P   2400
0.8125,0.875,0.875,0.9375,0.9375,1.,1.,1.,1.,1.,1.,1.,1.,1.,1.,     1327P   2401
1.,1.,1.,1.,1.,1.,1.,1.,1.,1.,1.,1.,1.,1.,1.,1.,1.,1.,1.,1.,1.,     1327P   2402
1.,1.,1.,1.,1.,0.626707182,0.226277913,0.,0.626707182,              1327P   2403
0.221897066,0.,0.625895505,0.217600396,0.,0.625083828,              1327P   2404
0.213303725,0.,0.623491666,0.209256351,0.,0.621899504,              1327P   2405
0.205208976,0.,0.619588044,0.201566435,0.,0.617276583,              1327P   2406
0.197923894,0.,0.614334651,0.194826167,0.,0.61139272,               1327P   2407
0.19172844,0.,0.607933375,0.189294572,0.,0.604474029,               1327P   2408
0.186860704,0.,0.60063021,0.185184227,0.,0.596786392,               1327P   2409
0.183507749,0.,0.592705816,0.182653088,0.,0.58862524,               1327P   2410
0.181798427,0.,0.58446472,0.181798427,0.,0.580304201,               1327P   2411
0.181798427,0.,0.576223625,0.182653088,0.,0.572143049,              1327P   2412
0.183507749,0.,0.56829923,0.185184227,0.,0.564455411,               1327P   2413
0.186860704,0.,0.560996066,0.189294572,0.,0.55753672,               1327P   2414
0.19172844,0.,0.554594789,0.194826167,0.,0.551652858,               1327P   2415
0.197923894,0.,0.549341397,0.201566435,0.,0.547029936,              1327P   2416
0.205208976,0.,0.545437774,0.209256351,0.,0.543845613,              1327P   2417
0.213303725,0.,0.543033935,0.217600396,0.,0.542222258,              1327P   2418
0.221897066,0.,0.542222258,0.226277913,0.,0.,1.,0.,0.,1.;           1327P   2419
124,1.,-7.105427357601E-015,0.,-2.22226428906537E-013,              1329P   2420
-7.105427357601E-015,-1.,6.98296267768627E-015,                     1329P   2421
-62.7697300754798,-4.96169340471387E-029,                           1329P   2422
-6.98296267768627E-015,-1.,-2.19159341202758E-013;                  1329P   2423
100,0.,10.197560814,-31.384865038,15.297560814,-31.384865038,       1331P   2424
5.097560814,-31.384865038;                                          1331P   2425
126,32,2,1,0,1,0,0.,0.,0.,0.0625,0.0625,0.125,0.125,0.1875,         1333P   2426
0.1875,0.25,0.25,0.3125,0.3125,0.375,0.375,0.4375,0.4375,0.5,       1333P   2427
0.5,0.5625,0.5625,0.625,0.625,0.6875,0.6875,0.75,0.75,0.8125,       1333P   2428
0.8125,0.875,0.875,0.9375,0.9375,1.,1.,1.,1.,1.,1.,1.,1.,1.,1.,     1333P   2429
1.,1.,1.,1.,1.,1.,1.,1.,1.,1.,1.,1.,1.,1.,1.,1.,1.,1.,1.,1.,1.,     1333P   2430
1.,1.,1.,1.,1.,0.542222258,0.226277913,0.,0.542222258,              1333P   2431
0.23065876,0.,0.543033935,0.23495543,0.,0.543845613,0.2392521,      1333P   2432
0.,0.545437774,0.243299475,0.,0.547029936,0.24734685,0.,            1333P   2433
0.549341397,0.250989391,0.,0.551652858,0.254631932,0.,              1333P   2434
0.554594789,0.257729658,0.,0.55753672,0.260827385,0.,               1333P   2435
0.560996066,0.263261253,0.,0.564455411,0.265695121,0.,              1333P   2436
0.56829923,0.267371599,0.,0.572143049,0.269048076,0.,               1333P   2437
0.576223625,0.269902737,0.,0.580304201,0.270757398,0.,              1333P   2438
0.58446472,0.270757398,0.,0.58862524,0.270757398,0.,                1333P   2439
0.592705816,0.269902737,0.,0.596786392,0.269048076,0.,              1333P   2440
0.60063021,0.267371599,0.,0.604474029,0.265695121,0.,               1333P   2441
0.607933375,0.263261253,0.,0.61139272,0.260827385,0.,               1333P   2442
0.614334651,0.257729658,0.,0.617276583,0.254631932,0.,              1333P   2443
0.619588044,0.250989391,0.,0.621899504,0.24734685,0.,               1333P   2444
0.623491666,0.243299475,0.,0.625083828,0.2392521,0.,                1333P   2445
0.625895505,0.23495543,0.,0.626707182,0.23065876,0.,                1333P   2446
0.626707182,0.226277913,0.,0.,1.,0.,0.,1.;                          1333P   2447
124,-1.,-6.98296267768627E-015,0.,20.395121628747,                  1335P   2448
-6.98296267768627E-015,1.,-6.98296267768627E-015,                   1335P   2449
7.30294341013386E-014,4.87617677579594E-029,                        1335P   2450
-6.98296267768627E-015,-1.,-2.19159341202759E-013;                  1335P   2451
100,0.,10.197560814,-31.384865038,15.297560814,-31.384865038,       1337P   2452
5.097560814,-31.384865038;                                          1337P   2453
102,2,1327,1333;                                                    1339P   2454
102,2,1331,1337;                                                    1341P   2455
142,1,1153,1339,1341,1;                                             1343P   2456
126,32,2,1,0,1,0,0.,0.,0.,0.0625,0.0625,0.125,0.125,0.1875,         1345P   2457
0.1875,0.25,0.25,0.3125,0.3125,0.375,0.375,0.4375,0.4375,0.5,       1345P   2458
0.5,0.5625,0.5625,0.625,0.625,0.6875,0.6875,0.75,0.75,0.8125,       1345P   2459
0.8125,0.875,0.875,0.9375,0.9375,1.,1.,1.,1.,1.,1.,1.,1.,1.,1.,     1345P   2460
1.,1.,1.,1.,1.,1.,1.,1.,1.,1.,1.,1.,1.,1.,1.,1.,1.,1.,1.,1.,1.,     1345P   2461
1.,1.,1.,1.,1.,0.457777742,0.226277913,0.,0.457777742,              1345P   2462
0.221897066,0.,0.456966065,0.217600396,0.,0.456154387,              1345P   2463
0.213303725,0.,0.454562226,0.209256351,0.,0.452970064,              1345P   2464
0.205208976,0.,0.450658603,0.201566435,0.,0.448347142,              1345P   2465
0.197923894,0.,0.445405211,0.194826167,0.,0.44246328,               1345P   2466
0.19172844,0.,0.439003934,0.189294572,0.,0.435544589,               1345P   2467
0.186860704,0.,0.43170077,0.185184227,0.,0.427856951,               1345P   2468
0.183507749,0.,0.423776375,0.182653088,0.,0.419695799,              1345P   2469
0.181798427,0.,0.41553528,0.181798427,0.,0.41137476,                1345P   2470
0.181798427,0.,0.407294184,0.182653088,0.,0.403213608,              1345P   2471
0.183507749,0.,0.39936979,0.185184227,0.,0.395525971,               1345P   2472
0.186860704,0.,0.392066625,0.189294572,0.,0.38860728,               1345P   2473
0.19172844,0.,0.385665349,0.194826167,0.,0.382723417,               1345P   2474
0.197923894,0.,0.380411956,0.201566435,0.,0.378100496,              1345P   2475
0.205208976,0.,0.376508334,0.209256351,0.,0.374916172,              1345P   2476
0.213303725,0.,0.374104495,0.217600396,0.,0.373292818,              1345P   2477
0.221897066,0.,0.373292818,0.226277913,0.,0.,1.,0.,0.,1.;           1345P   2478
124,1.,-7.105427357601E-015,0.,-2.22226428906541E-013,              1347P   2479
-7.105427357601E-015,-1.,6.98296267768627E-015,                     1347P   2480
-62.7697300754804,-4.96169340471387E-029,                           1347P   2481
-6.98296267768627E-015,-1.,-2.19159341202761E-013;                  1347P   2482
100,0.,-10.197560814,-31.384865038,-5.097560814,-31.384865038,      1349P   2483
-15.297560814,-31.384865038;                                        1349P   2484
126,32,2,1,0,1,0,0.,0.,0.,0.0625,0.0625,0.125,0.125,0.1875,         1351P   2485
0.1875,0.25,0.25,0.3125,0.3125,0.375,0.375,0.4375,0.4375,0.5,       1351P   2486
0.5,0.5625,0.5625,0.625,0.625,0.6875,0.6875,0.75,0.75,0.8125,       1351P   2487
0.8125,0.875,0.875,0.9375,0.9375,1.,1.,1.,1.,1.,1.,1.,1.,1.,1.,     1351P   2488
1.,1.,1.,1.,1.,1.,1.,1.,1.,1.,1.,1.,1.,1.,1.,1.,1.,1.,1.,1.,1.,     1351P   2489
1.,1.,1.,1.,1.,0.373292818,0.226277913,0.,0.373292818,              1351P   2490
0.23065876,0.,0.374104495,0.23495543,0.,0.374916172,0.2392521,      1351P   2491
0.,0.376508334,0.243299475,0.,0.378100496,0.24734685,0.,            1351P   2492
0.380411956,0.250989391,0.,0.382723417,0.254631932,0.,              1351P   2493
0.385665349,0.257729658,0.,0.38860728,0.260827385,0.,               1351P   2494
0.392066625,0.263261253,0.,0.395525971,0.265695121,0.,              1351P   2495
0.39936979,0.267371599,0.,0.403213608,0.269048076,0.,               1351P   2496
0.407294184,0.269902737,0.,0.41137476,0.270757398,0.,               1351P   2497
0.41553528,0.270757398,0.,0.419695799,0.270757398,0.,               1351P   2498
0.423776375,0.269902737,0.,0.427856951,0.269048076,0.,              1351P   2499
0.43170077,0.267371599,0.,0.435544589,0.265695121,0.,               1351P   2500
0.439003934,0.263261253,0.,0.44246328,0.260827385,0.,               1351P   2501
0.445405211,0.257729658,0.,0.448347142,0.254631932,0.,              1351P   2502
0.450658603,0.250989391,0.,0.452970064,0.24734685,0.,               1351P   2503
0.454562226,0.243299475,0.,0.456154387,0.2392521,0.,                1351P   2504
0.456966065,0.23495543,0.,0.457777742,0.23065876,0.,                1351P   2505
0.457777742,0.226277913,0.,0.,1.,0.,0.,1.;                          1351P   2506
124,-1.,-6.98296267768627E-015,0.,-20.3951216287461,                1353P   2507
-6.98296267768627E-015,1.,-6.98296267768627E-015,                   1353P   2508
-7.30294341013355E-014,4.87617677579594E-029,                       1353P   2509
-6.98296267768627E-015,-1.,-2.1915934120276E-013;                   1353P   2510
100,0.,-10.197560814,-31.384865038,-5.097560814,-31.384865038,      1355P   2511
-15.297560814,-31.384865038;                                        1355P   2512
102,2,1345,1351;                                                    1357P   2513
102,2,1349,1355;                                                    1359P   2514
142,1,1153,1357,1359,1;                                             1361P   2515
126,32,2,1,0,1,0,0.,0.,0.,0.0625,0.0625,0.125,0.125,0.1875,         1363P   2516
0.1875,0.25,0.25,0.3125,0.3125,0.375,0.375,0.4375,0.4375,0.5,       1363P   2517
0.5,0.5625,0.5625,0.625,0.625,0.6875,0.6875,0.75,0.75,0.8125,       1363P   2518
0.8125,0.875,0.875,0.9375,0.9375,1.,1.,1.,1.,1.,1.,1.,1.,1.,1.,     1363P   2519
1.,1.,1.,1.,1.,1.,1.,1.,1.,1.,1.,1.,1.,1.,1.,1.,1.,1.,1.,1.,1.,     1363P   2520
1.,1.,1.,1.,1.,0.321110953,0.330830447,0.,0.321110953,              1363P   2521
0.3264496,0.,0.320299276,0.322152929,0.,0.319487599,                1363P   2522
0.317856259,0.,0.317895437,0.313808884,0.,0.316303276,              1363P   2523
0.30976151,0.,0.313991815,0.306118969,0.,0.311680354,               1363P   2524
0.302476427,0.,0.308738423,0.299378701,0.,0.305796491,              1363P   2525
0.296280974,0.,0.302337146,0.293847106,0.,0.298877801,              1363P   2526
0.291413238,0.,0.295033982,0.28973676,0.,0.291190163,               1363P   2527
0.288060283,0.,0.287109587,0.287205622,0.,0.283029011,              1363P   2528
0.286350961,0.,0.278868492,0.286350961,0.,0.274707972,              1363P   2529
0.286350961,0.,0.270627396,0.287205622,0.,0.26654682,               1363P   2530
0.288060283,0.,0.262703001,0.28973676,0.,0.258859183,               1363P   2531
0.291413238,0.,0.255399837,0.293847106,0.,0.251940492,              1363P   2532
0.296280974,0.,0.24899856,0.299378701,0.,0.246056629,               1363P   2533
0.302476427,0.,0.243745168,0.306118969,0.,0.241433708,              1363P   2534
0.30976151,0.,0.239841546,0.313808884,0.,0.238249384,               1363P   2535
0.317856259,0.,0.237437707,0.322152929,0.,0.23662603,0.3264496,     1363P   2536
0.,0.23662603,0.330830447,0.,0.,1.,0.,0.,1.;                        1363P   2537
124,1.,-7.105427357601E-015,0.,-1.36868839116061E-013,              1365P   2538
-7.105427357601E-015,-1.,6.98296267768627E-015,                     1365P   2539
-38.7938266513039,-4.96169340471387E-029,                           1365P   2540
-6.98296267768627E-015,-1.,-1.35447921815344E-013;                  1365P   2541
100,0.,-26.697560814,-19.396913326,-21.597560814,-19.396913326,     1367P   2542
-31.797560814,-19.396913326;                                        1367P   2543
126,32,2,1,0,1,0,0.,0.,0.,0.0625,0.0625,0.125,0.125,0.1875,         1369P   2544
0.1875,0.25,0.25,0.3125,0.3125,0.375,0.375,0.4375,0.4375,0.5,       1369P   2545
0.5,0.5625,0.5625,0.625,0.625,0.6875,0.6875,0.75,0.75,0.8125,       1369P   2546
0.8125,0.875,0.875,0.9375,0.9375,1.,1.,1.,1.,1.,1.,1.,1.,1.,1.,     1369P   2547
1.,1.,1.,1.,1.,1.,1.,1.,1.,1.,1.,1.,1.,1.,1.,1.,1.,1.,1.,1.,1.,     1369P   2548
1.,1.,1.,1.,1.,0.23662603,0.330830447,0.,0.23662603,                1369P   2549
0.335211294,0.,0.237437707,0.339507964,0.,0.238249384,              1369P   2550
0.343804634,0.,0.239841546,0.347852009,0.,0.241433708,              1369P   2551
0.351899384,0.,0.243745168,0.355541925,0.,0.246056629,              1369P   2552
0.359184466,0.,0.24899856,0.362282192,0.,0.251940492,               1369P   2553
0.365379919,0.,0.255399837,0.367813787,0.,0.258859183,              1369P   2554
0.370247655,0.,0.262703001,0.371924133,0.,0.26654682,               1369P   2555
0.37360061,0.,0.270627396,0.374455271,0.,0.274707972,               1369P   2556
0.375309932,0.,0.278868492,0.375309932,0.,0.283029011,              1369P   2557
0.375309932,0.,0.287109587,0.374455271,0.,0.291190163,              1369P   2558
0.37360061,0.,0.295033982,0.371924133,0.,0.298877801,               1369P   2559
0.370247655,0.,0.302337146,0.367813787,0.,0.305796491,              1369P   2560
0.365379919,0.,0.308738423,0.362282192,0.,0.311680354,              1369P   2561
0.359184466,0.,0.313991815,0.355541925,0.,0.316303276,              1369P   2562
0.351899384,0.,0.317895437,0.347852009,0.,0.319487599,              1369P   2563
0.343804634,0.,0.320299276,0.339507964,0.,0.321110953,              1369P   2564
0.335211294,0.,0.321110953,0.330830447,0.,0.,1.,0.,0.,1.;           1369P   2565
124,-1.,-6.98296267768627E-015,0.,-53.3951216287463,                1371P   2566
-6.98296267768627E-015,1.,-6.98296267768627E-015,                   1371P   2567
-1.8550600609856E-013,4.87617677579594E-029,                        1371P   2568
-6.98296267768627E-015,-1.,-1.35447921815341E-013;                  1371P   2569
100,0.,-26.697560814,-19.396913326,-21.597560814,-19.396913326,     1373P   2570
-31.797560814,-19.396913326;                                        1373P   2571
102,2,1363,1369;                                                    1375P   2572
102,2,1367,1373;                                                    1377P   2573
142,1,1153,1375,1377,1;                                             1379P   2574
126,32,2,1,0,1,0,0.,0.,0.,0.0625,0.0625,0.125,0.125,0.1875,         1381P   2575
0.1875,0.25,0.25,0.3125,0.3125,0.375,0.375,0.4375,0.4375,0.5,       1381P   2576
0.5,0.5625,0.5625,0.625,0.625,0.6875,0.6875,0.75,0.75,0.8125,       1381P   2577
0.8125,0.875,0.875,0.9375,0.9375,1.,1.,1.,1.,1.,1.,1.,1.,1.,1.,     1381P   2578
1.,1.,1.,1.,1.,1.,1.,1.,1.,1.,1.,1.,1.,1.,1.,1.,1.,1.,1.,1.,1.,     1381P   2579
1.,1.,1.,1.,1.,0.268908885,0.5,0.,0.268908885,0.495619153,0.,       1381P   2580
0.268097208,0.491322483,0.,0.267285531,0.487025813,0.,              1381P   2581
0.26569337,0.482978438,0.,0.264101208,0.478931063,0.,               1381P   2582
0.261789747,0.475288522,0.,0.259478286,0.471645981,0.,              1381P   2583
0.256536355,0.468548254,0.,0.253594423,0.465450528,0.,              1381P   2584
0.250135078,0.46301666,0.,0.246675733,0.460582791,0.,               1381P   2585
0.242831914,0.458906314,0.,0.238988095,0.457229836,0.,              1381P   2586
0.234907519,0.456375175,0.,0.230826943,0.455520515,0.,              1381P   2587
0.226666424,0.455520515,0.,0.222505904,0.455520515,0.,              1381P   2588
0.218425328,0.456375175,0.,0.214344752,0.457229836,0.,              1381P   2589
0.210500933,0.458906314,0.,0.206657115,0.460582791,0.,              1381P   2590
0.203197769,0.46301666,0.,0.199738424,0.465450528,0.,               1381P   2591
0.196796493,0.468548254,0.,0.193854561,0.471645981,0.,              1381P   2592
0.1915431,0.475288522,0.,0.18923164,0.478931063,0.,0.187639478,     1381P   2593
0.482978438,0.,0.186047316,0.487025813,0.,0.185235639,              1381P   2594
0.491322483,0.,0.184423962,0.495619153,0.,0.184423962,0.5,0.,       1381P   2595
0.,1.,0.,0.,1.;                                                     1381P   2596
124,1.,-7.35035671743047E-015,8.55166289179391E-031,0.,             1383P   2597
-7.35035671743047E-015,-1.,6.98296267768627E-015,0.,                1383P   2598
-5.04721003363181E-029,-6.98296267768627E-015,-1.,0.;               1383P   2599
100,0.,-33.,0.,-27.9,0.,-38.1,0.;                                   1385P   2600
126,32,2,1,0,1,0,0.,0.,0.,0.0625,0.0625,0.125,0.125,0.1875,         1387P   2601
0.1875,0.25,0.25,0.3125,0.3125,0.375,0.375,0.4375,0.4375,0.5,       1387P   2602
0.5,0.5625,0.5625,0.625,0.625,0.6875,0.6875,0.75,0.75,0.8125,       1387P   2603
0.8125,0.875,0.875,0.9375,0.9375,1.,1.,1.,1.,1.,1.,1.,1.,1.,1.,     1387P   2604
1.,1.,1.,1.,1.,1.,1.,1.,1.,1.,1.,1.,1.,1.,1.,1.,1.,1.,1.,1.,1.,     1387P   2605
1.,1.,1.,1.,1.,0.184423962,0.5,0.,0.184423962,0.504380847,0.,       1387P   2606
0.185235639,0.508677517,0.,0.186047316,0.512974187,0.,              1387P   2607
0.187639478,0.517021562,0.,0.18923164,0.521068937,0.,0.1915431,     1387P   2608
0.524711478,0.,0.193854561,0.528354019,0.,0.196796493,              1387P   2609
0.531451746,0.,0.199738424,0.534549472,0.,0.203197769,              1387P   2610
0.53698334,0.,0.206657115,0.539417209,0.,0.210500933,               1387P   2611
0.541093686,0.,0.214344752,0.542770164,0.,0.218425328,              1387P   2612
0.543624825,0.,0.222505904,0.544479485,0.,0.226666424,              1387P   2613
0.544479485,0.,0.230826943,0.544479485,0.,0.234907519,              1387P   2614
0.543624825,0.,0.238988095,0.542770164,0.,0.242831914,              1387P   2615
0.541093686,0.,0.246675733,0.539417209,0.,0.250135078,              1387P   2616
0.53698334,0.,0.253594423,0.534549472,0.,0.256536355,               1387P   2617
0.531451746,0.,0.259478286,0.528354019,0.,0.261789747,              1387P   2618
0.524711478,0.,0.264101208,0.521068937,0.,0.26569337,               1387P   2619
0.517021562,0.,0.267285531,0.512974187,0.,0.268097208,              1387P   2620
0.508677517,0.,0.268908885,0.504380847,0.,0.268908885,0.5,0.,       1387P   2621
0.,1.,0.,0.,1.;                                                     1387P   2622
124,-1.,-6.98296267768627E-015,0.,-66.,-6.98296267768627E-015,      1389P   2623
1.,-6.98296267768627E-015,-2.30437768363647E-013,                   1389P   2624
4.87617677579594E-029,-6.98296267768627E-015,-1.,                   1389P   2625
1.60913833601266E-027;                                              1389P   2626
100,0.,-33.,0.,-27.9,0.,-38.1,0.;                                   1391P   2627
102,2,1381,1387;                                                    1393P   2628
102,2,1385,1391;                                                    1395P   2629
142,1,1153,1393,1395,1;                                             1397P   2630
126,32,2,1,0,1,0,0.,0.,0.,0.0625,0.0625,0.125,0.125,0.1875,         1399P   2631
0.1875,0.25,0.25,0.3125,0.3125,0.375,0.375,0.4375,0.4375,0.5,       1399P   2632
0.5,0.5625,0.5625,0.625,0.625,0.6875,0.6875,0.75,0.75,0.8125,       1399P   2633
0.8125,0.875,0.875,0.9375,0.9375,1.,1.,1.,1.,1.,1.,1.,1.,1.,1.,     1399P   2634
1.,1.,1.,1.,1.,1.,1.,1.,1.,1.,1.,1.,1.,1.,1.,1.,1.,1.,1.,1.,1.,     1399P   2635
1.,1.,1.,1.,1.,0.321110953,0.669169553,0.,0.321110953,              1399P   2636
0.664788706,0.,0.320299276,0.660492036,0.,0.319487599,              1399P   2637
0.656195366,0.,0.317895437,0.652147991,0.,0.316303276,              1399P   2638
0.648100616,0.,0.313991815,0.644458075,0.,0.311680354,              1399P   2639
0.640815534,0.,0.308738423,0.637717808,0.,0.305796491,              1399P   2640
0.634620081,0.,0.302337146,0.632186213,0.,0.298877801,              1399P   2641
0.629752345,0.,0.295033982,0.628075867,0.,0.291190163,              1399P   2642
0.62639939,0.,0.287109587,0.625544729,0.,0.283029011,               1399P   2643
0.624690068,0.,0.278868492,0.624690068,0.,0.274707972,              1399P   2644
0.624690068,0.,0.270627396,0.625544729,0.,0.26654682,               1399P   2645
0.62639939,0.,0.262703001,0.628075867,0.,0.258859183,               1399P   2646
0.629752345,0.,0.255399837,0.632186213,0.,0.251940492,              1399P   2647
0.634620081,0.,0.24899856,0.637717808,0.,0.246056629,               1399P   2648
0.640815534,0.,0.243745168,0.644458075,0.,0.241433708,              1399P   2649
0.648100616,0.,0.239841546,0.652147991,0.,0.238249384,              1399P   2650
0.656195366,0.,0.237437707,0.660492036,0.,0.23662603,               1399P   2651
0.664788706,0.,0.23662603,0.669169553,0.,0.,1.,0.,0.,1.;            1399P   2652
124,1.,-7.105427357601E-015,0.,1.36868839116053E-013,               1401P   2653
-7.105427357601E-015,-1.,6.98296267768627E-015,                     1401P   2654
38.7938266513027,-4.96169340471387E-029,-6.98296267768627E-015,     1401P   2655
-1.,1.35447921815338E-013;                                          1401P   2656
100,0.,-26.697560814,19.396913326,-21.597560814,19.396913326,       1403P   2657
-31.797560814,19.396913326;                                         1403P   2658
126,32,2,1,0,1,0,0.,0.,0.,0.0625,0.0625,0.125,0.125,0.1875,         1405P   2659
0.1875,0.25,0.25,0.3125,0.3125,0.375,0.375,0.4375,0.4375,0.5,       1405P   2660
0.5,0.5625,0.5625,0.625,0.625,0.6875,0.6875,0.75,0.75,0.8125,       1405P   2661
0.8125,0.875,0.875,0.9375,0.9375,1.,1.,1.,1.,1.,1.,1.,1.,1.,1.,     1405P   2662
1.,1.,1.,1.,1.,1.,1.,1.,1.,1.,1.,1.,1.,1.,1.,1.,1.,1.,1.,1.,1.,     1405P   2663
1.,1.,1.,1.,1.,0.23662603,0.669169553,0.,0.23662603,0.6735504,      1405P   2664
0.,0.237437707,0.677847071,0.,0.238249384,0.682143741,0.,           1405P   2665
0.239841546,0.686191116,0.,0.241433708,0.69023849,0.,               1405P   2666
0.243745168,0.693881031,0.,0.246056629,0.697523573,0.,              1405P   2667
0.24899856,0.700621299,0.,0.251940492,0.703719026,0.,               1405P   2668
0.255399837,0.706152894,0.,0.258859183,0.708586762,0.,              1405P   2669
0.262703001,0.71026324,0.,0.26654682,0.711939717,0.,                1405P   2670
0.270627396,0.712794378,0.,0.274707972,0.713649039,0.,              1405P   2671
0.278868492,0.713649039,0.,0.283029011,0.713649039,0.,              1405P   2672
0.287109587,0.712794378,0.,0.291190163,0.711939717,0.,              1405P   2673
0.295033982,0.71026324,0.,0.298877801,0.708586762,0.,               1405P   2674
0.302337146,0.706152894,0.,0.305796491,0.703719026,0.,              1405P   2675
0.308738423,0.700621299,0.,0.311680354,0.697523573,0.,              1405P   2676
0.313991815,0.693881031,0.,0.316303276,0.69023849,0.,               1405P   2677
0.317895437,0.686191116,0.,0.319487599,0.682143741,0.,              1405P   2678
0.320299276,0.677847071,0.,0.321110953,0.6735504,0.,                1405P   2679
0.321110953,0.669169553,0.,0.,1.,0.,0.,1.;                          1405P   2680
124,-1.,-6.98296267768627E-015,0.,-53.3951216287466,                1407P   2681
-6.98296267768627E-015,1.,-6.98296267768627E-015,                   1407P   2682
-1.8550600609856E-013,4.87617677579594E-029,                        1407P   2683
-6.98296267768627E-015,-1.,1.35447921815341E-013;                   1407P   2684
100,0.,-26.697560814,19.396913326,-21.597560814,19.396913326,       1409P   2685
-31.797560814,19.396913326;                                         1409P   2686
102,2,1399,1405;                                                    1411P   2687
102,2,1403,1409;                                                    1413P   2688
142,1,1153,1411,1413,1;                                             1415P   2689
126,32,2,1,0,1,0,0.,0.,0.,0.0625,0.0625,0.125,0.125,0.1875,         1417P   2690
0.1875,0.25,0.25,0.3125,0.3125,0.375,0.375,0.4375,0.4375,0.5,       1417P   2691
0.5,0.5625,0.5625,0.625,0.625,0.6875,0.6875,0.75,0.75,0.8125,       1417P   2692
0.8125,0.875,0.875,0.9375,0.9375,1.,1.,1.,1.,1.,1.,1.,1.,1.,1.,     1417P   2693
1.,1.,1.,1.,1.,1.,1.,1.,1.,1.,1.,1.,1.,1.,1.,1.,1.,1.,1.,1.,1.,     1417P   2694
1.,1.,1.,1.,1.,0.457777742,0.773722087,0.,0.457777742,              1417P   2695
0.76934124,0.,0.456966065,0.76504457,0.,0.456154387,0.7607479,      1417P   2696
0.,0.454562226,0.756700525,0.,0.452970064,0.75265315,0.,            1417P   2697
0.450658603,0.749010609,0.,0.448347142,0.745368068,0.,              1417P   2698
0.445405211,0.742270342,0.,0.44246328,0.739172615,0.,               1417P   2699
0.439003934,0.736738747,0.,0.435544589,0.734304879,0.,              1417P   2700
0.43170077,0.732628401,0.,0.427856951,0.730951924,0.,               1417P   2701
0.423776375,0.730097263,0.,0.419695799,0.729242602,0.,              1417P   2702
0.41553528,0.729242602,0.,0.41137476,0.729242602,0.,                1417P   2703
0.407294184,0.730097263,0.,0.403213608,0.730951924,0.,              1417P   2704
0.39936979,0.732628401,0.,0.395525971,0.734304879,0.,               1417P   2705
0.392066625,0.736738747,0.,0.38860728,0.739172615,0.,               1417P   2706
0.385665349,0.742270342,0.,0.382723417,0.745368068,0.,              1417P   2707
0.380411956,0.749010609,0.,0.378100496,0.75265315,0.,               1417P   2708
0.376508334,0.756700525,0.,0.374916172,0.7607479,0.,                1417P   2709
0.374104495,0.76504457,0.,0.373292818,0.76934124,0.,                1417P   2710
0.373292818,0.773722087,0.,0.,1.,0.,0.,1.;                          1417P   2711
124,1.,-7.105427357601E-015,0.,2.22226428906538E-013,               1419P   2712
-7.105427357601E-015,-1.,6.98296267768627E-015,62.76973007548,      1419P   2713
-4.96169340471387E-029,-6.98296267768627E-015,-1.,                  1419P   2714
2.19159341202759E-013;                                              1419P   2715
100,0.,-10.197560814,31.384865038,-5.097560814,31.384865038,        1421P   2716
-15.297560814,31.384865038;                                         1421P   2717
126,32,2,1,0,1,0,0.,0.,0.,0.0625,0.0625,0.125,0.125,0.1875,         1423P   2718
0.1875,0.25,0.25,0.3125,0.3125,0.375,0.375,0.4375,0.4375,0.5,       1423P   2719
0.5,0.5625,0.5625,0.625,0.625,0.6875,0.6875,0.75,0.75,0.8125,       1423P   2720
0.8125,0.875,0.875,0.9375,0.9375,1.,1.,1.,1.,1.,1.,1.,1.,1.,1.,     1423P   2721
1.,1.,1.,1.,1.,1.,1.,1.,1.,1.,1.,1.,1.,1.,1.,1.,1.,1.,1.,1.,1.,     1423P   2722
1.,1.,1.,1.,1.,0.373292818,0.773722087,0.,0.373292818,              1423P   2723
0.778102934,0.,0.374104495,0.782399604,0.,0.374916172,              1423P   2724
0.786696275,0.,0.376508334,0.790743649,0.,0.378100496,              1423P   2725
0.794791024,0.,0.380411956,0.798433565,0.,0.382723417,              1423P   2726
0.802076106,0.,0.385665349,0.805173833,0.,0.38860728,               1423P   2727
0.80827156,0.,0.392066625,0.810705428,0.,0.395525971,               1423P   2728
0.813139296,0.,0.39936979,0.814815773,0.,0.403213608,               1423P   2729
0.816492251,0.,0.407294184,0.817346912,0.,0.41137476,               1423P   2730
0.818201573,0.,0.41553528,0.818201573,0.,0.419695799,               1423P   2731
0.818201573,0.,0.423776375,0.817346912,0.,0.427856951,              1423P   2732
0.816492251,0.,0.43170077,0.814815773,0.,0.435544589,               1423P   2733
0.813139296,0.,0.439003934,0.810705428,0.,0.44246328,               1423P   2734
0.80827156,0.,0.445405211,0.805173833,0.,0.448347142,               1423P   2735
0.802076106,0.,0.450658603,0.798433565,0.,0.452970064,              1423P   2736
0.794791024,0.,0.454562226,0.790743649,0.,0.456154387,              1423P   2737
0.786696275,0.,0.456966065,0.782399604,0.,0.457777742,              1423P   2738
0.778102934,0.,0.457777742,0.773722087,0.,0.,1.,0.,0.,1.;           1423P   2739
124,-1.,-6.98296267768627E-015,0.,-20.3951216287466,                1425P   2740
-6.98296267768627E-015,1.,-6.98296267768627E-015,                   1425P   2741
-7.30294341013356E-014,4.87617677579594E-029,                       1425P   2742
-6.98296267768627E-015,-1.,2.1915934120276E-013;                    1425P   2743
100,0.,-10.197560814,31.384865038,-5.097560814,31.384865038,        1427P   2744
-15.297560814,31.384865038;                                         1427P   2745
102,2,1417,1423;                                                    1429P   2746
102,2,1421,1427;                                                    1431P   2747
142,1,1153,1429,1431,1;                                             1433P   2748
126,32,2,1,0,1,0,0.,0.,0.,0.0625,0.0625,0.125,0.125,0.1875,         1435P   2749
0.1875,0.25,0.25,0.3125,0.3125,0.375,0.375,0.4375,0.4375,0.5,       1435P   2750
0.5,0.5625,0.5625,0.625,0.625,0.6875,0.6875,0.75,0.75,0.8125,       1435P   2751
0.8125,0.875,0.875,0.9375,0.9375,1.,1.,1.,1.,1.,1.,1.,1.,1.,1.,     1435P   2752
1.,1.,1.,1.,1.,1.,1.,1.,1.,1.,1.,1.,1.,1.,1.,1.,1.,1.,1.,1.,1.,     1435P   2753
1.,1.,1.,1.,1.,0.626707182,0.773722087,0.,0.626707182,              1435P   2754
0.76934124,0.,0.625895505,0.76504457,0.,0.625083828,0.7607479,      1435P   2755
0.,0.623491666,0.756700525,0.,0.621899504,0.75265315,0.,            1435P   2756
0.619588044,0.749010609,0.,0.617276583,0.745368068,0.,              1435P   2757
0.614334651,0.742270342,0.,0.61139272,0.739172615,0.,               1435P   2758
0.607933375,0.736738747,0.,0.604474029,0.734304879,0.,              1435P   2759
0.60063021,0.732628401,0.,0.596786392,0.730951924,0.,               1435P   2760
0.592705816,0.730097263,0.,0.58862524,0.729242602,0.,               1435P   2761
0.58446472,0.729242602,0.,0.580304201,0.729242602,0.,               1435P   2762
0.576223625,0.730097263,0.,0.572143049,0.730951924,0.,              1435P   2763
0.56829923,0.732628401,0.,0.564455411,0.734304879,0.,               1435P   2764
0.560996066,0.736738747,0.,0.55753672,0.739172615,0.,               1435P   2765
0.554594789,0.742270342,0.,0.551652858,0.745368068,0.,              1435P   2766
0.549341397,0.749010609,0.,0.547029936,0.75265315,0.,               1435P   2767
0.545437774,0.756700525,0.,0.543845613,0.7607479,0.,                1435P   2768
0.543033935,0.76504457,0.,0.542222258,0.76934124,0.,                1435P   2769
0.542222258,0.773722087,0.,0.,1.,0.,0.,1.;                          1435P   2770
124,1.,-7.105427357601E-015,0.,2.2222642890654E-013,                1437P   2771
-7.105427357601E-015,-1.,6.98296267768627E-015,                     1437P   2772
62.7697300754803,-4.96169340471387E-029,-6.98296267768627E-015,     1437P   2773
-1.,2.1915934120276E-013;                                           1437P   2774
100,0.,10.197560814,31.384865038,15.297560814,31.384865038,         1439P   2775
5.097560814,31.384865038;                                           1439P   2776
126,32,2,1,0,1,0,0.,0.,0.,0.0625,0.0625,0.125,0.125,0.1875,         1441P   2777
0.1875,0.25,0.25,0.3125,0.3125,0.375,0.375,0.4375,0.4375,0.5,       1441P   2778
0.5,0.5625,0.5625,0.625,0.625,0.6875,0.6875,0.75,0.75,0.8125,       1441P   2779
0.8125,0.875,0.875,0.9375,0.9375,1.,1.,1.,1.,1.,1.,1.,1.,1.,1.,     1441P   2780
1.,1.,1.,1.,1.,1.,1.,1.,1.,1.,1.,1.,1.,1.,1.,1.,1.,1.,1.,1.,1.,     1441P   2781
1.,1.,1.,1.,1.,0.542222258,0.773722087,0.,0.542222258,              1441P   2782
0.778102934,0.,0.543033935,0.782399604,0.,0.543845613,              1441P   2783
0.786696275,0.,0.545437774,0.790743649,0.,0.547029936,              1441P   2784
0.794791024,0.,0.549341397,0.798433565,0.,0.551652858,              1441P   2785
0.802076106,0.,0.554594789,0.805173833,0.,0.55753672,               1441P   2786
0.80827156,0.,0.560996066,0.810705428,0.,0.564455411,               1441P   2787
0.813139296,0.,0.56829923,0.814815773,0.,0.572143049,               1441P   2788
0.816492251,0.,0.576223625,0.817346912,0.,0.580304201,              1441P   2789
0.818201573,0.,0.58446472,0.818201573,0.,0.58862524,                1441P   2790
0.818201573,0.,0.592705816,0.817346912,0.,0.596786392,              1441P   2791
0.816492251,0.,0.60063021,0.814815773,0.,0.604474029,               1441P   2792
0.813139296,0.,0.607933375,0.810705428,0.,0.61139272,               1441P   2793
0.80827156,0.,0.614334651,0.805173833,0.,0.617276583,               1441P   2794
0.802076106,0.,0.619588044,0.798433565,0.,0.621899504,              1441P   2795
0.794791024,0.,0.623491666,0.790743649,0.,0.625083828,              1441P   2796
0.786696275,0.,0.625895505,0.782399604,0.,0.626707182,              1441P   2797
0.778102934,0.,0.626707182,0.773722087,0.,0.,1.,0.,0.,1.;           1441P   2798
124,-1.,-6.98296267768627E-015,0.,20.3951216287466,                 1443P   2799
-6.98296267768627E-015,1.,-6.98296267768627E-015,                   1443P   2800
7.30294341013385E-014,4.87617677579594E-029,                        1443P   2801
-6.98296267768627E-015,-1.,2.19159341202759E-013;                   1443P   2802
100,0.,10.197560814,31.384865038,15.297560814,31.384865038,         1445P   2803
5.097560814,31.384865038;                                           1445P   2804
102,2,1435,1441;                                                    1447P   2805
102,2,1439,1445;                                                    1449P   2806
142,1,1153,1447,1449,1;                                             1451P   2807
126,32,2,1,0,1,0,0.,0.,0.,0.0625,0.0625,0.125,0.125,0.1875,         1453P   2808
0.1875,0.25,0.25,0.3125,0.3125,0.375,0.375,0.4375,0.4375,0.5,       1453P   2809
0.5,0.5625,0.5625,0.625,0.625,0.6875,0.6875,0.75,0.75,0.8125,       1453P   2810
0.8125,0.875,0.875,0.9375,0.9375,1.,1.,1.,1.,1.,1.,1.,1.,1.,1.,     1453P   2811
1.,1.,1.,1.,1.,1.,1.,1.,1.,1.,1.,1.,1.,1.,1.,1.,1.,1.,1.,1.,1.,     1453P   2812
1.,1.,1.,1.,1.,0.76337397,0.669169553,0.,0.76337397,                1453P   2813
0.664788706,0.,0.762562293,0.660492036,0.,0.761750616,              1453P   2814
0.656195366,0.,0.760158454,0.652147991,0.,0.758566292,              1453P   2815
0.648100616,0.,0.756254832,0.644458075,0.,0.753943371,              1453P   2816
0.640815534,0.,0.75100144,0.637717808,0.,0.748059508,               1453P   2817
0.634620081,0.,0.744600163,0.632186213,0.,0.741140817,              1453P   2818
0.629752345,0.,0.737296999,0.628075867,0.,0.73345318,               1453P   2819
0.62639939,0.,0.729372604,0.625544729,0.,0.725292028,               1453P   2820
0.624690068,0.,0.721131508,0.624690068,0.,0.716970989,              1453P   2821
0.624690068,0.,0.712890413,0.625544729,0.,0.708809837,              1453P   2822
0.62639939,0.,0.704966018,0.628075867,0.,0.701122199,               1453P   2823
0.629752345,0.,0.697662854,0.632186213,0.,0.694203509,              1453P   2824
0.634620081,0.,0.691261577,0.637717808,0.,0.688319646,              1453P   2825
0.640815534,0.,0.686008185,0.644458075,0.,0.683696724,              1453P   2826
0.648100616,0.,0.682104563,0.652147991,0.,0.680512401,              1453P   2827
0.656195366,0.,0.679700724,0.660492036,0.,0.678889047,              1453P   2828
0.664788706,0.,0.678889047,0.669169553,0.,0.,1.,0.,0.,1.;           1453P   2829
124,1.,-7.105427357601E-015,0.,1.36868839116058E-013,               1455P   2830
-7.105427357601E-015,-1.,6.98296267768627E-015,                     1455P   2831
38.7938266513035,-4.96169340471387E-029,-6.98296267768627E-015,     1455P   2832
-1.,1.35447921815342E-013;                                          1455P   2833
100,0.,26.697560814,19.396913326,31.797560814,19.396913326,         1457P   2834
21.597560814,19.396913326;                                          1457P   2835
126,32,2,1,0,1,0,0.,0.,0.,0.0625,0.0625,0.125,0.125,0.1875,         1459P   2836
0.1875,0.25,0.25,0.3125,0.3125,0.375,0.375,0.4375,0.4375,0.5,       1459P   2837
0.5,0.5625,0.5625,0.625,0.625,0.6875,0.6875,0.75,0.75,0.8125,       1459P   2838
0.8125,0.875,0.875,0.9375,0.9375,1.,1.,1.,1.,1.,1.,1.,1.,1.,1.,     1459P   2839
1.,1.,1.,1.,1.,1.,1.,1.,1.,1.,1.,1.,1.,1.,1.,1.,1.,1.,1.,1.,1.,     1459P   2840
1.,1.,1.,1.,1.,0.678889047,0.669169553,0.,0.678889047,              1459P   2841
0.6735504,0.,0.679700724,0.677847071,0.,0.680512401,                1459P   2842
0.682143741,0.,0.682104563,0.686191116,0.,0.683696724,              1459P   2843
0.69023849,0.,0.686008185,0.693881031,0.,0.688319646,               1459P   2844
0.697523573,0.,0.691261577,0.700621299,0.,0.694203509,              1459P   2845
0.703719026,0.,0.697662854,0.706152894,0.,0.701122199,              1459P   2846
0.708586762,0.,0.704966018,0.71026324,0.,0.708809837,               1459P   2847
0.711939717,0.,0.712890413,0.712794378,0.,0.716970989,              1459P   2848
0.713649039,0.,0.721131508,0.713649039,0.,0.725292028,              1459P   2849
0.713649039,0.,0.729372604,0.712794378,0.,0.73345318,               1459P   2850
0.711939717,0.,0.737296999,0.71026324,0.,0.741140817,               1459P   2851
0.708586762,0.,0.744600163,0.706152894,0.,0.748059508,              1459P   2852
0.703719026,0.,0.75100144,0.700621299,0.,0.753943371,               1459P   2853
0.697523573,0.,0.756254832,0.693881031,0.,0.758566292,              1459P   2854
0.69023849,0.,0.760158454,0.686191116,0.,0.761750616,               1459P   2855
0.682143741,0.,0.762562293,0.677847071,0.,0.76337397,0.6735504,     1459P   2856
0.,0.76337397,0.669169553,0.,0.,1.,0.,0.,1.;                        1459P   2857
124,-1.,-6.98296267768627E-015,0.,53.3951216287466,                 1461P   2858
-6.98296267768627E-015,1.,-6.98296267768627E-015,                   1461P   2859
1.85506006098562E-013,4.87617677579594E-029,                        1461P   2860
-6.98296267768627E-015,-1.,1.3544792181534E-013;                    1461P   2861
100,0.,26.697560814,19.396913326,31.797560814,19.396913326,         1463P   2862
21.597560814,19.396913326;                                          1463P   2863
102,2,1453,1459;                                                    1465P   2864
102,2,1457,1463;                                                    1467P   2865
142,1,1153,1465,1467,1;                                             1469P   2866
126,32,2,1,0,1,0,0.,0.,0.,0.0625,0.0625,0.125,0.125,0.1875,         1471P   2867
0.1875,0.25,0.25,0.3125,0.3125,0.375,0.375,0.4375,0.4375,0.5,       1471P   2868
0.5,0.5625,0.5625,0.625,0.625,0.6875,0.6875,0.75,0.75,0.8125,       1471P   2869
0.8125,0.875,0.875,0.9375,0.9375,1.,1.,1.,1.,1.,1.,1.,1.,1.,1.,     1471P   2870
1.,1.,1.,1.,1.,1.,1.,1.,1.,1.,1.,1.,1.,1.,1.,1.,1.,1.,1.,1.,1.,     1471P   2871
1.,1.,1.,1.,1.,0.815576038,0.5,0.,0.815576038,0.495619153,0.,       1471P   2872
0.814764361,0.491322483,0.,0.813952684,0.487025813,0.,              1471P   2873
0.812360522,0.482978438,0.,0.81076836,0.478931063,0.,0.8084569,     1471P   2874
0.475288522,0.,0.806145439,0.471645981,0.,0.803203507,              1471P   2875
0.468548254,0.,0.800261576,0.465450528,0.,0.796802231,              1471P   2876
0.46301666,0.,0.793342885,0.460582791,0.,0.789499067,               1471P   2877
0.458906314,0.,0.785655248,0.457229836,0.,0.781574672,              1471P   2878
0.456375175,0.,0.777494096,0.455520515,0.,0.773333576,              1471P   2879
0.455520515,0.,0.769173057,0.455520515,0.,0.765092481,              1471P   2880
0.456375175,0.,0.761011905,0.457229836,0.,0.757168086,              1471P   2881
0.458906314,0.,0.753324267,0.460582791,0.,0.749864922,              1471P   2882
0.46301666,0.,0.746405577,0.465450528,0.,0.743463645,               1471P   2883
0.468548254,0.,0.740521714,0.471645981,0.,0.738210253,              1471P   2884
0.475288522,0.,0.735898792,0.478931063,0.,0.73430663,               1471P   2885
0.482978438,0.,0.732714469,0.487025813,0.,0.731902792,              1471P   2886
0.491322483,0.,0.731091115,0.495619153,0.,0.731091115,0.5,0.,       1471P   2887
0.,1.,0.,0.,1.;                                                     1471P   2888
124,1.,-7.35035671743047E-015,8.55166289179391E-031,0.,             1473P   2889
-7.35035671743047E-015,-1.,6.98296267768627E-015,0.,                1473P   2890
-5.04721003363181E-029,-6.98296267768627E-015,-1.,0.;               1473P   2891
100,0.,33.,0.,38.1,0.,27.9,0.;                                      1475P   2892
126,32,2,1,0,1,0,0.,0.,0.,0.0625,0.0625,0.125,0.125,0.1875,         1477P   2893
0.1875,0.25,0.25,0.3125,0.3125,0.375,0.375,0.4375,0.4375,0.5,       1477P   2894
0.5,0.5625,0.5625,0.625,0.625,0.6875,0.6875,0.75,0.75,0.8125,       1477P   2895
0.8125,0.875,0.875,0.9375,0.9375,1.,1.,1.,1.,1.,1.,1.,1.,1.,1.,     1477P   2896
1.,1.,1.,1.,1.,1.,1.,1.,1.,1.,1.,1.,1.,1.,1.,1.,1.,1.,1.,1.,1.,     1477P   2897
1.,1.,1.,1.,1.,0.731091115,0.5,0.,0.731091115,0.504380847,0.,       1477P   2898
0.731902792,0.508677517,0.,0.732714469,0.512974187,0.,              1477P   2899
0.73430663,0.517021562,0.,0.735898792,0.521068937,0.,               1477P   2900
0.738210253,0.524711478,0.,0.740521714,0.528354019,0.,              1477P   2901
0.743463645,0.531451746,0.,0.746405577,0.534549472,0.,              1477P   2902
0.749864922,0.53698334,0.,0.753324267,0.539417209,0.,               1477P   2903
0.757168086,0.541093686,0.,0.761011905,0.542770164,0.,              1477P   2904
0.765092481,0.543624825,0.,0.769173057,0.544479485,0.,              1477P   2905
0.773333576,0.544479485,0.,0.777494096,0.544479485,0.,              1477P   2906
0.781574672,0.543624825,0.,0.785655248,0.542770164,0.,              1477P   2907
0.789499067,0.541093686,0.,0.793342885,0.539417209,0.,              1477P   2908
0.796802231,0.53698334,0.,0.800261576,0.534549472,0.,               1477P   2909
0.803203507,0.531451746,0.,0.806145439,0.528354019,0.,              1477P   2910
0.8084569,0.524711478,0.,0.81076836,0.521068937,0.,0.812360522,     1477P   2911
0.517021562,0.,0.813952684,0.512974187,0.,0.814764361,              1477P   2912
0.508677517,0.,0.815576038,0.504380847,0.,0.815576038,0.5,0.,       1477P   2913
0.,1.,0.,0.,1.;                                                     1477P   2914
124,-1.,-6.98296267768627E-015,0.,66.,-6.98296267768627E-015,       1479P   2915
1.,-6.98296267768627E-015,2.30437768363647E-013,                    1479P   2916
4.87617677579594E-029,-6.98296267768627E-015,-1.,                   1479P   2917
-1.60913833601266E-027;                                             1479P   2918
100,0.,33.,0.,38.1,0.,27.9,0.;                                      1481P   2919
102,2,1471,1477;                                                    1483P   2920
102,2,1475,1481;                                                    1485P   2921
142,1,1153,1483,1485,1;                                             1487P   2922
126,32,2,1,0,1,0,0.,0.,0.,0.0625,0.0625,0.125,0.125,0.1875,         1489P   2923
0.1875,0.25,0.25,0.3125,0.3125,0.375,0.375,0.4375,0.4375,0.5,       1489P   2924
0.5,0.5625,0.5625,0.625,0.625,0.6875,0.6875,0.75,0.75,0.8125,       1489P   2925
0.8125,0.875,0.875,0.9375,0.9375,1.,1.,1.,1.,1.,1.,1.,1.,1.,1.,     1489P   2926
1.,1.,1.,1.,1.,1.,1.,1.,1.,1.,1.,1.,1.,1.,1.,1.,1.,1.,1.,1.,1.,     1489P   2927
1.,1.,1.,1.,1.,0.486747463,0.02925878,0.,0.486747463,               1489P   2928
0.030633163,0.,0.487002107,0.031981138,0.,0.487256751,              1489P   2929
0.033329113,0.,0.487756252,0.034598878,0.,0.488255754,              1489P   2930
0.035868642,0.,0.488980918,0.0370114,0.,0.489706082,                1489P   2931
0.038154158,0.,0.490629041,0.039125994,0.,0.491552,0.04009783,      1489P   2932
0.,0.492637285,0.040861397,0.,0.49372257,0.041624963,0.,            1489P   2933
0.494928474,0.042150917,0.,0.496134378,0.04267687,0.,               1489P   2934
0.497414558,0.042944999,0.,0.498694739,0.043213128,0.,0.5,          1489P   2935
0.043213128,0.,0.501305261,0.043213128,0.,0.502585442,              1489P   2936
0.042944999,0.,0.503865622,0.04267687,0.,0.505071526,               1489P   2937
0.042150917,0.,0.50627743,0.041624963,0.,0.507362715,               1489P   2938
0.040861397,0.,0.508448,0.04009783,0.,0.509370959,0.039125994,      1489P   2939
0.,0.510293918,0.038154158,0.,0.511019082,0.0370114,0.,             1489P   2940
0.511744246,0.035868642,0.,0.512243748,0.034598878,0.,              1489P   2941
0.512743249,0.033329113,0.,0.512997893,0.031981138,0.,              1489P   2942
0.513252537,0.030633163,0.,0.513252537,0.02925878,0.,0.,1.,0.,      1489P   2943
0.,1.;                                                              1489P   2944
124,-1.,-6.98296267768627E-015,0.,0.,-6.98296267768627E-015,1.,     1491P   2945
-6.98296267768627E-015,0.,4.87617677579594E-029,                    1491P   2946
-6.98296267768627E-015,-1.,0.;                                      1491P   2947
100,0.,0.,-53.975,1.6,-53.975,-1.6,-53.975;                         1493P   2948
126,32,2,1,0,1,0,0.,0.,0.,0.0625,0.0625,0.125,0.125,0.1875,         1495P   2949
0.1875,0.25,0.25,0.3125,0.3125,0.375,0.375,0.4375,0.4375,0.5,       1495P   2950
0.5,0.5625,0.5625,0.625,0.625,0.6875,0.6875,0.75,0.75,0.8125,       1495P   2951
0.8125,0.875,0.875,0.9375,0.9375,1.,1.,1.,1.,1.,1.,1.,1.,1.,1.,     1495P   2952
1.,1.,1.,1.,1.,1.,1.,1.,1.,1.,1.,1.,1.,1.,1.,1.,1.,1.,1.,1.,1.,     1495P   2953
1.,1.,1.,1.,1.,0.513252537,0.02925878,0.,0.513252537,               1495P   2954
0.027884397,0.,0.512997893,0.026536422,0.,0.512743249,              1495P   2955
0.025188447,0.,0.512243748,0.023918682,0.,0.511744246,              1495P   2956
0.022648917,0.,0.511019082,0.021506159,0.,0.510293918,              1495P   2957
0.020363401,0.,0.509370959,0.019391566,0.,0.508448,0.01841973,      1495P   2958
0.,0.507362715,0.017656163,0.,0.50627743,0.016892597,0.,            1495P   2959
0.505071526,0.016366643,0.,0.503865622,0.015840689,0.,              1495P   2960
0.502585442,0.01557256,0.,0.501305261,0.015304432,0.,0.5,           1495P   2961
0.015304432,0.,0.498694739,0.015304432,0.,0.497414558,              1495P   2962
0.01557256,0.,0.496134378,0.015840689,0.,0.494928474,               1495P   2963
0.016366643,0.,0.49372257,0.016892597,0.,0.492637285,               1495P   2964
0.017656163,0.,0.491552,0.01841973,0.,0.490629041,0.019391566,      1495P   2965
0.,0.489706082,0.020363401,0.,0.488980918,0.021506159,0.,           1495P   2966
0.488255754,0.022648917,0.,0.487756252,0.023918682,0.,              1495P   2967
0.487256751,0.025188447,0.,0.487002107,0.026536422,0.,              1495P   2968
0.486747463,0.027884397,0.,0.486747463,0.02925878,0.,0.,1.,0.,      1495P   2969
0.,1.;                                                              1495P   2970
124,1.,-7.105427357601E-015,0.,-3.83515441626497E-013,              1497P   2971
-7.105427357601E-015,-1.,6.98296267768627E-015,                     1497P   2972
-107.949999999995,-4.96169340471387E-029,                           1497P   2973
-6.98296267768627E-015,-1.,-3.76905410528099E-013;                  1497P   2974
100,0.,0.,-53.975,1.6,-53.975,-1.6,-53.975;                         1499P   2975
102,2,1489,1495;                                                    1501P   2976
102,2,1493,1499;                                                    1503P   2977
142,1,1153,1501,1503,1;                                             1505P   2978
126,32,2,1,0,1,0,0.,0.,0.,0.0625,0.0625,0.125,0.125,0.1875,         1507P   2979
0.1875,0.25,0.25,0.3125,0.3125,0.375,0.375,0.4375,0.4375,0.5,       1507P   2980
0.5,0.5625,0.5625,0.625,0.625,0.6875,0.6875,0.75,0.75,0.8125,       1507P   2981
0.8125,0.875,0.875,0.9375,0.9375,1.,1.,1.,1.,1.,1.,1.,1.,1.,1.,     1507P   2982
1.,1.,1.,1.,1.,1.,1.,1.,1.,1.,1.,1.,1.,1.,1.,1.,1.,1.,1.,1.,1.,     1507P   2983
1.,1.,1.,1.,1.,0.873918023,0.73537061,0.,0.873918023,               1507P   2984
0.736744993,0.,0.874172667,0.738092968,0.,0.87442731,               1507P   2985
0.739440943,0.,0.874926812,0.740710708,0.,0.875426314,              1507P   2986
0.741980473,0.,0.876151478,0.743123231,0.,0.876876642,              1507P   2987
0.744265989,0.,0.877799601,0.745237824,0.,0.87872256,               1507P   2988
0.74620966,0.,0.879807845,0.746973227,0.,0.88089313,                1507P   2989
0.747736793,0.,0.882099034,0.748262747,0.,0.883304937,              1507P   2990
0.748788701,0.,0.884585118,0.74905683,0.,0.885865299,               1507P   2991
0.749324958,0.,0.88717056,0.749324958,0.,0.888475821,               1507P   2992
0.749324958,0.,0.889756002,0.74905683,0.,0.891036182,               1507P   2993
0.748788701,0.,0.892242086,0.748262747,0.,0.89344799,               1507P   2994
0.747736793,0.,0.894533275,0.746973227,0.,0.89561856,               1507P   2995
0.74620966,0.,0.896541519,0.745237824,0.,0.897464478,               1507P   2996
0.744265989,0.,0.898189642,0.743123231,0.,0.898914806,              1507P   2997
0.741980473,0.,0.899414308,0.740710708,0.,0.899913809,              1507P   2998
0.739440943,0.,0.900168453,0.738092968,0.,0.900423097,              1507P   2999
0.736744993,0.,0.900423097,0.73537061,0.,0.,1.,0.,0.,1.;            1507P   3000
124,-1.,-6.98296267768627E-015,0.,93.4874423385303,                 1509P   3001
-6.98296267768627E-015,1.,-6.98296267768627E-015,                   1509P   3002
3.26691307198666E-013,4.87617677579594E-029,                        1509P   3003
-6.98296267768627E-015,-1.,1.88452705264072E-013;                   1509P   3004
100,0.,46.743721169,26.9875,48.343721169,26.9875,45.143721169,      1511P   3005
26.9875;                                                            1511P   3006
126,32,2,1,0,1,0,0.,0.,0.,0.0625,0.0625,0.125,0.125,0.1875,         1513P   3007
0.1875,0.25,0.25,0.3125,0.3125,0.375,0.375,0.4375,0.4375,0.5,       1513P   3008
0.5,0.5625,0.5625,0.625,0.625,0.6875,0.6875,0.75,0.75,0.8125,       1513P   3009
0.8125,0.875,0.875,0.9375,0.9375,1.,1.,1.,1.,1.,1.,1.,1.,1.,1.,     1513P   3010
1.,1.,1.,1.,1.,1.,1.,1.,1.,1.,1.,1.,1.,1.,1.,1.,1.,1.,1.,1.,1.,     1513P   3011
1.,1.,1.,1.,1.,0.900423097,0.73537061,0.,0.900423097,               1513P   3012
0.733996227,0.,0.900168453,0.732648252,0.,0.899913809,              1513P   3013
0.731300277,0.,0.899414308,0.730030512,0.,0.898914806,              1513P   3014
0.728760747,0.,0.898189642,0.727617989,0.,0.897464478,              1513P   3015
0.726475231,0.,0.896541519,0.725503396,0.,0.89561856,               1513P   3016
0.72453156,0.,0.894533275,0.723767993,0.,0.89344799,                1513P   3017
0.723004427,0.,0.892242086,0.722478473,0.,0.891036182,              1513P   3018
0.721952519,0.,0.889756002,0.721684391,0.,0.888475821,              1513P   3019
0.721416262,0.,0.88717056,0.721416262,0.,0.885865299,               1513P   3020
0.721416262,0.,0.884585118,0.721684391,0.,0.883304937,              1513P   3021
0.721952519,0.,0.882099034,0.722478473,0.,0.88089313,               1513P   3022
0.723004427,0.,0.879807845,0.723767993,0.,0.87872256,               1513P   3023
0.72453156,0.,0.877799601,0.725503396,0.,0.876876642,               1513P   3024
0.726475231,0.,0.876151478,0.727617989,0.,0.875426314,              1513P   3025
0.728760747,0.,0.874926812,0.730030512,0.,0.87442731,               1513P   3026
0.731300277,0.,0.874172667,0.732648252,0.,0.873918023,              1513P   3027
0.733996227,0.,0.873918023,0.73537061,0.,0.,1.,0.,0.,1.;            1513P   3028
124,1.,-7.105427357601E-015,0.,1.89226412317148E-013,               1515P   3029
-7.105427357601E-015,-1.,6.98296267768627E-015,                     1515P   3030
53.9750000000051,-4.96169340471387E-029,-6.98296267768627E-015,     1515P   3031
-1.,1.88452705264077E-013;                                          1515P   3032
100,0.,46.743721169,26.9875,48.343721169,26.9875,45.143721169,      1517P   3033
26.9875;                                                            1517P   3034
102,2,1507,1513;                                                    1519P   3035
102,2,1511,1517;                                                    1521P   3036
142,1,1153,1519,1521,1;                                             1523P   3037
126,32,2,1,0,1,0,0.,0.,0.,0.0625,0.0625,0.125,0.125,0.1875,         1525P   3038
0.1875,0.25,0.25,0.3125,0.3125,0.375,0.375,0.4375,0.4375,0.5,       1525P   3039
0.5,0.5625,0.5625,0.625,0.625,0.6875,0.6875,0.75,0.75,0.8125,       1525P   3040
0.8125,0.875,0.875,0.9375,0.9375,1.,1.,1.,1.,1.,1.,1.,1.,1.,1.,     1525P   3041
1.,1.,1.,1.,1.,1.,1.,1.,1.,1.,1.,1.,1.,1.,1.,1.,1.,1.,1.,1.,1.,     1525P   3042
1.,1.,1.,1.,1.,0.486747463,0.97074122,0.,0.486747463,               1525P   3043
0.972115603,0.,0.487002107,0.973463578,0.,0.487256751,              1525P   3044
0.974811553,0.,0.487756252,0.976081318,0.,0.488255754,              1525P   3045
0.977351083,0.,0.488980918,0.978493841,0.,0.489706082,              1525P   3046
0.979636599,0.,0.490629041,0.980608434,0.,0.491552,0.98158027,      1525P   3047
0.,0.492637285,0.982343837,0.,0.49372257,0.983107403,0.,            1525P   3048
0.494928474,0.983633357,0.,0.496134378,0.984159311,0.,              1525P   3049
0.497414558,0.98442744,0.,0.498694739,0.984695568,0.,0.5,           1525P   3050
0.984695568,0.,0.501305261,0.984695568,0.,0.502585442,              1525P   3051
0.98442744,0.,0.503865622,0.984159311,0.,0.505071526,               1525P   3052
0.983633357,0.,0.50627743,0.983107403,0.,0.507362715,               1525P   3053
0.982343837,0.,0.508448,0.98158027,0.,0.509370959,0.980608434,      1525P   3054
0.,0.510293918,0.979636599,0.,0.511019082,0.978493841,0.,           1525P   3055
0.511744246,0.977351083,0.,0.512243748,0.976081318,0.,              1525P   3056
0.512743249,0.974811553,0.,0.512997893,0.973463578,0.,              1525P   3057
0.513252537,0.972115603,0.,0.513252537,0.97074122,0.,0.,1.,0.,      1525P   3058
0.,1.;                                                              1525P   3059
124,-1.,-6.98296267768627E-015,0.,0.,-6.98296267768627E-015,1.,     1527P   3060
-6.98296267768627E-015,0.,4.87617677579594E-029,                    1527P   3061
-6.98296267768627E-015,-1.,0.;                                      1527P   3062
100,0.,0.,53.975,1.6,53.975,-1.6,53.975;                            1529P   3063
126,32,2,1,0,1,0,0.,0.,0.,0.0625,0.0625,0.125,0.125,0.1875,         1531P   3064
0.1875,0.25,0.25,0.3125,0.3125,0.375,0.375,0.4375,0.4375,0.5,       1531P   3065
0.5,0.5625,0.5625,0.625,0.625,0.6875,0.6875,0.75,0.75,0.8125,       1531P   3066
0.8125,0.875,0.875,0.9375,0.9375,1.,1.,1.,1.,1.,1.,1.,1.,1.,1.,     1531P   3067
1.,1.,1.,1.,1.,1.,1.,1.,1.,1.,1.,1.,1.,1.,1.,1.,1.,1.,1.,1.,1.,     1531P   3068
1.,1.,1.,1.,1.,0.513252537,0.97074122,0.,0.513252537,               1531P   3069
0.969366837,0.,0.512997893,0.968018862,0.,0.512743249,              1531P   3070
0.966670887,0.,0.512243748,0.965401122,0.,0.511744246,              1531P   3071
0.964131358,0.,0.511019082,0.9629886,0.,0.510293918,                1531P   3072
0.961845842,0.,0.509370959,0.960874006,0.,0.508448,0.95990217,      1531P   3073
0.,0.507362715,0.959138603,0.,0.50627743,0.958375037,0.,            1531P   3074
0.505071526,0.957849083,0.,0.503865622,0.95732313,0.,               1531P   3075
0.502585442,0.957055001,0.,0.501305261,0.956786872,0.,0.5,          1531P   3076
0.956786872,0.,0.498694739,0.956786872,0.,0.497414558,              1531P   3077
0.957055001,0.,0.496134378,0.95732313,0.,0.494928474,               1531P   3078
0.957849083,0.,0.49372257,0.958375037,0.,0.492637285,               1531P   3079
0.959138603,0.,0.491552,0.95990217,0.,0.490629041,0.960874006,      1531P   3080
0.,0.489706082,0.961845842,0.,0.488980918,0.9629886,0.,             1531P   3081
0.488255754,0.964131358,0.,0.487756252,0.965401122,0.,              1531P   3082
0.487256751,0.966670887,0.,0.487002107,0.968018862,0.,              1531P   3083
0.486747463,0.969366837,0.,0.486747463,0.97074122,0.,0.,1.,0.,      1531P   3084
0.,1.;                                                              1531P   3085
124,1.,-7.105427357601E-015,0.,3.83515441626514E-013,               1533P   3086
-7.105427357601E-015,-1.,6.98296267768627E-015,107.95,              1533P   3087
-4.96169340471387E-029,-6.98296267768627E-015,-1.,                  1533P   3088
3.76905410528116E-013;                                              1533P   3089
100,0.,0.,53.975,1.6,53.975,-1.6,53.975;                            1535P   3090
102,2,1525,1531;                                                    1537P   3091
102,2,1529,1535;                                                    1539P   3092
142,1,1153,1537,1539,1;                                             1541P   3093
126,32,2,1,0,1,0,0.,0.,0.,0.0625,0.0625,0.125,0.125,0.1875,         1543P   3094
0.1875,0.25,0.25,0.3125,0.3125,0.375,0.375,0.4375,0.4375,0.5,       1543P   3095
0.5,0.5625,0.5625,0.625,0.625,0.6875,0.6875,0.75,0.75,0.8125,       1543P   3096
0.8125,0.875,0.875,0.9375,0.9375,1.,1.,1.,1.,1.,1.,1.,1.,1.,1.,     1543P   3097
1.,1.,1.,1.,1.,1.,1.,1.,1.,1.,1.,1.,1.,1.,1.,1.,1.,1.,1.,1.,1.,     1543P   3098
1.,1.,1.,1.,1.,0.099576903,0.26462939,0.,0.099576903,               1543P   3099
0.266003773,0.,0.099831547,0.267351748,0.,0.100086191,              1543P   3100
0.268699723,0.,0.100585692,0.269969488,0.,0.101085194,              1543P   3101
0.271239253,0.,0.101810358,0.272382011,0.,0.102535522,              1543P   3102
0.273524769,0.,0.103458481,0.274496604,0.,0.10438144,               1543P   3103
0.27546844,0.,0.105466725,0.276232007,0.,0.10655201,                1543P   3104
0.276995573,0.,0.107757914,0.277521527,0.,0.108963818,              1543P   3105
0.278047481,0.,0.110243998,0.278315609,0.,0.111524179,              1543P   3106
0.278583738,0.,0.11282944,0.278583738,0.,0.114134701,               1543P   3107
0.278583738,0.,0.115414882,0.278315609,0.,0.116695063,              1543P   3108
0.278047481,0.,0.117900966,0.277521527,0.,0.11910687,               1543P   3109
0.276995573,0.,0.120192155,0.276232007,0.,0.12127744,               1543P   3110
0.27546844,0.,0.122200399,0.274496604,0.,0.123123358,               1543P   3111
0.273524769,0.,0.123848522,0.272382011,0.,0.124573686,              1543P   3112
0.271239253,0.,0.125073188,0.269969488,0.,0.12557269,               1543P   3113
0.268699723,0.,0.125827333,0.267351748,0.,0.126081977,              1543P   3114
0.266003773,0.,0.126081977,0.26462939,0.,0.,1.,0.,0.,1.;            1543P   3115
124,-1.,-6.98296267768627E-015,0.,-93.4874423385221,                1545P   3116
-6.98296267768627E-015,1.,-6.98296267768627E-015,                   1545P   3117
-3.26691307198609E-013,4.87617677579594E-029,                       1545P   3118
-6.98296267768627E-015,-1.,-1.88452705264056E-013;                  1545P   3119
100,0.,-46.743721169,-26.9875,-45.143721169,-26.9875,               1547P   3120
-48.343721169,-26.9875;                                             1547P   3121
126,32,2,1,0,1,0,0.,0.,0.,0.0625,0.0625,0.125,0.125,0.1875,         1549P   3122
0.1875,0.25,0.25,0.3125,0.3125,0.375,0.375,0.4375,0.4375,0.5,       1549P   3123
0.5,0.5625,0.5625,0.625,0.625,0.6875,0.6875,0.75,0.75,0.8125,       1549P   3124
0.8125,0.875,0.875,0.9375,0.9375,1.,1.,1.,1.,1.,1.,1.,1.,1.,1.,     1549P   3125
1.,1.,1.,1.,1.,1.,1.,1.,1.,1.,1.,1.,1.,1.,1.,1.,1.,1.,1.,1.,1.,     1549P   3126
1.,1.,1.,1.,1.,0.126081977,0.26462939,0.,0.126081977,               1549P   3127
0.263255007,0.,0.125827333,0.261907032,0.,0.12557269,               1549P   3128
0.260559057,0.,0.125073188,0.259289292,0.,0.124573686,              1549P   3129
0.258019527,0.,0.123848522,0.256876769,0.,0.123123358,              1549P   3130
0.255734011,0.,0.122200399,0.254762176,0.,0.12127744,               1549P   3131
0.25379034,0.,0.120192155,0.253026773,0.,0.11910687,                1549P   3132
0.252263207,0.,0.117900966,0.251737253,0.,0.116695063,              1549P   3133
0.251211299,0.,0.115414882,0.25094317,0.,0.114134701,               1549P   3134
0.250675042,0.,0.11282944,0.250675042,0.,0.111524179,               1549P   3135
0.250675042,0.,0.110243998,0.25094317,0.,0.108963818,               1549P   3136
0.251211299,0.,0.107757914,0.251737253,0.,0.10655201,               1549P   3137
0.252263207,0.,0.105466725,0.253026773,0.,0.10438144,               1549P   3138
0.25379034,0.,0.103458481,0.254762176,0.,0.102535522,               1549P   3139
0.255734011,0.,0.101810358,0.256876769,0.,0.101085194,              1549P   3140
0.258019527,0.,0.100585692,0.259289292,0.,0.100086191,              1549P   3141
0.260559057,0.,0.099831547,0.261907032,0.,0.099576903,              1549P   3142
0.263255007,0.,0.099576903,0.26462939,0.,0.,1.,0.,0.,1.;            1549P   3143
124,1.,-7.105427357601E-015,0.,-1.89226412317114E-013,              1551P   3144
-7.105427357601E-015,-1.,6.98296267768627E-015,                     1551P   3145
-53.9750000000003,-4.96169340471387E-029,                           1551P   3146
-6.98296267768627E-015,-1.,-1.8845270526406E-013;                   1551P   3147
100,0.,-46.743721169,-26.9875,-45.143721169,-26.9875,               1553P   3148
-48.343721169,-26.9875;                                             1553P   3149
102,2,1543,1549;                                                    1555P   3150
102,2,1547,1553;                                                    1557P   3151
142,1,1153,1555,1557,1;                                             1559P   3152
126,32,2,1,0,1,0,0.,0.,0.,0.0625,0.0625,0.125,0.125,0.1875,         1561P   3153
0.1875,0.25,0.25,0.3125,0.3125,0.375,0.375,0.4375,0.4375,0.5,       1561P   3154
0.5,0.5625,0.5625,0.625,0.625,0.6875,0.6875,0.75,0.75,0.8125,       1561P   3155
0.8125,0.875,0.875,0.9375,0.9375,1.,1.,1.,1.,1.,1.,1.,1.,1.,1.,     1561P   3156
1.,1.,1.,1.,1.,1.,1.,1.,1.,1.,1.,1.,1.,1.,1.,1.,1.,1.,1.,1.,1.,     1561P   3157
1.,1.,1.,1.,1.,0.873918023,0.26462939,0.,0.873918023,               1561P   3158
0.266003773,0.,0.874172667,0.267351748,0.,0.87442731,               1561P   3159
0.268699723,0.,0.874926812,0.269969488,0.,0.875426314,              1561P   3160
0.271239253,0.,0.876151478,0.272382011,0.,0.876876642,              1561P   3161
0.273524769,0.,0.877799601,0.274496604,0.,0.87872256,               1561P   3162
0.27546844,0.,0.879807845,0.276232007,0.,0.88089313,                1561P   3163
0.276995573,0.,0.882099034,0.277521527,0.,0.883304937,              1561P   3164
0.278047481,0.,0.884585118,0.278315609,0.,0.885865299,              1561P   3165
0.278583738,0.,0.88717056,0.278583738,0.,0.888475821,               1561P   3166
0.278583738,0.,0.889756002,0.278315609,0.,0.891036182,              1561P   3167
0.278047481,0.,0.892242086,0.277521527,0.,0.89344799,               1561P   3168
0.276995573,0.,0.894533275,0.276232007,0.,0.89561856,               1561P   3169
0.27546844,0.,0.896541519,0.274496604,0.,0.897464478,               1561P   3170
0.273524769,0.,0.898189642,0.272382011,0.,0.898914806,              1561P   3171
0.271239253,0.,0.899414308,0.269969488,0.,0.899913809,              1561P   3172
0.268699723,0.,0.900168453,0.267351748,0.,0.900423097,              1561P   3173
0.266003773,0.,0.900423097,0.26462939,0.,0.,1.,0.,0.,1.;            1561P   3174
124,-1.,-6.98296267768627E-015,0.,93.487442338534,                  1563P   3175
-6.98296267768627E-015,1.,-6.98296267768627E-015,                   1563P   3176
3.26691307198689E-013,4.87617677579594E-029,                        1563P   3177
-6.98296267768627E-015,-1.,-1.88452705264035E-013;                  1563P   3178
100,0.,46.743721169,-26.9875,48.343721169,-26.9875,                 1565P   3179
45.143721169,-26.9875;                                              1565P   3180
126,32,2,1,0,1,0,0.,0.,0.,0.0625,0.0625,0.125,0.125,0.1875,         1567P   3181
0.1875,0.25,0.25,0.3125,0.3125,0.375,0.375,0.4375,0.4375,0.5,       1567P   3182
0.5,0.5625,0.5625,0.625,0.625,0.6875,0.6875,0.75,0.75,0.8125,       1567P   3183
0.8125,0.875,0.875,0.9375,0.9375,1.,1.,1.,1.,1.,1.,1.,1.,1.,1.,     1567P   3184
1.,1.,1.,1.,1.,1.,1.,1.,1.,1.,1.,1.,1.,1.,1.,1.,1.,1.,1.,1.,1.,     1567P   3185
1.,1.,1.,1.,1.,0.900423097,0.26462939,0.,0.900423097,               1567P   3186
0.263255007,0.,0.900168453,0.261907032,0.,0.899913809,              1567P   3187
0.260559057,0.,0.899414308,0.259289292,0.,0.898914806,              1567P   3188
0.258019527,0.,0.898189642,0.256876769,0.,0.897464478,              1567P   3189
0.255734011,0.,0.896541519,0.254762176,0.,0.89561856,               1567P   3190
0.25379034,0.,0.894533275,0.253026773,0.,0.89344799,                1567P   3191
0.252263207,0.,0.892242086,0.251737253,0.,0.891036182,              1567P   3192
0.251211299,0.,0.889756002,0.25094317,0.,0.888475821,               1567P   3193
0.250675042,0.,0.88717056,0.250675042,0.,0.885865299,               1567P   3194
0.250675042,0.,0.884585118,0.25094317,0.,0.883304937,               1567P   3195
0.251211299,0.,0.882099034,0.251737253,0.,0.88089313,               1567P   3196
0.252263207,0.,0.879807845,0.253026773,0.,0.87872256,               1567P   3197
0.25379034,0.,0.877799601,0.254762176,0.,0.876876642,               1567P   3198
0.255734011,0.,0.876151478,0.256876769,0.,0.875426314,              1567P   3199
0.258019527,0.,0.874926812,0.259289292,0.,0.87442731,               1567P   3200
0.260559057,0.,0.874172667,0.261907032,0.,0.873918023,              1567P   3201
0.263255007,0.,0.873918023,0.26462939,0.,0.,1.,0.,0.,1.;            1567P   3202
124,1.,-7.105427357601E-015,0.,-1.89226412317059E-013,              1569P   3203
-7.105427357601E-015,-1.,6.98296267768627E-015,                     1569P   3204
-53.9749999999925,-4.96169340471387E-029,                           1569P   3205
-6.98296267768627E-015,-1.,-1.88452705264031E-013;                  1569P   3206
100,0.,46.743721169,-26.9875,48.343721169,-26.9875,                 1571P   3207
45.143721169,-26.9875;                                              1571P   3208
102,2,1561,1567;                                                    1573P   3209
102,2,1565,1571;                                                    1575P   3210
142,1,1153,1573,1575,1;                                             1577P   3211
126,32,2,1,0,1,0,0.,0.,0.,0.0625,0.0625,0.125,0.125,0.1875,         1579P   3212
0.1875,0.25,0.25,0.3125,0.3125,0.375,0.375,0.4375,0.4375,0.5,       1579P   3213
0.5,0.5625,0.5625,0.625,0.625,0.6875,0.6875,0.75,0.75,0.8125,       1579P   3214
0.8125,0.875,0.875,0.9375,0.9375,1.,1.,1.,1.,1.,1.,1.,1.,1.,1.,     1579P   3215
1.,1.,1.,1.,1.,1.,1.,1.,1.,1.,1.,1.,1.,1.,1.,1.,1.,1.,1.,1.,1.,     1579P   3216
1.,1.,1.,1.,1.,0.099576903,0.73537061,0.,0.099576903,               1579P   3217
0.736744993,0.,0.099831547,0.738092968,0.,0.100086191,              1579P   3218
0.739440943,0.,0.100585692,0.740710708,0.,0.101085194,              1579P   3219
0.741980473,0.,0.101810358,0.743123231,0.,0.102535522,              1579P   3220
0.744265989,0.,0.103458481,0.745237824,0.,0.10438144,               1579P   3221
0.74620966,0.,0.105466725,0.746973227,0.,0.10655201,                1579P   3222
0.747736793,0.,0.107757914,0.748262747,0.,0.108963818,              1579P   3223
0.748788701,0.,0.110243998,0.74905683,0.,0.111524179,               1579P   3224
0.749324958,0.,0.11282944,0.749324958,0.,0.114134701,               1579P   3225
0.749324958,0.,0.115414882,0.74905683,0.,0.116695063,               1579P   3226
0.748788701,0.,0.117900966,0.748262747,0.,0.11910687,               1579P   3227
0.747736793,0.,0.120192155,0.746973227,0.,0.12127744,               1579P   3228
0.74620966,0.,0.122200399,0.745237824,0.,0.123123358,               1579P   3229
0.744265989,0.,0.123848522,0.743123231,0.,0.124573686,              1579P   3230
0.741980473,0.,0.125073188,0.740710708,0.,0.12557269,               1579P   3231
0.739440943,0.,0.125827333,0.738092968,0.,0.126081977,              1579P   3232
0.736744993,0.,0.126081977,0.73537061,0.,0.,1.,0.,0.,1.;            1579P   3233
124,-1.,-6.98296267768627E-015,0.,-93.4874423385259,                1581P   3234
-6.98296267768627E-015,1.,-6.98296267768627E-015,                   1581P   3235
-3.26691307198632E-013,4.87617677579594E-029,                       1581P   3236
-6.98296267768627E-015,-1.,1.88452705264052E-013;                   1581P   3237
100,0.,-46.743721169,26.9875,-45.143721169,26.9875,                 1583P   3238
-48.343721169,26.9875;                                              1583P   3239
126,32,2,1,0,1,0,0.,0.,0.,0.0625,0.0625,0.125,0.125,0.1875,         1585P   3240
0.1875,0.25,0.25,0.3125,0.3125,0.375,0.375,0.4375,0.4375,0.5,       1585P   3241
0.5,0.5625,0.5625,0.625,0.625,0.6875,0.6875,0.75,0.75,0.8125,       1585P   3242
0.8125,0.875,0.875,0.9375,0.9375,1.,1.,1.,1.,1.,1.,1.,1.,1.,1.,     1585P   3243
1.,1.,1.,1.,1.,1.,1.,1.,1.,1.,1.,1.,1.,1.,1.,1.,1.,1.,1.,1.,1.,     1585P   3244
1.,1.,1.,1.,1.,0.126081977,0.73537061,0.,0.126081977,               1585P   3245
0.733996227,0.,0.125827333,0.732648252,0.,0.12557269,               1585P   3246
0.731300277,0.,0.125073188,0.730030512,0.,0.124573686,              1585P   3247
0.728760747,0.,0.123848522,0.727617989,0.,0.123123358,              1585P   3248
0.726475231,0.,0.122200399,0.725503396,0.,0.12127744,               1585P   3249
0.72453156,0.,0.120192155,0.723767993,0.,0.11910687,                1585P   3250
0.723004427,0.,0.117900966,0.722478473,0.,0.116695063,              1585P   3251
0.721952519,0.,0.115414882,0.721684391,0.,0.114134701,              1585P   3252
0.721416262,0.,0.11282944,0.721416262,0.,0.111524179,               1585P   3253
0.721416262,0.,0.110243998,0.721684391,0.,0.108963818,              1585P   3254
0.721952519,0.,0.107757914,0.722478473,0.,0.10655201,               1585P   3255
0.723004427,0.,0.105466725,0.723767993,0.,0.10438144,               1585P   3256
0.72453156,0.,0.103458481,0.725503396,0.,0.102535522,               1585P   3257
0.726475231,0.,0.101810358,0.727617989,0.,0.101085194,              1585P   3258
0.728760747,0.,0.100585692,0.730030512,0.,0.100086191,              1585P   3259
0.731300277,0.,0.099831547,0.732648252,0.,0.099576903,              1585P   3260
0.733996227,0.,0.099576903,0.73537061,0.,0.,1.,0.,0.,1.;            1585P   3261
124,1.,-7.105427357601E-015,0.,1.89226412317093E-013,               1587P   3262
-7.105427357601E-015,-1.,6.98296267768627E-015,                     1587P   3263
53.9749999999973,-4.96169340471387E-029,-6.98296267768627E-015,     1587P   3264
-1.,1.88452705264048E-013;                                          1587P   3265
100,0.,-46.743721169,26.9875,-45.143721169,26.9875,                 1589P   3266
-48.343721169,26.9875;                                              1589P   3267
102,2,1579,1585;                                                    1591P   3268
102,2,1583,1589;                                                    1593P   3269
142,1,1153,1591,1593,1;                                             1595P   3270
144,1153,1,20,1235,1253,1271,1289,1307,1325,1343,1361,1379,         1597P   3271
1397,1415,1433,1451,1469,1487,1505,1523,1541,1559,1577,1595;        1597P   3272
110,0.,0.,6.,0.,0.,-994.;                                           1599P   3273
110,-57.15,0.,6.,-57.15,0.,0.5;                                     1601P   3274
120,1599,1601,0.,6.28318530717959;                                  1603P   3275
126,1,1,1,0,1,0,0.,0.,1.,1.,1.,1.,0.,2.801259239,0.,1.,             1605P   3276
2.801259239,0.,0.,1.,0.,0.,1.;                                      1605P   3277
110,53.872071663,19.07675011,6.,53.872071663,19.07675011,0.5;       1607P   3278
126,1,1,1,0,1,0,0.,0.,1.,1.,1.,1.,1.,2.801259239,0.,1.,             1609P   3279
0.340333415,0.,0.,1.,0.,0.,1.;                                      1609P   3280
100,0.5,0.,0.,53.872071663,19.07675011,-53.872071663,               1611P   3281
19.07675011;                                                        1611P   3282
126,1,1,1,0,1,0,0.,0.,1.,1.,1.,1.,1.,0.340333415,0.,0.,             1613P   3283
0.340333415,0.,0.,1.,0.,0.,1.;                                      1613P   3284
110,-53.872071663,19.07675011,0.5,-53.872071663,19.07675011,6.;     1615P   3285
126,1,1,1,0,1,0,0.,0.,1.,1.,1.,1.,0.,0.340333415,0.,0.,             1617P   3286
2.801259239,0.,0.,1.,0.,0.,1.;                                      1617P   3287
124,-0.942643423669462,0.333801401753671,2.33092273020516E-015,     1619P   3288
-1.39855363812309E-014,0.333801401753671,0.942643423669462,         1619P   3289
-6.58244384585029E-015,3.94946630751017E-014,                       1619P   3290
-4.39445796541921E-015,-5.42683212824232E-015,-1.,12.;              1619P   3291
100,6.,0.,0.,57.15,0.,-44.414308145,35.965146073;                   1621P   3292
102,4,1605,1609,1613,1617;                                          1623P   3293
102,4,1607,1611,1615,1621;                                          1625P   3294
142,1,1603,1623,1625,1;                                             1627P   3295
144,1603,1,0,1627;                                                  1629P   3296
128,1,1,1,1,0,0,1,0,0,0.,0.,1.,1.,0.,0.,1.,1.,1.,1.,1.,1.,          1631P   3297
-56.577373468,16.087325426,0.5,-55.859745536,16.553930069,0.5,      1631P   3298
-56.577373468,16.087325426,6.,-55.859745536,16.553930069,6.,0.,     1631P   3299
1.,0.,1.;                                                           1631P   3300
126,1,1,1,0,1,0,0.,0.,1.,1.,1.,1.,1.,1.,0.,0.,1.,0.,0.,1.,0.,       1633P   3301
0.,1.;                                                              1633P   3302
110,-55.859745536,16.553930069,6.,-56.577373468,16.087325426,       1635P   3303
6.;                                                                 1635P   3304
126,1,1,1,0,1,0,0.,0.,1.,1.,1.,1.,0.,1.,0.,0.,0.,0.,0.,1.,0.,       1637P   3305
0.,1.;                                                              1637P   3306
110,-56.577373468,16.087325426,6.,-56.577373468,16.087325426,       1639P   3307
0.5;                                                                1639P   3308
126,1,1,1,0,1,0,0.,0.,1.,1.,1.,1.,0.,0.,0.,1.,0.,0.,0.,1.,0.,       1641P   3309
0.,1.;                                                              1641P   3310
110,-56.577373468,16.087325426,0.5,-55.859745536,16.553930069,      1643P   3311
0.5;                                                                1643P   3312
126,1,1,1,0,1,0,0.,0.,1.,1.,1.,1.,1.,0.,0.,1.,1.,0.,0.,1.,0.,       1645P   3313
0.,1.;                                                              1645P   3314
110,-55.859745536,16.553930069,0.5,-55.859745536,16.553930069,      1647P   3315
6.;                                                                 1647P   3316
102,4,1633,1637,1641,1645;                                          1649P   3317
102,4,1635,1639,1643,1647;                                          1651P   3318
142,1,1631,1649,1651,1;                                             1653P   3319
144,1631,1,0,1653;                                                  1655P   3320
110,0.,0.,6.,0.,0.,-994.;                                           1657P   3321
110,-60.15,0.,6.,-60.15,0.,0.5;                                     1659P   3322
120,1657,1659,0.,6.28318530717959;                                  1661P   3323
126,1,1,1,0,1,0,0.,0.,1.,1.,1.,1.,1.,0.,0.,0.,0.,0.,0.,1.,0.,       1663P   3324
0.,1.;                                                              1663P   3325
110,-60.15,0.,0.5,-60.15,0.,6.;                                     1665P   3326
126,1,1,1,0,1,0,0.,0.,1.,1.,1.,1.,0.,0.,0.,0.,0.217402026,0.,       1667P   3327
0.,1.,0.,0.,1.;                                                     1667P   3328
124,-1.,2.22044604925031E-016,1.50617989465335E-015,                1669P   3329
-9.03707936792011E-015,2.22044604925042E-016,1.,                    1669P   3330
6.81859148819618E-015,-4.09115489291771E-014,                       1669P   3331
-1.50617989465335E-015,6.81859148819618E-015,-1.,12.;               1669P   3332
100,6.,0.,0.,60.15,0.,58.734135774,12.973966044;                    1671P   3333
126,1,1,1,0,1,0,0.,0.,1.,1.,1.,1.,0.,0.217402026,0.,1.,             1673P   3334
0.217402026,0.,0.,1.,0.,0.,1.;                                      1673P   3335
110,-58.734135774,12.973966044,6.,-58.734135774,12.973966044,       1675P   3336
0.5;                                                                1675P   3337
126,1,1,1,0,1,0,0.,0.,1.,1.,1.,1.,1.,0.217402026,0.,1.,0.,0.,       1677P   3338
0.,1.,0.,0.,1.;                                                     1677P   3339
100,0.5,0.,0.,-58.734135774,12.973966044,-60.15,0.;                 1679P   3340
102,4,1663,1667,1673,1677;                                          1681P   3341
102,4,1665,1671,1675,1679;                                          1683P   3342
142,1,1661,1681,1683,1;                                             1685P   3343
144,1661,1,0,1685;                                                  1687P   3344
128,1,1,1,1,0,0,1,0,0,0.,0.,1.,1.,0.,0.,1.,1.,1.,1.,1.,1.,          1689P   3345
-55.859745536,-16.553930069,0.5,-56.577373468,-16.087325426,        1689P   3346
0.5,-55.859745536,-16.553930069,6.,-56.577373468,-16.087325426,     1689P   3347
6.,0.,1.,0.,1.;                                                     1689P   3348
126,1,1,1,0,1,0,0.,0.,1.,1.,1.,1.,1.,1.,0.,0.,1.,0.,0.,1.,0.,       1691P   3349
0.,1.;                                                              1691P   3350
110,-56.577373468,-16.087325426,6.,-55.859745536,-16.553930069,     1693P   3351
6.;                                                                 1693P   3352
126,1,1,1,0,1,0,0.,0.,1.,1.,1.,1.,0.,1.,0.,0.,0.,0.,0.,1.,0.,       1695P   3353
0.,1.;                                                              1695P   3354
110,-55.859745536,-16.553930069,6.,-55.859745536,-16.553930069,     1697P   3355
0.5;                                                                1697P   3356
126,1,1,1,0,1,0,0.,0.,1.,1.,1.,1.,0.,0.,0.,1.,0.,0.,0.,1.,0.,       1699P   3357
0.,1.;                                                              1699P   3358
110,-55.859745536,-16.553930069,0.5,-56.577373468,                  1701P   3359
-16.087325426,0.5;                                                  1701P   3360
126,1,1,1,0,1,0,0.,0.,1.,1.,1.,1.,1.,0.,0.,1.,1.,0.,0.,1.,0.,       1703P   3361
0.,1.;                                                              1703P   3362
110,-56.577373468,-16.087325426,0.5,-56.577373468,                  1705P   3363
-16.087325426,6.;                                                   1705P   3364
102,4,1691,1695,1699,1703;                                          1707P   3365
102,4,1693,1697,1701,1705;                                          1709P   3366
142,1,1689,1707,1709,1;                                             1711P   3367
144,1689,1,0,1711;                                                  1713P   3368
110,0.,0.,6.,0.,0.,-994.;                                           1715P   3369
110,-57.15,0.,6.,-57.15,0.,0.5;                                     1717P   3370
120,1715,1717,0.,6.28318530717959;                                  1719P   3371
126,1,1,1,0,1,0,0.,0.,1.,1.,1.,1.,0.,5.942851893,0.,1.,             1721P   3372
5.942851893,0.,0.,1.,0.,0.,1.;                                      1721P   3373
110,-53.872071663,-19.07675011,6.,-53.872071663,-19.07675011,       1723P   3374
0.5;                                                                1723P   3375
126,1,1,1,0,1,0,0.,0.,1.,1.,1.,1.,1.,5.942851893,0.,1.,             1725P   3376
3.481926068,0.,0.,1.,0.,0.,1.;                                      1725P   3377
100,0.5,0.,0.,-53.872071663,-19.07675011,53.872071663,              1727P   3378
-19.07675011;                                                       1727P   3379
126,1,1,1,0,1,0,0.,0.,1.,1.,1.,1.,1.,3.481926068,0.,0.,             1729P   3380
3.481926068,0.,0.,1.,0.,0.,1.;                                      1729P   3381
110,53.872071663,-19.07675011,0.5,53.872071663,-19.07675011,6.;     1731P   3382
126,1,1,1,0,1,0,0.,0.,1.,1.,1.,1.,0.,3.481926068,0.,0.,             1733P   3383
5.942851893,0.,0.,1.,0.,0.,1.;                                      1733P   3384
124,0.942643423669466,-0.333801401753658,                           1735P   3385
-2.33092273020516E-015,1.39855363812309E-014,                       1735P   3386
-0.333801401753658,-0.942643423669466,6.58244384585029E-015,        1735P   3387
-3.94946630751017E-014,-4.39445796541913E-015,                      1735P   3388
-5.42683212824237E-015,-1.,12.;                                     1735P   3389
100,6.,0.,0.,57.15,0.,-44.414308145,35.965146073;                   1737P   3390
102,4,1721,1725,1729,1733;                                          1739P   3391
102,4,1723,1727,1731,1737;                                          1741P   3392
142,1,1719,1739,1741,1;                                             1743P   3393
144,1719,1,0,1743;                                                  1745P   3394
128,1,1,1,1,0,0,1,0,0,0.,0.,1.,1.,0.,0.,1.,1.,1.,1.,1.,1.,          1747P   3395
56.577373468,-16.087325426,0.5,55.859745536,-16.553930069,0.5,      1747P   3396
56.577373468,-16.087325426,6.,55.859745536,-16.553930069,6.,0.,     1747P   3397
1.,0.,1.;                                                           1747P   3398
126,1,1,1,0,1,0,0.,0.,1.,1.,1.,1.,1.,1.,0.,0.,1.,0.,0.,1.,0.,       1749P   3399
0.,1.;                                                              1749P   3400
110,55.859745536,-16.553930069,6.,56.577373468,-16.087325426,       1751P   3401
6.;                                                                 1751P   3402
126,1,1,1,0,1,0,0.,0.,1.,1.,1.,1.,0.,1.,0.,0.,0.,0.,0.,1.,0.,       1753P   3403
0.,1.;                                                              1753P   3404
110,56.577373468,-16.087325426,6.,56.577373468,-16.087325426,       1755P   3405
0.5;                                                                1755P   3406
126,1,1,1,0,1,0,0.,0.,1.,1.,1.,1.,0.,0.,0.,1.,0.,0.,0.,1.,0.,       1757P   3407
0.,1.;                                                              1757P   3408
110,56.577373468,-16.087325426,0.5,55.859745536,-16.553930069,      1759P   3409
0.5;                                                                1759P   3410
126,1,1,1,0,1,0,0.,0.,1.,1.,1.,1.,1.,0.,0.,1.,1.,0.,0.,1.,0.,       1761P   3411
0.,1.;                                                              1761P   3412
110,55.859745536,-16.553930069,0.5,55.859745536,-16.553930069,      1763P   3413
6.;                                                                 1763P   3414
102,4,1749,1753,1757,1761;                                          1765P   3415
102,4,1751,1755,1759,1763;                                          1767P   3416
142,1,1747,1765,1767,1;                                             1769P   3417
144,1747,1,0,1769;                                                  1771P   3418
110,0.,0.,6.,0.,0.,-994.;                                           1773P   3419
110,-60.15,0.,6.,-60.15,0.,0.5;                                     1775P   3420
120,1773,1775,0.,6.28318530717959;                                  1777P   3421
126,1,1,1,0,1,0,0.,0.,1.,1.,1.,1.,0.,3.35899468,0.,1.,              1779P   3422
3.35899468,0.,0.,1.,0.,0.,1.;                                       1779P   3423
110,58.734135774,-12.973966044,6.,58.734135774,-12.973966044,       1781P   3424
0.5;                                                                1781P   3425
126,1,1,1,0,1,0,0.,0.,1.,1.,1.,1.,1.,3.35899468,0.,1.,              1783P   3426
3.141592654,0.,0.,1.,0.,0.,1.;                                      1783P   3427
100,0.5,0.,0.,58.734135774,-12.973966044,60.15,0.;                  1785P   3428
126,1,1,1,0,1,0,0.,0.,1.,1.,1.,1.,1.,3.141592654,0.,1.,             1787P   3429
2.924190627,0.,0.,1.,0.,0.,1.;                                      1787P   3430
100,0.5,0.,0.,60.15,0.,58.734135774,12.973966044;                   1789P   3431
126,1,1,1,0,1,0,0.,0.,1.,1.,1.,1.,1.,2.924190627,0.,0.,             1791P   3432
2.924190627,0.,0.,1.,0.,0.,1.;                                      1791P   3433
110,58.734135774,12.973966044,0.5,58.734135774,12.973966044,6.;     1793P   3434
126,1,1,1,0,1,0,0.,0.,1.,1.,1.,1.,0.,2.924190627,0.,0.,             1795P   3435
3.35899468,0.,0.,1.,0.,0.,1.;                                       1795P   3436
124,0.976461110122311,0.215693533557924,-1.50617989465335E-015,     1797P   3437
9.03707936792011E-015,0.215693533557924,-0.976461110122311,         1797P   3438
-6.81859148819618E-015,4.09115489291771E-014,                       1797P   3439
-2.94145218395413E-015,6.3332161503829E-015,-1.,12.;                1797P   3440
100,6.,0.,0.,60.15,0.,54.55319884,25.337146571;                     1799P   3441
102,5,1779,1783,1787,1791,1795;                                     1801P   3442
102,5,1781,1785,1789,1793,1799;                                     1803P   3443
142,1,1777,1801,1803,1;                                             1805P   3444
144,1777,1,0,1805;                                                  1807P   3445
128,1,1,1,1,0,0,1,0,0,0.,0.,1.,1.,0.,0.,1.,1.,1.,1.,1.,1.,          1809P   3446
55.859745536,16.553930069,0.5,56.577373468,16.087325426,0.5,        1809P   3447
55.859745536,16.553930069,6.,56.577373468,16.087325426,6.,0.,       1809P   3448
1.,0.,1.;                                                           1809P   3449
126,1,1,1,0,1,0,0.,0.,1.,1.,1.,1.,1.,1.,0.,0.,1.,0.,0.,1.,0.,       1811P   3450
0.,1.;                                                              1811P   3451
110,56.577373468,16.087325426,6.,55.859745536,16.553930069,6.;      1813P   3452
126,1,1,1,0,1,0,0.,0.,1.,1.,1.,1.,0.,1.,0.,0.,0.,0.,0.,1.,0.,       1815P   3453
0.,1.;                                                              1815P   3454
110,55.859745536,16.553930069,6.,55.859745536,16.553930069,0.5;     1817P   3455
126,1,1,1,0,1,0,0.,0.,1.,1.,1.,1.,0.,0.,0.,1.,0.,0.,0.,1.,0.,       1819P   3456
0.,1.;                                                              1819P   3457
110,55.859745536,16.553930069,0.5,56.577373468,16.087325426,        1821P   3458
0.5;                                                                1821P   3459
126,1,1,1,0,1,0,0.,0.,1.,1.,1.,1.,1.,0.,0.,1.,1.,0.,0.,1.,0.,       1823P   3460
0.,1.;                                                              1823P   3461
110,56.577373468,16.087325426,0.5,56.577373468,16.087325426,6.;     1825P   3462
102,4,1811,1815,1819,1823;                                          1827P   3463
102,4,1813,1817,1821,1825;                                          1829P   3464
142,1,1809,1827,1829,1;                                             1831P   3465
144,1809,1,0,1831;                                                  1833P   3466
110,0.,53.975,6.,0.,53.975,-994.;                                   1835P   3467
110,-1.6,53.975,6.,-1.6,53.975,0.;                                  1837P   3468
120,1835,1837,0.,6.28318530717959;                                  1839P   3469
126,1,1,1,0,1,0,0.,0.,1.,1.,1.,1.,1.,3.141592654,0.,1.,0.,0.,       1841P   3470
0.,1.,0.,0.,1.;                                                     1841P   3471
100,0.,0.,53.975,1.6,53.975,-1.6,53.975;                            1843P   3472
126,1,1,1,0,1,0,0.,0.,1.,1.,1.,1.,1.,0.,0.,0.,0.,0.,0.,1.,0.,       1845P   3473
0.,1.;                                                              1845P   3474
110,-1.6,53.975,0.,-1.6,53.975,6.;                                  1847P   3475
126,1,1,1,0,1,0,0.,0.,1.,1.,1.,1.,0.,0.,0.,0.,3.141592654,0.,       1849P   3476
0.,1.,0.,0.,1.;                                                     1849P   3477
124,-1.,-6.98296267768627E-015,0.,3.76905410528116E-013,            1851P   3478
-6.98296267768627E-015,1.,-6.98296267768627E-015,                   1851P   3479
4.21621887087971E-014,4.87617677579594E-029,                        1851P   3480
-6.98296267768627E-015,-1.,12.0000000000004;                        1851P   3481
100,6.,0.,53.975,1.6,53.975,-1.6,53.975;                            1853P   3482
126,1,1,1,0,1,0,0.,0.,1.,1.,1.,1.,0.,3.141592654,0.,1.,             1855P   3483
3.141592654,0.,0.,1.,0.,0.,1.;                                      1855P   3484
110,1.6,53.975,6.,1.6,53.975,0.;                                    1857P   3485
102,4,1841,1845,1849,1855;                                          1859P   3486
102,4,1843,1847,1853,1857;                                          1861P   3487
142,1,1839,1859,1861,1;                                             1863P   3488
144,1839,1,0,1863;                                                  1865P   3489
110,-46.743721169,-26.9875,6.,-46.743721169,-26.9875,-994.;         1867P   3490
110,-48.343721169,-26.9875,6.,-48.343721169,-26.9875,0.;            1869P   3491
120,1867,1869,0.,6.28318530717959;                                  1871P   3492
126,1,1,1,0,1,0,0.,0.,1.,1.,1.,1.,1.,3.141592654,0.,1.,0.,0.,       1873P   3493
0.,1.,0.,0.,1.;                                                     1873P   3494
100,0.,-46.743721169,-26.9875,-45.143721169,-26.9875,               1875P   3495
-48.343721169,-26.9875;                                             1875P   3496
126,1,1,1,0,1,0,0.,0.,1.,1.,1.,1.,1.,0.,0.,0.,0.,0.,0.,1.,0.,       1877P   3497
0.,1.;                                                              1877P   3498
110,-48.343721169,-26.9875,0.,-48.343721169,-26.9875,6.;            1879P   3499
126,1,1,1,0,1,0,0.,0.,1.,1.,1.,1.,0.,0.,0.,0.,3.141592654,0.,       1881P   3500
0.,1.,0.,0.,1.;                                                     1881P   3501
124,-1.,-6.98296267768627E-015,0.,-93.4874423385221,                1883P   3502
-6.98296267768627E-015,1.,-6.98296267768627E-015,                   1883P   3503
-2.84529118489817E-013,4.87617677579594E-029,                       1883P   3504
-6.98296267768627E-015,-1.,11.9999999999998;                        1883P   3505
100,6.,-46.743721169,-26.9875,-45.143721169,-26.9875,               1885P   3506
-48.343721169,-26.9875;                                             1885P   3507
126,1,1,1,0,1,0,0.,0.,1.,1.,1.,1.,0.,3.141592654,0.,1.,             1887P   3508
3.141592654,0.,0.,1.,0.,0.,1.;                                      1887P   3509
110,-45.143721169,-26.9875,6.,-45.143721169,-26.9875,0.;            1889P   3510
102,4,1873,1877,1881,1887;                                          1891P   3511
102,4,1875,1879,1885,1889;                                          1893P   3512
142,1,1871,1891,1893,1;                                             1895P   3513
144,1871,1,0,1895;                                                  1897P   3514
110,46.743721169,26.9875,6.,46.743721169,26.9875,-994.;             1899P   3515
110,45.143721169,26.9875,6.,45.143721169,26.9875,0.;                1901P   3516
120,1899,1901,0.,6.28318530717959;                                  1903P   3517
126,1,1,1,0,1,0,0.,0.,1.,1.,1.,1.,1.,3.141592654,0.,1.,0.,0.,       1905P   3518
0.,1.,0.,0.,1.;                                                     1905P   3519
100,0.,46.743721169,26.9875,48.343721169,26.9875,45.143721169,      1907P   3520
26.9875;                                                            1907P   3521
126,1,1,1,0,1,0,0.,0.,1.,1.,1.,1.,1.,0.,0.,0.,0.,0.,0.,1.,0.,       1909P   3522
0.,1.;                                                              1909P   3523
110,45.143721169,26.9875,0.,45.143721169,26.9875,6.;                1911P   3524
126,1,1,1,0,1,0,0.,0.,1.,1.,1.,1.,0.,0.,0.,0.,3.141592654,0.,       1913P   3525
0.,1.,0.,0.,1.;                                                     1913P   3526
124,-1.,-6.98296267768627E-015,0.,93.4874423385303,                 1915P   3527
-6.98296267768627E-015,1.,-6.98296267768627E-015,                   1915P   3528
3.68853495907457E-013,4.87617677579594E-029,                        1915P   3529
-6.98296267768627E-015,-1.,12.0000000000002;                        1915P   3530
100,6.,46.743721169,26.9875,48.343721169,26.9875,45.143721169,      1917P   3531
26.9875;                                                            1917P   3532
126,1,1,1,0,1,0,0.,0.,1.,1.,1.,1.,0.,3.141592654,0.,1.,             1919P   3533
3.141592654,0.,0.,1.,0.,0.,1.;                                      1919P   3534
110,48.343721169,26.9875,6.,48.343721169,26.9875,0.;                1921P   3535
102,4,1905,1909,1913,1919;                                          1923P   3536
102,4,1907,1911,1917,1921;                                          1925P   3537
142,1,1903,1923,1925,1;                                             1927P   3538
144,1903,1,0,1927;                                                  1929P   3539
110,46.743721169,-26.9875,6.,46.743721169,-26.9875,-994.;           1931P   3540
110,45.143721169,-26.9875,6.,45.143721169,-26.9875,0.;              1933P   3541
120,1931,1933,0.,6.28318530717959;                                  1935P   3542
126,1,1,1,0,1,0,0.,0.,1.,1.,1.,1.,1.,3.141592654,0.,1.,0.,0.,       1937P   3543
0.,1.,0.,0.,1.;                                                     1937P   3544
100,0.,46.743721169,-26.9875,48.343721169,-26.9875,                 1939P   3545
45.143721169,-26.9875;                                              1939P   3546
126,1,1,1,0,1,0,0.,0.,1.,1.,1.,1.,1.,0.,0.,0.,0.,0.,0.,1.,0.,       1941P   3547
0.,1.;                                                              1941P   3548
110,45.143721169,-26.9875,0.,45.143721169,-26.9875,6.;              1943P   3549
126,1,1,1,0,1,0,0.,0.,1.,1.,1.,1.,0.,0.,0.,0.,3.141592654,0.,       1945P   3550
0.,1.,0.,0.,1.;                                                     1945P   3551
124,-1.,-6.98296267768627E-015,0.,93.487442338534,                  1947P   3552
-6.98296267768627E-015,1.,-6.98296267768627E-015,                   1947P   3553
3.68853495907481E-013,4.87617677579594E-029,                        1947P   3554
-6.98296267768627E-015,-1.,11.9999999999998;                        1947P   3555
100,6.,46.743721169,-26.9875,48.343721169,-26.9875,                 1949P   3556
45.143721169,-26.9875;                                              1949P   3557
126,1,1,1,0,1,0,0.,0.,1.,1.,1.,1.,0.,3.141592654,0.,1.,             1951P   3558
3.141592654,0.,0.,1.,0.,0.,1.;                                      1951P   3559
110,48.343721169,-26.9875,6.,48.343721169,-26.9875,0.;              1953P   3560
102,4,1937,1941,1945,1951;                                          1955P   3561
102,4,1939,1943,1949,1953;                                          1957P   3562
142,1,1935,1955,1957,1;                                             1959P   3563
144,1935,1,0,1959;                                                  1961P   3564
110,0.,-53.975,6.,0.,-53.975,-994.;                                 1963P   3565
110,-1.6,-53.975,6.,-1.6,-53.975,0.;                                1965P   3566
120,1963,1965,0.,6.28318530717959;                                  1967P   3567
126,1,1,1,0,1,0,0.,0.,1.,1.,1.,1.,1.,3.141592654,0.,1.,0.,0.,       1969P   3568
0.,1.,0.,0.,1.;                                                     1969P   3569
100,0.,0.,-53.975,1.6,-53.975,-1.6,-53.975;                         1971P   3570
126,1,1,1,0,1,0,0.,0.,1.,1.,1.,1.,1.,0.,0.,0.,0.,0.,0.,1.,0.,       1973P   3571
0.,1.;                                                              1973P   3572
110,-1.6,-53.975,0.,-1.6,-53.975,6.;                                1975P   3573
126,1,1,1,0,1,0,0.,0.,1.,1.,1.,1.,0.,0.,0.,0.,3.141592654,0.,       1977P   3574
0.,1.,0.,0.,1.;                                                     1977P   3575
124,-1.,-6.98296267768627E-015,0.,7.73807835602863E-012,            1979P   3576
-6.98296267768627E-015,1.,-6.98296267768627E-015,                   1979P   3577
4.21621887088432E-014,4.87617677579594E-029,                        1979P   3578
-6.98296267768627E-015,-1.,11.9999999999996;                        1979P   3579
100,6.,0.,-53.975,1.6,-53.975,-1.6,-53.975;                         1981P   3580
126,1,1,1,0,1,0,0.,0.,1.,1.,1.,1.,0.,3.141592654,0.,1.,             1983P   3581
3.141592654,0.,0.,1.,0.,0.,1.;                                      1983P   3582
110,1.6,-53.975,6.,1.6,-53.975,0.;                                  1985P   3583
102,4,1969,1973,1977,1983;                                          1987P   3584
102,4,1971,1975,1981,1985;                                          1989P   3585
142,1,1967,1987,1989,1;                                             1991P   3586
144,1967,1,0,1991;                                                  1993P   3587
110,-46.743721169,26.9875,6.,-46.743721169,26.9875,-994.;           1995P   3588
110,-48.343721169,26.9875,6.,-48.343721169,26.9875,0.;              1997P   3589
120,1995,1997,0.,6.28318530717959;                                  1999P   3590
126,1,1,1,0,1,0,0.,0.,1.,1.,1.,1.,1.,3.141592654,0.,1.,0.,0.,       2001P   3591
0.,1.,0.,0.,1.;                                                     2001P   3592
100,0.,-46.743721169,26.9875,-45.143721169,26.9875,                 2003P   3593
-48.343721169,26.9875;                                              2003P   3594
126,1,1,1,0,1,0,0.,0.,1.,1.,1.,1.,1.,0.,0.,0.,0.,0.,0.,1.,0.,       2005P   3595
0.,1.;                                                              2005P   3596
110,-48.343721169,26.9875,0.,-48.343721169,26.9875,6.;              2007P   3597
126,1,1,1,0,1,0,0.,0.,1.,1.,1.,1.,0.,0.,0.,0.,3.141592654,0.,       2009P   3598
0.,1.,0.,0.,1.;                                                     2009P   3599
124,-1.,-6.98296267768627E-015,0.,-93.4874423385259,                2011P   3600
-6.98296267768627E-015,1.,-6.98296267768627E-015,                   2011P   3601
-2.8452911848984E-013,4.87617677579594E-029,                        2011P   3602
-6.98296267768627E-015,-1.,12.0000000000002;                        2011P   3603
100,6.,-46.743721169,26.9875,-45.143721169,26.9875,                 2013P   3604
-48.343721169,26.9875;                                              2013P   3605
126,1,1,1,0,1,0,0.,0.,1.,1.,1.,1.,0.,3.141592654,0.,1.,             2015P   3606
3.141592654,0.,0.,1.,0.,0.,1.;                                      2015P   3607
110,-45.143721169,26.9875,6.,-45.143721169,26.9875,0.;              2017P   3608
102,4,2001,2005,2009,2015;                                          2019P   3609
102,4,2003,2007,2013,2017;                                          2021P   3610
142,1,1999,2019,2021,1;                                             2023P   3611
144,1999,1,0,2023;                                                  2025P   3612
110,53.851830223,-11.895498376,6.,53.851830223,-11.895498376,       2027P   3613
-994.;                                                              2027P   3614
110,48.851830223,-11.895498376,6.,48.851830223,-11.895498376,       2029P   3615
0.5;                                                                2029P   3616
120,2027,2029,0.,6.28318530717959;                                  2031P   3617
126,1,1,1,0,1,0,0.,0.,1.,1.,1.,1.,0.,4.135870275,0.,1.,             2033P   3618
4.135870275,0.,0.,1.,0.,0.,1.;                                      2033P   3619
110,56.577373468,-16.087325426,6.,56.577373468,-16.087325426,       2035P   3620
0.5;                                                                2035P   3621
126,1,1,1,0,1,0,0.,0.,1.,1.,1.,1.,1.,4.135870275,0.,1.,             2037P   3622
3.35899468,0.,0.,1.,0.,0.,1.;                                       2037P   3623
100,0.5,53.851830223,-11.895498376,56.577373468,-16.087325426,      2039P   3624
58.734135774,-12.973966044;                                         2039P   3625
126,1,1,1,0,1,0,0.,0.,1.,1.,1.,1.,1.,3.35899468,0.,0.,              2041P   3626
3.35899468,0.,0.,1.,0.,0.,1.;                                       2041P   3627
110,58.734135774,-12.973966044,0.5,58.734135774,-12.973966044,      2043P   3628
6.;                                                                 2043P   3629
126,1,1,1,0,1,0,0.,0.,1.,1.,1.,1.,0.,3.35899468,0.,0.,              2045P   3630
4.135870275,0.,0.,1.,0.,0.,1.;                                      2045P   3631
124,0.976461110122305,-0.215693533557952,                           2047P   3632
-5.85427436877392E-015,-1.29816977675466,-0.215693533557952,        2047P   3633
-0.976461110122305,-3.80647335115801E-015,-11.8954983757195,        2047P   3634
-4.89543956158809E-015,4.97960231914131E-015,-1.,                   2047P   3635
12.0000000000003;                                                   2047P   3636
100,6.,53.851830223,-11.895498376,58.851830223,-11.895498376,       2049P   3637
57.417367194,-8.390224334;                                          2049P   3638
102,4,2033,2037,2041,2045;                                          2051P   3639
102,4,2035,2039,2043,2049;                                          2053P   3640
142,1,2031,2051,2053,1;                                             2055P   3641
144,2031,1,0,2055;                                                  2057P   3642
110,58.585288781,-20.745757119,6.,58.585288781,-20.745757119,       2059P   3643
-994.;                                                              2059P   3644
110,53.585288781,-20.745757119,6.,53.585288781,-20.745757119,       2061P   3645
0.5;                                                                2061P   3646
120,2059,2061,0.,6.28318530717959;                                  2063P   3647
126,1,1,1,0,1,0,0.,0.,1.,1.,1.,1.,0.,0.340333415,0.,0.,             2065P   3648
0.994277621,0.,0.,1.,0.,0.,1.;                                      2065P   3649
124,-0.942643423669466,0.333801401753658,5.85427436877393E-015,     2067P   3650
120.735288781057,0.333801401753658,0.942643423669466,               2067P   3651
3.806473351158E-015,-20.7457571189899,-4.24788709372697E-015,       2067P   3652
5.54231206238941E-015,-1.,12.0000000000004;                         2067P   3653
100,6.,58.585288781,-20.745757119,63.585288781,-20.745757119,       2069P   3654
62.553741942,-17.704149073;                                         2069P   3655
126,1,1,1,0,1,0,0.,0.,1.,1.,1.,1.,0.,0.994277621,0.,1.,             2071P   3656
0.994277621,0.,0.,1.,0.,0.,1.;                                      2071P   3657
110,55.859745536,-16.553930069,6.,55.859745536,-16.553930069,       2073P   3658
0.5;                                                                2073P   3659
126,1,1,1,0,1,0,0.,0.,1.,1.,1.,1.,1.,0.994277621,0.,1.,             2075P   3660
0.340333415,0.,0.,1.,0.,0.,1.;                                      2075P   3661
100,0.5,58.585288781,-20.745757119,55.859745536,-16.553930069,      2077P   3662
53.872071663,-19.07675011;                                          2077P   3663
126,1,1,1,0,1,0,0.,0.,1.,1.,1.,1.,1.,0.340333415,0.,0.,             2079P   3664
0.340333415,0.,0.,1.,0.,0.,1.;                                      2079P   3665
110,53.872071663,-19.07675011,0.5,53.872071663,-19.07675011,6.;     2081P   3666
102,4,2065,2071,2075,2079;                                          2083P   3667
102,4,2069,2073,2077,2081;                                          2085P   3668
142,1,2063,2083,2085,1;                                             2087P   3669
144,2063,1,0,2087;                                                  2089P   3670
110,53.851830223,11.895498376,6.,53.851830223,11.895498376,         2091P   3671
-994.;                                                              2091P   3672
110,48.851830223,11.895498376,6.,48.851830223,11.895498376,0.5;     2093P   3673
120,2091,2093,0.,6.28318530717959;                                  2095P   3674
126,1,1,1,0,1,0,0.,0.,1.,1.,1.,1.,0.,2.924190627,0.,1.,             2097P   3675
2.924190627,0.,0.,1.,0.,0.,1.;                                      2097P   3676
110,58.734135774,12.973966044,6.,58.734135774,12.973966044,0.5;     2099P   3677
126,1,1,1,0,1,0,0.,0.,1.,1.,1.,1.,1.,2.924190627,0.,1.,             2101P   3678
2.147315032,0.,0.,1.,0.,0.,1.;                                      2101P   3679
100,0.5,53.851830223,11.895498376,58.734135774,12.973966044,        2103P   3680
56.577373468,16.087325426;                                          2103P   3681
126,1,1,1,0,1,0,0.,0.,1.,1.,1.,1.,1.,2.147315032,0.,0.,             2105P   3682
2.147315032,0.,0.,1.,0.,0.,1.;                                      2105P   3683
110,56.577373468,16.087325426,0.5,56.577373468,16.087325426,6.;     2107P   3684
126,1,1,1,0,1,0,0.,0.,1.,1.,1.,1.,0.,2.147315032,0.,0.,             2109P   3685
2.924190627,0.,0.,1.,0.,0.,1.;                                      2109P   3686
124,0.545108648986684,0.83836541006885,1.50617989465335E-015,       2111P   3687
14.5239574310577,0.83836541006885,-0.545108648986684,               2111P   3688
-6.81859148819618E-015,-26.7676743037367,                           2111P   3689
-4.89543956158817E-015,4.97960231914124E-015,-1.,                   2111P   3690
12.0000000000002;                                                   2111P   3691
100,6.,53.851830223,11.895498376,58.851830223,11.895498376,         2113P   3692
57.417367194,15.400772417;                                          2113P   3693
102,4,2097,2101,2105,2109;                                          2115P   3694
102,4,2099,2103,2107,2113;                                          2117P   3695
142,1,2095,2115,2117,1;                                             2119P   3696
144,2095,1,0,2119;                                                  2121P   3697
110,58.585288781,20.745757119,6.,58.585288781,20.745757119,         2123P   3698
-994.;                                                              2123P   3699
110,53.585288781,20.745757119,6.,53.585288781,20.745757119,0.5;     2125P   3700
120,2123,2125,0.,6.28318530717959;                                  2127P   3701
126,1,1,1,0,1,0,0.,0.,1.,1.,1.,1.,0.,5.288907686,0.,0.,             2129P   3702
5.942851893,0.,0.,1.,0.,0.,1.;                                      2129P   3703
124,-0.545108648986695,-0.838365410068843,                          2131P   3704
-2.33092273020516E-015,107.913161573245,-0.838365410068843,         2131P   3705
0.545108648986695,6.58244384585028E-015,58.5529451365839,           2131P   3706
-4.2478870937269E-015,5.54231206238947E-015,-1.,                    2131P   3707
12.0000000000001;                                                   2131P   3708
100,6.,58.585288781,20.745757119,63.585288781,20.745757119,         2133P   3709
62.553741942,23.787365165;                                          2133P   3710
126,1,1,1,0,1,0,0.,0.,1.,1.,1.,1.,0.,5.942851893,0.,1.,             2135P   3711
5.942851893,0.,0.,1.,0.,0.,1.;                                      2135P   3712
110,53.872071663,19.07675011,6.,53.872071663,19.07675011,0.5;       2137P   3713
126,1,1,1,0,1,0,0.,0.,1.,1.,1.,1.,1.,5.942851893,0.,1.,             2139P   3714
5.288907686,0.,0.,1.,0.,0.,1.;                                      2139P   3715
100,0.5,58.585288781,20.745757119,53.872071663,19.07675011,         2141P   3716
55.859745536,16.553930069;                                          2141P   3717
126,1,1,1,0,1,0,0.,0.,1.,1.,1.,1.,1.,5.288907686,0.,0.,             2143P   3718
5.288907686,0.,0.,1.,0.,0.,1.;                                      2143P   3719
110,55.859745536,16.553930069,0.5,55.859745536,16.553930069,6.;     2145P   3720
102,4,2129,2135,2139,2143;                                          2147P   3721
102,4,2133,2137,2141,2145;                                          2149P   3722
142,1,2127,2147,2149,1;                                             2151P   3723
144,2127,1,0,2151;                                                  2153P   3724
110,-58.585288781,-20.745757119,6.,-58.585288781,-20.745757119,     2155P   3725
-994.;                                                              2155P   3726
110,-63.585288781,-20.745757119,6.,-63.585288781,-20.745757119,     2157P   3727
0.5;                                                                2157P   3728
120,2155,2157,0.,6.28318530717959;                                  2159P   3729
126,1,1,1,0,1,0,0.,0.,1.,1.,1.,1.,0.,2.147315032,0.,0.,             2161P   3730
2.801259239,0.,0.,1.,0.,0.,1.;                                      2161P   3731
124,0.545108648986683,0.838365410068851,2.33092273020515E-015,      2163P   3732
-9.25741598886975,0.838365410068851,-0.545108648986683,             2163P   3733
-6.58244384585028E-015,17.0614308986049,-4.24788709372698E-015,     2163P   3734
5.5423120623894E-015,-1.,11.9999999999999;                          2163P   3735
100,6.,-58.585288781,-20.745757119,-53.585288781,-20.745757119,     2165P   3736
-54.61683562,-17.704149073;                                         2165P   3737
126,1,1,1,0,1,0,0.,0.,1.,1.,1.,1.,0.,2.801259239,0.,1.,             2167P   3738
2.801259239,0.,0.,1.,0.,0.,1.;                                      2167P   3739
110,-53.872071663,-19.07675011,6.,-53.872071663,-19.07675011,       2169P   3740
0.5;                                                                2169P   3741
126,1,1,1,0,1,0,0.,0.,1.,1.,1.,1.,1.,2.801259239,0.,1.,             2171P   3742
2.147315032,0.,0.,1.,0.,0.,1.;                                      2171P   3743
100,0.5,-58.585288781,-20.745757119,-53.872071663,-19.07675011,     2173P   3744
-55.859745536,-16.553930069;                                        2173P   3745
126,1,1,1,0,1,0,0.,0.,1.,1.,1.,1.,1.,2.147315032,0.,0.,             2175P   3746
2.147315032,0.,0.,1.,0.,0.,1.;                                      2175P   3747
110,-55.859745536,-16.553930069,0.5,-55.859745536,                  2177P   3748
-16.553930069,6.;                                                   2177P   3749
102,4,2161,2167,2171,2175;                                          2179P   3750
102,4,2165,2169,2173,2177;                                          2181P   3751
142,1,2159,2179,2181,1;                                             2183P   3752
144,2159,1,0,2183;                                                  2185P   3753
110,-53.851830223,-11.895498376,6.,-53.851830223,-11.895498376,     2187P   3754
-994.;                                                              2187P   3755
110,-58.851830223,-11.895498376,6.,-58.851830223,-11.895498376,     2189P   3756
0.5;                                                                2189P   3757
120,2187,2189,0.,6.28318530717959;                                  2191P   3758
126,1,1,1,0,1,0,0.,0.,1.,1.,1.,1.,0.,6.065783281,0.,1.,             2193P   3759
6.065783281,0.,0.,1.,0.,0.,1.;                                      2193P   3760
110,-58.734135774,-12.973966044,6.,-58.734135774,-12.973966044,     2195P   3761
0.5;                                                                2195P   3762
126,1,1,1,0,1,0,0.,0.,1.,1.,1.,1.,1.,6.065783281,0.,1.,             2197P   3763
5.288907686,0.,0.,1.,0.,0.,1.;                                      2197P   3764
100,0.5,-53.851830223,-11.895498376,-58.734135774,                  2199P   3765
-12.973966044,-56.577373468,-16.087325426;                          2199P   3766
126,1,1,1,0,1,0,0.,0.,1.,1.,1.,1.,1.,5.288907686,0.,0.,             2201P   3767
5.288907686,0.,0.,1.,0.,0.,1.;                                      2201P   3768
110,-56.577373468,-16.087325426,0.5,-56.577373468,                  2203P   3769
-16.087325426,6.;                                                   2203P   3770
126,1,1,1,0,1,0,0.,0.,1.,1.,1.,1.,0.,5.288907686,0.,0.,             2205P   3771
6.065783281,0.,0.,1.,0.,0.,1.;                                      2205P   3772
124,-0.545108648986696,-0.838365410068843,                          2207P   3773
-1.50617989465335E-015,-93.1797030154334,-0.838365410068843,        2207P   3774
0.545108648986696,6.81859148819618E-015,-50.5586710551768,          2207P   3775
-4.8954395615881E-015,4.97960231914131E-015,-1.,                    2207P   3776
11.9999999999998;                                                   2207P   3777
100,6.,-53.851830223,-11.895498376,-48.851830223,-11.895498376,     2209P   3778
-50.286293252,-8.390224334;                                         2209P   3779
102,4,2193,2197,2201,2205;                                          2211P   3780
102,4,2195,2199,2203,2209;                                          2213P   3781
142,1,2191,2211,2213,1;                                             2215P   3782
144,2191,1,0,2215;                                                  2217P   3783
110,-53.851830223,11.895498376,6.,-53.851830223,11.895498376,       2219P   3784
-994.;                                                              2219P   3785
110,-58.851830223,11.895498376,6.,-58.851830223,11.895498376,       2221P   3786
0.5;                                                                2221P   3787
120,2219,2221,0.,6.28318530717959;                                  2223P   3788
126,1,1,1,0,1,0,0.,0.,1.,1.,1.,1.,0.,0.994277621,0.,1.,             2225P   3789
0.994277621,0.,0.,1.,0.,0.,1.;                                      2225P   3790
110,-56.577373468,16.087325426,6.,-56.577373468,16.087325426,       2227P   3791
0.5;                                                                2227P   3792
126,1,1,1,0,1,0,0.,0.,1.,1.,1.,1.,1.,0.994277621,0.,1.,             2229P   3793
0.217402026,0.,0.,1.,0.,0.,1.;                                      2229P   3794
100,0.5,-53.851830223,11.895498376,-56.577373468,16.087325426,      2231P   3795
-58.734135774,12.973966044;                                         2231P   3796
126,1,1,1,0,1,0,0.,0.,1.,1.,1.,1.,1.,0.217402026,0.,0.,             2233P   3797
0.217402026,0.,0.,1.,0.,0.,1.;                                      2233P   3798
110,-58.734135774,12.973966044,0.5,-58.734135774,12.973966044,      2235P   3799
6.;                                                                 2235P   3800
126,1,1,1,0,1,0,0.,0.,1.,1.,1.,1.,0.,0.217402026,0.,0.,             2237P   3801
0.994277621,0.,0.,1.,0.,0.,1.;                                      2237P   3802
124,-0.976461110122308,0.215693533557938,5.85427436877392E-015,     2239P   3803
-109.001830223245,0.215693533557938,0.976461110122308,              2239P   3804
3.806473351158E-015,11.8954983757203,-4.89543956158816E-015,        2239P   3805
4.97960231914124E-015,-1.,11.9999999999997;                         2239P   3806
100,6.,-53.851830223,11.895498376,-48.851830223,11.895498376,       2241P   3807
-50.286293252,15.400772417;                                         2241P   3808
102,4,2225,2229,2233,2237;                                          2243P   3809
102,4,2227,2231,2235,2241;                                          2245P   3810
142,1,2223,2243,2245,1;                                             2247P   3811
144,2223,1,0,2247;                                                  2249P   3812
110,-58.585288781,20.745757119,6.,-58.585288781,20.745757119,       2251P   3813
-994.;                                                              2251P   3814
110,-63.585288781,20.745757119,6.,-63.585288781,20.745757119,       2253P   3815
0.5;                                                                2253P   3816
120,2251,2253,0.,6.28318530717959;                                  2255P   3817
126,1,1,1,0,1,0,0.,0.,1.,1.,1.,1.,0.,3.481926068,0.,0.,             2257P   3818
4.135870275,0.,0.,1.,0.,0.,1.;                                      2257P   3819
124,0.942643423669462,-0.333801401753672,                           2259P   3820
-5.85427436877393E-015,3.5647112189427,-0.333801401753672,          2259P   3821
-0.942643423669462,-3.806473351158E-015,20.745757118989,            2259P   3822
-4.2478870937269E-015,5.54231206238947E-015,-1.,                    2259P   3823
11.9999999999996;                                                   2259P   3824
100,6.,-58.585288781,20.745757119,-53.585288781,20.745757119,       2261P   3825
-54.61683562,23.787365165;                                          2261P   3826
126,1,1,1,0,1,0,0.,0.,1.,1.,1.,1.,0.,4.135870275,0.,1.,             2263P   3827
4.135870275,0.,0.,1.,0.,0.,1.;                                      2263P   3828
110,-55.859745536,16.553930069,6.,-55.859745536,16.553930069,       2265P   3829
0.5;                                                                2265P   3830
126,1,1,1,0,1,0,0.,0.,1.,1.,1.,1.,1.,4.135870275,0.,1.,             2267P   3831
3.481926068,0.,0.,1.,0.,0.,1.;                                      2267P   3832
100,0.5,-58.585288781,20.745757119,-55.859745536,16.553930069,      2269P   3833
-53.872071663,19.07675011;                                          2269P   3834
126,1,1,1,0,1,0,0.,0.,1.,1.,1.,1.,1.,3.481926068,0.,0.,             2271P   3835
3.481926068,0.,0.,1.,0.,0.,1.;                                      2271P   3836
110,-53.872071663,19.07675011,0.5,-53.872071663,19.07675011,6.;     2273P   3837
102,4,2257,2263,2267,2271;                                          2275P   3838
102,4,2261,2265,2269,2273;                                          2277P   3839
142,1,2255,2275,2277,1;                                             2279P   3840
144,2255,1,0,2279;                                                  2281P   3841
110,0.,0.,-999.5,0.,0.,0.5;                                         2283P   3842
110,56.65,0.,0.,57.15,0.,0.5;                                       2285P   3843
120,2283,2285,0.,6.28318530717959;                                  2287P   3844
126,1,1,1,0,1,0,0.,0.,1.,1.,1.,1.,1.,0.340333415,0.,0.,             2289P   3845
0.340333415,0.,0.,1.,0.,0.,1.;                                      2289P   3846
110,53.872071663,19.07675011,0.5,53.400749951,18.909849409,0.;      2291P   3847
126,1,1,1,0,1,0,0.,0.,1.,1.,1.,1.,0.,0.340333415,0.,0.,             2293P   3848
2.801259239,0.,0.,1.,0.,0.,1.;                                      2293P   3849
100,0.,0.,0.,53.400749951,18.909849409,-53.400749951,               2295P   3850
18.909849409;                                                       2295P   3851
126,1,1,1,0,1,0,0.,0.,1.,1.,1.,1.,0.,2.801259239,0.,1.,             2297P   3852
2.801259239,0.,0.,1.,0.,0.,1.;                                      2297P   3853
110,-53.400749951,18.909849409,0.,-53.872071663,19.07675011,        2299P   3854
0.5;                                                                2299P   3855
126,1,1,1,0,1,0,0.,0.,1.,1.,1.,1.,1.,2.801259239,0.,1.,             2301P   3856
0.340333415,0.,0.,1.,0.,0.,1.;                                      2301P   3857
124,-0.942643423669462,0.333801401753672,2.33092273020516E-015,     2303P   3858
-1.16546136510258E-015,0.333801401753672,0.942643423669462,         2303P   3859
-6.58244384585029E-015,3.29122192292515E-015,                       2303P   3860
-4.39445796541921E-015,-5.42683212824231E-015,-1.,1.;               2303P   3861
100,0.5,0.,0.,57.15,0.,-44.414308145,35.965146073;                  2305P   3862
102,4,2289,2293,2297,2301;                                          2307P   3863
102,4,2291,2295,2299,2305;                                          2309P   3864
142,1,2287,2307,2309,1;                                             2311P   3865
144,2287,1,0,2311;                                                  2313P   3866
110,-58.585288781,20.745757119,1000.,-58.585288781,                 2315P   3867
20.745757119,0.;                                                    2315P   3868
110,-63.585288781,20.745757119,0.5,-64.085288781,20.745757119,      2317P   3869
0.;                                                                 2317P   3870
120,2315,2317,0.,6.28318530717959;                                  2319P   3871
126,1,1,1,0,1,0,0.,0.,1.,1.,1.,1.,0.,3.481926068,0.,0.,             2321P   3872
4.135870275,0.,0.,1.,0.,0.,1.;                                      2321P   3873
124,0.942643423669461,-0.333801401753673,                           2323P   3874
-5.85427436877393E-015,3.56471121894268,-0.333801401753673,         2323P   3875
-0.942643423669461,-3.806473351158E-015,20.7457571189889,           2323P   3876
-4.24788709372689E-015,5.54231206238948E-015,-1.,                   2323P   3877
0.999999999999637;                                                  2323P   3878
100,0.5,-58.585288781,20.745757119,-53.585288781,20.745757119,      2325P   3879
-54.61683562,23.787365165;                                          2325P   3880
126,1,1,1,0,1,0,0.,0.,1.,1.,1.,1.,0.,4.135870275,0.,1.,             2327P   3881
4.135870275,0.,0.,1.,0.,0.,1.;                                      2327P   3882
110,-55.859745536,16.553930069,0.5,-55.587191212,16.134747364,      2329P   3883
0.;                                                                 2329P   3884
126,1,1,1,0,1,0,0.,0.,1.,1.,1.,1.,1.,4.135870275,0.,1.,             2331P   3885
3.481926068,0.,0.,1.,0.,0.,1.;                                      2331P   3886
100,0.,-58.585288781,20.745757119,-55.587191212,16.134747364,       2333P   3887
-53.400749951,18.909849409;                                         2333P   3888
126,1,1,1,0,1,0,0.,0.,1.,1.,1.,1.,1.,3.481926068,0.,0.,             2335P   3889
3.481926068,0.,0.,1.,0.,0.,1.;                                      2335P   3890
110,-53.400749951,18.909849409,0.,-53.872071663,19.07675011,        2337P   3891
0.5;                                                                2337P   3892
102,4,2321,2327,2331,2335;                                          2339P   3893
102,4,2325,2329,2333,2337;                                          2341P   3894
142,1,2319,2339,2341,1;                                             2343P   3895
144,2319,1,0,2343;                                                  2345P   3896
110,58.585288781,20.745757119,1000.,58.585288781,20.745757119,      2347P   3897
0.;                                                                 2347P   3898
110,53.585288781,20.745757119,0.5,53.085288781,20.745757119,0.;     2349P   3899
120,2347,2349,0.,6.28318530717959;                                  2351P   3900
126,1,1,1,0,1,0,0.,0.,1.,1.,1.,1.,1.,5.942851893,0.,1.,             2353P   3901
5.288907686,0.,0.,1.,0.,0.,1.;                                      2353P   3902
100,0.,58.585288781,20.745757119,53.400749951,18.909849409,         2355P   3903
55.587191212,16.134747364;                                          2355P   3904
126,1,1,1,0,1,0,0.,0.,1.,1.,1.,1.,1.,5.288907686,0.,0.,             2357P   3905
5.288907686,0.,0.,1.,0.,0.,1.;                                      2357P   3906
110,55.587191212,16.134747364,0.,55.859745536,16.553930069,0.5;     2359P   3907
126,1,1,1,0,1,0,0.,0.,1.,1.,1.,1.,0.,5.288907686,0.,0.,             2361P   3908
5.942851893,0.,0.,1.,0.,0.,1.;                                      2361P   3909
124,-0.545108648986696,-0.838365410068843,                          2363P   3910
-2.33092273020516E-015,107.913161573245,-0.838365410068843,         2363P   3911
0.545108648986696,6.58244384585028E-015,58.5529451365839,           2363P   3912
-4.24788709372689E-015,5.54231206238947E-015,-1.,                   2363P   3913
1.00000000000013;                                                   2363P   3914
100,0.5,58.585288781,20.745757119,63.585288781,20.745757119,        2365P   3915
62.553741942,23.787365165;                                          2365P   3916
126,1,1,1,0,1,0,0.,0.,1.,1.,1.,1.,0.,5.942851893,0.,1.,             2367P   3917
5.942851893,0.,0.,1.,0.,0.,1.;                                      2367P   3918
110,53.872071663,19.07675011,0.5,53.400749951,18.909849409,0.;      2369P   3919
102,4,2353,2357,2361,2367;                                          2371P   3920
102,4,2355,2359,2365,2369;                                          2373P   3921
142,1,2351,2371,2373,1;                                             2375P   3922
144,2351,1,0,2375;                                                  2377P   3923
128,1,1,1,1,0,0,1,0,0,0.,0.,1.,1.,0.,0.,1.,1.,1.,1.,1.,1.,          2379P   3924
-55.859745536,16.553930069,0.5,-56.577373468,16.087325426,0.5,      2379P   3925
-55.587191212,16.134747364,0.,-56.304819144,15.668142721,0.,0.,     2379P   3926
1.,0.,1.;                                                           2379P   3927
126,1,1,1,0,1,0,0.,0.,1.,1.,1.,1.,0.,0.,0.,1.,0.,0.,0.,1.,0.,       2381P   3928
0.,1.;                                                              2381P   3929
110,-55.859745536,16.553930069,0.5,-56.577373468,16.087325426,      2383P   3930
0.5;                                                                2383P   3931
126,1,1,1,0,1,0,0.,0.,1.,1.,1.,1.,1.,0.,0.,1.,1.,0.,0.,1.,0.,       2385P   3932
0.,1.;                                                              2385P   3933
110,-56.577373468,16.087325426,0.5,-56.304819144,15.668142721,      2387P   3934
0.;                                                                 2387P   3935
126,1,1,1,0,1,0,0.,0.,1.,1.,1.,1.,1.,1.,0.,0.,1.,0.,0.,1.,0.,       2389P   3936
0.,1.;                                                              2389P   3937
110,-56.304819144,15.668142721,0.,-55.587191212,16.134747364,       2391P   3938
0.;                                                                 2391P   3939
126,1,1,1,0,1,0,0.,0.,1.,1.,1.,1.,0.,1.,0.,0.,0.,0.,0.,1.,0.,       2393P   3940
0.,1.;                                                              2393P   3941
110,-55.587191212,16.134747364,0.,-55.859745536,16.553930069,       2395P   3942
0.5;                                                                2395P   3943
102,4,2381,2385,2389,2393;                                          2397P   3944
102,4,2383,2387,2391,2395;                                          2399P   3945
142,1,2379,2397,2399,1;                                             2401P   3946
144,2379,1,0,2401;                                                  2403P   3947
128,1,1,1,1,0,0,1,0,0,0.,0.,1.,1.,0.,0.,1.,1.,1.,1.,1.,1.,          2405P   3948
56.577373468,16.087325426,0.5,55.859745536,16.553930069,0.5,        2405P   3949
56.304819144,15.668142721,0.,55.587191212,16.134747364,0.,0.,       2405P   3950
1.,0.,1.;                                                           2405P   3951
126,1,1,1,0,1,0,0.,0.,1.,1.,1.,1.,1.,1.,0.,0.,1.,0.,0.,1.,0.,       2407P   3952
0.,1.;                                                              2407P   3953
110,55.587191212,16.134747364,0.,56.304819144,15.668142721,0.;      2409P   3954
126,1,1,1,0,1,0,0.,0.,1.,1.,1.,1.,0.,1.,0.,0.,0.,0.,0.,1.,0.,       2411P   3955
0.,1.;                                                              2411P   3956
110,56.304819144,15.668142721,0.,56.577373468,16.087325426,0.5;     2413P   3957
126,1,1,1,0,1,0,0.,0.,1.,1.,1.,1.,0.,0.,0.,1.,0.,0.,0.,1.,0.,       2415P   3958
0.,1.;                                                              2415P   3959
110,56.577373468,16.087325426,0.5,55.859745536,16.553930069,        2417P   3960
0.5;                                                                2417P   3961
126,1,1,1,0,1,0,0.,0.,1.,1.,1.,1.,1.,0.,0.,1.,1.,0.,0.,1.,0.,       2419P   3962
0.,1.;                                                              2419P   3963
110,55.859745536,16.553930069,0.5,55.587191212,16.134747364,0.;     2421P   3964
102,4,2407,2411,2415,2419;                                          2423P   3965
102,4,2409,2413,2417,2421;                                          2425P   3966
142,1,2405,2423,2425,1;                                             2427P   3967
144,2405,1,0,2427;                                                  2429P   3968
110,-53.851830223,11.895498376,-1000.,-53.851830223,                2431P   3969
11.895498376,0.;                                                    2431P   3970
110,-49.351830223,11.895498376,0.,-48.851830223,11.895498376,       2433P   3971
0.5;                                                                2433P   3972
120,2431,2433,0.,6.28318530717959;                                  2435P   3973
126,1,1,1,0,1,0,0.,0.,1.,1.,1.,1.,1.,2.147315032,0.,0.,             2437P   3974
2.147315032,0.,0.,1.,0.,0.,1.;                                      2437P   3975
110,-56.577373468,16.087325426,0.5,-56.304819144,15.668142721,      2439P   3976
0.;                                                                 2439P   3977
126,1,1,1,0,1,0,0.,0.,1.,1.,1.,1.,0.,2.147315032,0.,0.,             2441P   3978
2.924190627,0.,0.,1.,0.,0.,1.;                                      2441P   3979
100,0.,-53.851830223,11.895498376,-56.304819144,15.668142721,       2443P   3980
-58.245905219,12.866119277;                                         2443P   3981
126,1,1,1,0,1,0,0.,0.,1.,1.,1.,1.,0.,2.924190627,0.,1.,             2445P   3982
2.924190627,0.,0.,1.,0.,0.,1.;                                      2445P   3983
110,-58.245905219,12.866119277,0.,-58.734135774,12.973966044,       2447P   3984
0.5;                                                                2447P   3985
126,1,1,1,0,1,0,0.,0.,1.,1.,1.,1.,1.,2.924190627,0.,1.,             2449P   3986
2.147315032,0.,0.,1.,0.,0.,1.;                                      2449P   3987
124,-0.976461110122308,0.215693533557938,5.85427436877392E-015,     2451P   3988
-109.001830223245,0.215693533557938,0.976461110122308,              2451P   3989
3.80647335115801E-015,11.8954983757203,-4.89543956158816E-015,      2451P   3990
4.97960231914124E-015,-1.,0.999999999999678;                        2451P   3991
100,0.5,-53.851830223,11.895498376,-48.851830223,11.895498376,      2453P   3992
-50.286293252,15.400772417;                                         2453P   3993
102,4,2437,2441,2445,2449;                                          2455P   3994
102,4,2439,2443,2447,2453;                                          2457P   3995
142,1,2435,2455,2457,1;                                             2459P   3996
144,2435,1,0,2459;                                                  2461P   3997
110,53.851830223,11.895498376,-1000.,53.851830223,11.895498376,     2463P   3998
0.;                                                                 2463P   3999
110,58.351830223,11.895498376,0.,58.851830223,11.895498376,0.5;     2465P   4000
120,2463,2465,0.,6.28318530717959;                                  2467P   4001
126,1,1,1,0,1,0,0.,0.,1.,1.,1.,1.,0.,0.994277621,0.,1.,             2469P   4002
0.994277621,0.,0.,1.,0.,0.,1.;                                      2469P   4003
110,56.304819144,15.668142721,0.,56.577373468,16.087325426,0.5;     2471P   4004
126,1,1,1,0,1,0,0.,0.,1.,1.,1.,1.,1.,0.994277621,0.,1.,             2473P   4005
0.217402026,0.,0.,1.,0.,0.,1.;                                      2473P   4006
124,0.545108648986684,0.83836541006885,1.50617989465335E-015,       2475P   4007
14.5239574310577,0.838365410068851,-0.545108648986684,              2475P   4008
-6.81859148819618E-015,-26.7676743037367,                           2475P   4009
-4.89543956158817E-015,4.97960231914124E-015,-1.,                   2475P   4010
1.00000000000021;                                                   2475P   4011
100,0.5,53.851830223,11.895498376,58.851830223,11.895498376,        2477P   4012
57.417367194,15.400772417;                                          2477P   4013
126,1,1,1,0,1,0,0.,0.,1.,1.,1.,1.,1.,0.217402026,0.,0.,             2479P   4014
0.217402026,0.,0.,1.,0.,0.,1.;                                      2479P   4015
110,58.734135774,12.973966044,0.5,58.245905219,12.866119277,0.;     2481P   4016
126,1,1,1,0,1,0,0.,0.,1.,1.,1.,1.,0.,0.217402026,0.,0.,             2483P   4017
0.994277621,0.,0.,1.,0.,0.,1.;                                      2483P   4018
100,0.,53.851830223,11.895498376,58.245905219,12.866119277,         2485P   4019
56.304819144,15.668142721;                                          2485P   4020
102,4,2469,2473,2479,2483;                                          2487P   4021
102,4,2471,2477,2481,2485;                                          2489P   4022
142,1,2467,2487,2489,1;                                             2491P   4023
144,2467,1,0,2491;                                                  2493P   4024
110,0.,0.,-999.5,0.,0.,0.5;                                         2495P   4025
110,59.65,0.,0.,60.15,0.,0.5;                                       2497P   4026
120,2495,2497,0.,6.28318530717959;                                  2499P   4027
126,1,1,1,0,1,0,0.,0.,1.,1.,1.,1.,1.,2.924190627,0.,0.,             2501P   4028
2.924190627,0.,0.,1.,0.,0.,1.;                                      2501P   4029
110,-58.734135774,12.973966044,0.5,-58.245905219,12.866119277,      2503P   4030
0.;                                                                 2503P   4031
126,1,1,1,0,1,0,0.,0.,1.,1.,1.,1.,0.,2.924190627,0.,0.,             2505P   4032
3.35899468,0.,0.,1.,0.,0.,1.;                                       2505P   4033
100,0.,0.,0.,-58.245905219,12.866119277,-58.245905219,              2507P   4034
-12.866119277;                                                      2507P   4035
126,1,1,1,0,1,0,0.,0.,1.,1.,1.,1.,0.,3.35899468,0.,1.,              2509P   4036
3.35899468,0.,0.,1.,0.,0.,1.;                                       2509P   4037
110,-58.245905219,-12.866119277,0.,-58.734135774,-12.973966044,     2511P   4038
0.5;                                                                2511P   4039
126,1,1,1,0,1,0,0.,0.,1.,1.,1.,1.,1.,3.35899468,0.,1.,              2513P   4040
3.141592654,0.,0.,1.,0.,0.,1.;                                      2513P   4041
124,-0.97646111012231,-0.215693533557931,0.,                        2515P   4042
9.62964972193618E-032,-0.215693533557931,0.97646111012231,          2515P   4043
6.98296267768627E-015,-3.49148133884314E-015,                       2515P   4044
-1.5061798946533E-015,6.81859148819619E-015,-1.,1.;                 2515P   4045
100,0.5,0.,0.,60.15,0.,58.734135774,12.973966044;                   2517P   4046
126,1,1,1,0,1,0,0.,0.,1.,1.,1.,1.,1.,3.141592654,0.,1.,             2519P   4047
2.924190627,0.,0.,1.,0.,0.,1.;                                      2519P   4048
124,-1.,5.55111512312578E-016,1.50617989465335E-015,                2521P   4049
-7.53089947326676E-016,5.55111512312588E-016,1.,                    2521P   4050
6.81859148819618E-015,-3.40929574409809E-015,                       2521P   4051
-1.50617989465335E-015,6.81859148819618E-015,-1.,1.;                2521P   4052
100,0.5,0.,0.,60.15,0.,58.734135774,12.973966044;                   2523P   4053
102,5,2501,2505,2509,2513,2519;                                     2525P   4054
102,5,2503,2507,2511,2517,2523;                                     2527P   4055
142,1,2499,2525,2527,1;                                             2529P   4056
144,2499,1,0,2529;                                                  2531P   4057
110,0.,0.,-999.5,0.,0.,0.5;                                         2533P   4058
110,59.65,0.,0.,60.15,0.,0.5;                                       2535P   4059
120,2533,2535,0.,6.28318530717959;                                  2537P   4060
126,1,1,1,0,1,0,0.,0.,1.,1.,1.,1.,1.,0.,0.,0.,0.,0.,0.,1.,0.,       2539P   4061
0.,1.;                                                              2539P   4062
110,60.15,0.,0.5,59.65,0.,0.;                                       2541P   4063
126,1,1,1,0,1,0,0.,0.,1.,1.,1.,1.,0.,0.,0.,0.,0.217402026,0.,       2543P   4064
0.,1.,0.,0.,1.;                                                     2543P   4065
100,0.,0.,0.,59.65,0.,58.245905219,12.866119277;                    2545P   4066
126,1,1,1,0,1,0,0.,0.,1.,1.,1.,1.,0.,0.217402026,0.,1.,             2547P   4067
0.217402026,0.,0.,1.,0.,0.,1.;                                      2547P   4068
110,58.245905219,12.866119277,0.,58.734135774,12.973966044,0.5;     2549P   4069
126,1,1,1,0,1,0,0.,0.,1.,1.,1.,1.,1.,0.217402026,0.,1.,0.,0.,       2551P   4070
0.,1.,0.,0.,1.;                                                     2551P   4071
124,0.976461110122308,0.215693533557938,0.,                         2553P   4072
-9.62964972193618E-032,0.215693533557938,-0.976461110122308,        2553P   4073
-6.98296267768627E-015,3.49148133884314E-015,                       2553P   4074
-1.50617989465335E-015,6.81859148819618E-015,-1.,1.;                2553P   4075
100,0.5,0.,0.,60.15,0.,58.734135774,12.973966044;                   2555P   4076
102,4,2539,2543,2547,2551;                                          2557P   4077
102,4,2541,2545,2549,2555;                                          2559P   4078
142,1,2537,2557,2559,1;                                             2561P   4079
144,2537,1,0,2561;                                                  2563P   4080
110,-53.851830223,-11.895498376,-1000.,-53.851830223,               2565P   4081
-11.895498376,0.;                                                   2565P   4082
110,-49.351830223,-11.895498376,0.,-48.851830223,-11.895498376,     2567P   4083
0.5;                                                                2567P   4084
120,2565,2567,0.,6.28318530717959;                                  2569P   4085
126,1,1,1,0,1,0,0.,0.,1.,1.,1.,1.,1.,3.35899468,0.,0.,              2571P   4086
3.35899468,0.,0.,1.,0.,0.,1.;                                       2571P   4087
110,-58.734135774,-12.973966044,0.5,-58.245905219,                  2573P   4088
-12.866119277,0.;                                                   2573P   4089
126,1,1,1,0,1,0,0.,0.,1.,1.,1.,1.,0.,3.35899468,0.,0.,              2575P   4090
4.135870275,0.,0.,1.,0.,0.,1.;                                      2575P   4091
100,0.,-53.851830223,-11.895498376,-58.245905219,-12.866119277,     2577P   4092
-56.304819144,-15.668142721;                                        2577P   4093
126,1,1,1,0,1,0,0.,0.,1.,1.,1.,1.,0.,4.135870275,0.,1.,             2579P   4094
4.135870275,0.,0.,1.,0.,0.,1.;                                      2579P   4095
110,-56.304819144,-15.668142721,0.,-56.577373468,-16.087325426,     2581P   4096
0.5;                                                                2581P   4097
126,1,1,1,0,1,0,0.,0.,1.,1.,1.,1.,1.,4.135870275,0.,1.,             2583P   4098
3.35899468,0.,0.,1.,0.,0.,1.;                                       2583P   4099
124,-0.545108648986696,-0.838365410068843,                          2585P   4100
-1.50617989465335E-015,-93.1797030154334,-0.838365410068843,        2585P   4101
0.545108648986696,6.81859148819618E-015,-50.5586710551768,          2585P   4102
-4.8954395615881E-015,4.97960231914131E-015,-1.,                    2585P   4103
0.999999999999796;                                                  2585P   4104
100,0.5,-53.851830223,-11.895498376,-48.851830223,                  2587P   4105
-11.895498376,-50.286293252,-8.390224334;                           2587P   4106
102,4,2571,2575,2579,2583;                                          2589P   4107
102,4,2573,2577,2581,2587;                                          2591P   4108
142,1,2569,2589,2591,1;                                             2593P   4109
144,2569,1,0,2593;                                                  2595P   4110
110,53.851830223,-11.895498376,-1000.,53.851830223,                 2597P   4111
-11.895498376,0.;                                                   2597P   4112
110,58.351830223,-11.895498376,0.,58.851830223,-11.895498376,       2599P   4113
0.5;                                                                2599P   4114
120,2597,2599,0.,6.28318530717959;                                  2601P   4115
126,1,1,1,0,1,0,0.,0.,1.,1.,1.,1.,0.,6.065783281,0.,1.,             2603P   4116
6.065783281,0.,0.,1.,0.,0.,1.;                                      2603P   4117
110,58.245905219,-12.866119277,0.,58.734135774,-12.973966044,       2605P   4118
0.5;                                                                2605P   4119
126,1,1,1,0,1,0,0.,0.,1.,1.,1.,1.,1.,6.065783281,0.,1.,             2607P   4120
5.288907686,0.,0.,1.,0.,0.,1.;                                      2607P   4121
124,0.976461110122305,-0.215693533557952,                           2609P   4122
-5.85427436877392E-015,-1.29816977675469,-0.215693533557952,        2609P   4123
-0.976461110122305,-3.80647335115801E-015,-11.8954983757195,        2609P   4124
-4.89543956158809E-015,4.97960231914132E-015,-1.,                   2609P   4125
1.00000000000032;                                                   2609P   4126
100,0.5,53.851830223,-11.895498376,58.851830223,-11.895498376,      2611P   4127
57.417367194,-8.390224334;                                          2611P   4128
126,1,1,1,0,1,0,0.,0.,1.,1.,1.,1.,1.,5.288907686,0.,0.,             2613P   4129
5.288907686,0.,0.,1.,0.,0.,1.;                                      2613P   4130
110,56.577373468,-16.087325426,0.5,56.304819144,-15.668142721,      2615P   4131
0.;                                                                 2615P   4132
126,1,1,1,0,1,0,0.,0.,1.,1.,1.,1.,0.,5.288907686,0.,0.,             2617P   4133
6.065783281,0.,0.,1.,0.,0.,1.;                                      2617P   4134
100,0.,53.851830223,-11.895498376,56.304819144,-15.668142721,       2619P   4135
58.245905219,-12.866119277;                                         2619P   4136
102,4,2603,2607,2613,2617;                                          2621P   4137
102,4,2605,2611,2615,2619;                                          2623P   4138
142,1,2601,2621,2623,1;                                             2625P   4139
144,2601,1,0,2625;                                                  2627P   4140
128,1,1,1,1,0,0,1,0,0,0.,0.,1.,1.,0.,0.,1.,1.,1.,1.,1.,1.,          2629P   4141
-56.577373468,-16.087325426,0.5,-55.859745536,-16.553930069,        2629P   4142
0.5,-56.304819144,-15.668142721,0.,-55.587191212,-16.134747364,     2629P   4143
0.,0.,1.,0.,1.;                                                     2629P   4144
126,1,1,1,0,1,0,0.,0.,1.,1.,1.,1.,0.,0.,0.,1.,0.,0.,0.,1.,0.,       2631P   4145
0.,1.;                                                              2631P   4146
110,-56.577373468,-16.087325426,0.5,-55.859745536,                  2633P   4147
-16.553930069,0.5;                                                  2633P   4148
126,1,1,1,0,1,0,0.,0.,1.,1.,1.,1.,1.,0.,0.,1.,1.,0.,0.,1.,0.,       2635P   4149
0.,1.;                                                              2635P   4150
110,-55.859745536,-16.553930069,0.5,-55.587191212,                  2637P   4151
-16.134747364,0.;                                                   2637P   4152
126,1,1,1,0,1,0,0.,0.,1.,1.,1.,1.,1.,1.,0.,0.,1.,0.,0.,1.,0.,       2639P   4153
0.,1.;                                                              2639P   4154
110,-55.587191212,-16.134747364,0.,-56.304819144,-15.668142721,     2641P   4155
0.;                                                                 2641P   4156
126,1,1,1,0,1,0,0.,0.,1.,1.,1.,1.,0.,1.,0.,0.,0.,0.,0.,1.,0.,       2643P   4157
0.,1.;                                                              2643P   4158
110,-56.304819144,-15.668142721,0.,-56.577373468,-16.087325426,     2645P   4159
0.5;                                                                2645P   4160
102,4,2631,2635,2639,2643;                                          2647P   4161
102,4,2633,2637,2641,2645;                                          2649P   4162
142,1,2629,2647,2649,1;                                             2651P   4163
144,2629,1,0,2651;                                                  2653P   4164
128,1,1,1,1,0,0,1,0,0,0.,0.,1.,1.,0.,0.,1.,1.,1.,1.,1.,1.,          2655P   4165
55.859745536,-16.553930069,0.5,56.577373468,-16.087325426,0.5,      2655P   4166
55.587191212,-16.134747364,0.,56.304819144,-15.668142721,0.,0.,     2655P   4167
1.,0.,1.;                                                           2655P   4168
126,1,1,1,0,1,0,0.,0.,1.,1.,1.,1.,1.,1.,0.,0.,1.,0.,0.,1.,0.,       2657P   4169
0.,1.;                                                              2657P   4170
110,56.304819144,-15.668142721,0.,55.587191212,-16.134747364,       2659P   4171
0.;                                                                 2659P   4172
126,1,1,1,0,1,0,0.,0.,1.,1.,1.,1.,0.,1.,0.,0.,0.,0.,0.,1.,0.,       2661P   4173
0.,1.;                                                              2661P   4174
110,55.587191212,-16.134747364,0.,55.859745536,-16.553930069,       2663P   4175
0.5;                                                                2663P   4176
126,1,1,1,0,1,0,0.,0.,1.,1.,1.,1.,0.,0.,0.,1.,0.,0.,0.,1.,0.,       2665P   4177
0.,1.;                                                              2665P   4178
110,55.859745536,-16.553930069,0.5,56.577373468,-16.087325426,      2667P   4179
0.5;                                                                2667P   4180
126,1,1,1,0,1,0,0.,0.,1.,1.,1.,1.,1.,0.,0.,1.,1.,0.,0.,1.,0.,       2669P   4181
0.,1.;                                                              2669P   4182
110,56.577373468,-16.087325426,0.5,56.304819144,-15.668142721,      2671P   4183
0.;                                                                 2671P   4184
102,4,2657,2661,2665,2669;                                          2673P   4185
102,4,2659,2663,2667,2671;                                          2675P   4186
142,1,2655,2673,2675,1;                                             2677P   4187
144,2655,1,0,2677;                                                  2679P   4188
110,-58.585288781,-20.745757119,1000.,-58.585288781,                2681P   4189
-20.745757119,0.;                                                   2681P   4190
110,-63.585288781,-20.745757119,0.5,-64.085288781,                  2683P   4191
-20.745757119,0.;                                                   2683P   4192
120,2681,2683,0.,6.28318530717959;                                  2685P   4193
126,1,1,1,0,1,0,0.,0.,1.,1.,1.,1.,0.,2.147315032,0.,0.,             2687P   4194
2.801259239,0.,0.,1.,0.,0.,1.;                                      2687P   4195
124,0.545108648986684,0.838365410068851,2.33092273020516E-015,      2689P   4196
-9.25741598886969,0.838365410068851,-0.545108648986684,             2689P   4197
-6.58244384585028E-015,17.0614308986048,-4.24788709372697E-015,     2689P   4198
5.54231206238941E-015,-1.,0.999999999999867;                        2689P   4199
100,0.5,-58.585288781,-20.745757119,-53.585288781,                  2691P   4200
-20.745757119,-54.61683562,-17.704149073;                           2691P   4201
126,1,1,1,0,1,0,0.,0.,1.,1.,1.,1.,0.,2.801259239,0.,1.,             2693P   4202
2.801259239,0.,0.,1.,0.,0.,1.;                                      2693P   4203
110,-53.872071663,-19.07675011,0.5,-53.400749951,-18.909849409,     2695P   4204
0.;                                                                 2695P   4205
126,1,1,1,0,1,0,0.,0.,1.,1.,1.,1.,1.,2.801259239,0.,1.,             2697P   4206
2.147315032,0.,0.,1.,0.,0.,1.;                                      2697P   4207
100,0.,-58.585288781,-20.745757119,-53.400749951,-18.909849409,     2699P   4208
-55.587191212,-16.134747364;                                        2699P   4209
126,1,1,1,0,1,0,0.,0.,1.,1.,1.,1.,1.,2.147315032,0.,0.,             2701P   4210
2.147315032,0.,0.,1.,0.,0.,1.;                                      2701P   4211
110,-55.587191212,-16.134747364,0.,-55.859745536,-16.553930069,     2703P   4212
0.5;                                                                2703P   4213
102,4,2687,2693,2697,2701;                                          2705P   4214
102,4,2691,2695,2699,2703;                                          2707P   4215
142,1,2685,2705,2707,1;                                             2709P   4216
144,2685,1,0,2709;                                                  2711P   4217
110,58.585288781,-20.745757119,1000.,58.585288781,                  2713P   4218
-20.745757119,0.;                                                   2713P   4219
110,53.585288781,-20.745757119,0.5,53.085288781,-20.745757119,      2715P   4220
0.;                                                                 2715P   4221
120,2713,2715,0.,6.28318530717959;                                  2717P   4222
126,1,1,1,0,1,0,0.,0.,1.,1.,1.,1.,1.,0.994277621,0.,1.,             2719P   4223
0.340333415,0.,0.,1.,0.,0.,1.;                                      2719P   4224
100,0.,58.585288781,-20.745757119,55.587191212,-16.134747364,       2721P   4225
53.400749951,-18.909849409;                                         2721P   4226
126,1,1,1,0,1,0,0.,0.,1.,1.,1.,1.,1.,0.340333415,0.,0.,             2723P   4227
0.340333415,0.,0.,1.,0.,0.,1.;                                      2723P   4228
110,53.400749951,-18.909849409,0.,53.872071663,-19.07675011,        2725P   4229
0.5;                                                                2725P   4230
126,1,1,1,0,1,0,0.,0.,1.,1.,1.,1.,0.,0.340333415,0.,0.,             2727P   4231
0.994277621,0.,0.,1.,0.,0.,1.;                                      2727P   4232
124,-0.942643423669466,0.333801401753658,5.87791468803281E-015,     2729P   4233
120.735288781057,0.333801401753658,0.942643423669466,               2729P   4234
3.77011504720067E-015,-20.7457571189899,-4.28230793803614E-015,     2729P   4235
5.51593031797478E-015,-1.,1.00000000000037;                         2729P   4236
100,0.5,58.585288781,-20.745757119,63.585288781,-20.745757119,      2731P   4237
62.553741942,-17.704149073;                                         2731P   4238
126,1,1,1,0,1,0,0.,0.,1.,1.,1.,1.,0.,0.994277621,0.,1.,             2733P   4239
0.994277621,0.,0.,1.,0.,0.,1.;                                      2733P   4240
110,55.859745536,-16.553930069,0.5,55.587191212,-16.134747364,      2735P   4241
0.;                                                                 2735P   4242
102,4,2719,2723,2727,2733;                                          2737P   4243
102,4,2721,2725,2731,2735;                                          2739P   4244
142,1,2717,2737,2739,1;                                             2741P   4245
144,2717,1,0,2741;                                                  2743P   4246
110,0.,0.,-999.5,0.,0.,0.5;                                         2745P   4247
110,56.65,0.,0.,57.15,0.,0.5;                                       2747P   4248
120,2745,2747,0.,6.28318530717959;                                  2749P   4249
126,1,1,1,0,1,0,0.,0.,1.,1.,1.,1.,1.,3.481926068,0.,0.,             2751P   4250
3.481926068,0.,0.,1.,0.,0.,1.;                                      2751P   4251
110,-53.872071663,-19.07675011,0.5,-53.400749951,-18.909849409,     2753P   4252
0.;                                                                 2753P   4253
126,1,1,1,0,1,0,0.,0.,1.,1.,1.,1.,0.,3.481926068,0.,0.,             2755P   4254
5.942851893,0.,0.,1.,0.,0.,1.;                                      2755P   4255
100,0.,0.,0.,-53.400749951,-18.909849409,53.400749951,              2757P   4256
-18.909849409;                                                      2757P   4257
126,1,1,1,0,1,0,0.,0.,1.,1.,1.,1.,0.,5.942851893,0.,1.,             2759P   4258
5.942851893,0.,0.,1.,0.,0.,1.;                                      2759P   4259
110,53.400749951,-18.909849409,0.,53.872071663,-19.07675011,        2761P   4260
0.5;                                                                2761P   4261
126,1,1,1,0,1,0,0.,0.,1.,1.,1.,1.,1.,5.942851893,0.,1.,             2763P   4262
3.481926068,0.,0.,1.,0.,0.,1.;                                      2763P   4263
124,0.942643423669466,-0.333801401753659,                           2765P   4264
-2.33092273020516E-015,1.16546136510258E-015,                       2765P   4265
-0.333801401753659,-0.942643423669466,6.58244384585029E-015,        2765P   4266
-3.29122192292515E-015,-4.39445796541914E-015,                      2765P   4267
-5.42683212824238E-015,-1.,1.;                                      2765P   4268
100,0.5,0.,0.,57.15,0.,-44.414308145,35.965146073;                  2767P   4269
102,4,2751,2755,2759,2763;                                          2769P   4270
102,4,2753,2757,2761,2767;                                          2771P   4271
142,1,2749,2769,2771,1;                                             2773P   4272
144,2749,1,0,2773;                                                  2775P   4273
110,33.,0.,-4.,33.,0.,996.;                                         2777P   4274
110,38.1,0.,0.,38.1,0.,6.;                                          2779P   4275
120,2777,2779,0.,6.28318530717959;                                  2781P   4276
126,1,1,1,0,1,0,0.,0.,1.,1.,1.,1.,1.,3.141592654,0.,1.,0.,0.,       2783P   4277
0.,1.,0.,0.,1.;                                                     2783P   4278
124,-1.,-6.98296267768627E-015,0.,66.,-6.98296267768627E-015,       2785P   4279
1.,-6.98296267768627E-015,2.72335544429764E-013,                    2785P   4280
4.87617677579594E-029,-6.98296267768627E-015,-1.,12.;               2785P   4281
100,6.,33.,0.,38.1,0.,27.9,0.;                                      2787P   4282
126,1,1,1,0,1,0,0.,0.,1.,1.,1.,1.,1.,0.,0.,0.,0.,0.,0.,1.,0.,       2789P   4283
0.,1.;                                                              2789P   4284
110,38.1,0.,6.,38.1,0.,0.;                                          2791P   4285
126,1,1,1,0,1,0,0.,0.,1.,1.,1.,1.,0.,0.,0.,0.,3.141592654,0.,       2793P   4286
0.,1.,0.,0.,1.;                                                     2793P   4287
100,0.,33.,0.,38.1,0.,27.9,0.;                                      2795P   4288
126,1,1,1,0,1,0,0.,0.,1.,1.,1.,1.,0.,3.141592654,0.,1.,             2797P   4289
3.141592654,0.,0.,1.,0.,0.,1.;                                      2797P   4290
110,27.9,0.,0.,27.9,0.,6.;                                          2799P   4291
102,4,2783,2789,2793,2797;                                          2801P   4292
102,4,2787,2791,2795,2799;                                          2803P   4293
142,1,2781,2801,2803,1;                                             2805P   4294
144,2781,1,0,2805;                                                  2807P   4295
110,26.697560814,19.396913326,-4.,26.697560814,19.396913326,        2809P   4296
996.;                                                               2809P   4297
110,31.797560814,19.396913326,0.,31.797560814,19.396913326,6.;      2811P   4298
120,2809,2811,0.,6.28318530717959;                                  2813P   4299
126,1,1,1,0,1,0,0.,0.,1.,1.,1.,1.,1.,3.141592654,0.,1.,0.,0.,       2815P   4300
0.,1.,0.,0.,1.;                                                     2815P   4301
124,-1.,-6.98296267768627E-015,0.,53.3951216287466,                 2817P   4302
-6.98296267768627E-015,1.,-6.98296267768627E-015,                   2817P   4303
2.27668194807354E-013,4.87617677579594E-029,                        2817P   4304
-6.98296267768627E-015,-1.,12.0000000000001;                        2817P   4305
100,6.,26.697560814,19.396913326,31.797560814,19.396913326,         2819P   4306
21.597560814,19.396913326;                                          2819P   4307
126,1,1,1,0,1,0,0.,0.,1.,1.,1.,1.,1.,0.,0.,0.,0.,0.,0.,1.,0.,       2821P   4308
0.,1.;                                                              2821P   4309
110,31.797560814,19.396913326,6.,31.797560814,19.396913326,0.;      2823P   4310
126,1,1,1,0,1,0,0.,0.,1.,1.,1.,1.,0.,0.,0.,0.,3.141592654,0.,       2825P   4311
0.,1.,0.,0.,1.;                                                     2825P   4312
100,0.,26.697560814,19.396913326,31.797560814,19.396913326,         2827P   4313
21.597560814,19.396913326;                                          2827P   4314
126,1,1,1,0,1,0,0.,0.,1.,1.,1.,1.,0.,3.141592654,0.,1.,             2829P   4315
3.141592654,0.,0.,1.,0.,0.,1.;                                      2829P   4316
110,21.597560814,19.396913326,0.,21.597560814,19.396913326,6.;      2831P   4317
102,4,2815,2821,2825,2829;                                          2833P   4318
102,4,2819,2823,2827,2831;                                          2835P   4319
142,1,2813,2833,2835,1;                                             2837P   4320
144,2813,1,0,2837;                                                  2839P   4321
110,10.197560814,31.384865038,-4.,10.197560814,31.384865038,        2841P   4322
996.;                                                               2841P   4323
110,15.297560814,31.384865038,0.,15.297560814,31.384865038,6.;      2843P   4324
120,2841,2843,0.,6.28318530717959;                                  2845P   4325
126,1,1,1,0,1,0,0.,0.,1.,1.,1.,1.,1.,3.141592654,0.,1.,0.,0.,       2847P   4326
0.,1.,0.,0.,1.;                                                     2847P   4327
124,-1.,-6.98296267768627E-015,0.,20.3951216287466,                 2849P   4328
-6.98296267768627E-015,1.,-6.98296267768627E-015,                   2849P   4329
1.1519162281013E-013,4.87617677579594E-029,                         2849P   4330
-6.98296267768627E-015,-1.,12.0000000000002;                        2849P   4331
100,6.,10.197560814,31.384865038,15.297560814,31.384865038,         2851P   4332
5.097560814,31.384865038;                                           2851P   4333
126,1,1,1,0,1,0,0.,0.,1.,1.,1.,1.,1.,0.,0.,0.,0.,0.,0.,1.,0.,       2853P   4334
0.,1.;                                                              2853P   4335
110,15.297560814,31.384865038,6.,15.297560814,31.384865038,0.;      2855P   4336
126,1,1,1,0,1,0,0.,0.,1.,1.,1.,1.,0.,0.,0.,0.,3.141592654,0.,       2857P   4337
0.,1.,0.,0.,1.;                                                     2857P   4338
100,0.,10.197560814,31.384865038,15.297560814,31.384865038,         2859P   4339
5.097560814,31.384865038;                                           2859P   4340
126,1,1,1,0,1,0,0.,0.,1.,1.,1.,1.,0.,3.141592654,0.,1.,             2861P   4341
3.141592654,0.,0.,1.,0.,0.,1.;                                      2861P   4342
110,5.097560814,31.384865038,0.,5.097560814,31.384865038,6.;        2863P   4343
102,4,2847,2853,2857,2861;                                          2865P   4344
102,4,2851,2855,2859,2863;                                          2867P   4345
142,1,2845,2865,2867,1;                                             2869P   4346
144,2845,1,0,2869;                                                  2871P   4347
110,-10.197560814,31.384865038,-4.,-10.197560814,31.384865038,      2873P   4348
996.;                                                               2873P   4349
110,-5.097560814,31.384865038,0.,-5.097560814,31.384865038,6.;      2875P   4350
120,2873,2875,0.,6.28318530717959;                                  2877P   4351
126,1,1,1,0,1,0,0.,0.,1.,1.,1.,1.,1.,3.141592654,0.,1.,0.,0.,       2879P   4352
0.,1.,0.,0.,1.;                                                     2879P   4353
124,-1.,-6.98296267768627E-015,0.,-20.3951216287466,                2881P   4354
-6.98296267768627E-015,1.,-6.98296267768627E-015,                   2881P   4355
-3.08672453925437E-014,4.87617677579594E-029,                       2881P   4356
-6.98296267768627E-015,-1.,12.0000000000002;                        2881P   4357
100,6.,-10.197560814,31.384865038,-5.097560814,31.384865038,        2883P   4358
-15.297560814,31.384865038;                                         2883P   4359
126,1,1,1,0,1,0,0.,0.,1.,1.,1.,1.,1.,0.,0.,0.,0.,0.,0.,1.,0.,       2885P   4360
0.,1.;                                                              2885P   4361
110,-5.097560814,31.384865038,6.,-5.097560814,31.384865038,0.;      2887P   4362
126,1,1,1,0,1,0,0.,0.,1.,1.,1.,1.,0.,0.,0.,0.,3.141592654,0.,       2889P   4363
0.,1.,0.,0.,1.;                                                     2889P   4364
100,0.,-10.197560814,31.384865038,-5.097560814,31.384865038,        2891P   4365
-15.297560814,31.384865038;                                         2891P   4366
126,1,1,1,0,1,0,0.,0.,1.,1.,1.,1.,0.,3.141592654,0.,1.,             2893P   4367
3.141592654,0.,0.,1.,0.,0.,1.;                                      2893P   4368
110,-15.297560814,31.384865038,0.,-15.297560814,31.384865038,       2895P   4369
6.;                                                                 2895P   4370
102,4,2879,2885,2889,2893;                                          2897P   4371
102,4,2883,2887,2891,2895;                                          2899P   4372
142,1,2877,2897,2899,1;                                             2901P   4373
144,2877,1,0,2901;                                                  2903P   4374
110,-26.697560814,19.396913326,-4.,-26.697560814,19.396913326,      2905P   4375
996.;                                                               2905P   4376
110,-21.597560814,19.396913326,0.,-21.597560814,19.396913326,       2907P   4377
6.;                                                                 2907P   4378
120,2905,2907,0.,6.28318530717959;                                  2909P   4379
126,1,1,1,0,1,0,0.,0.,1.,1.,1.,1.,1.,3.141592654,0.,1.,0.,0.,       2911P   4380
0.,1.,0.,0.,1.;                                                     2911P   4381
124,-1.,-6.98296267768627E-015,0.,-53.3951216287466,                2913P   4382
-6.98296267768627E-015,1.,-6.98296267768627E-015,                   2913P   4383
-1.43343817389768E-013,4.87617677579594E-029,                       2913P   4384
-6.98296267768627E-015,-1.,12.0000000000001;                        2913P   4385
100,6.,-26.697560814,19.396913326,-21.597560814,19.396913326,       2915P   4386
-31.797560814,19.396913326;                                         2915P   4387
126,1,1,1,0,1,0,0.,0.,1.,1.,1.,1.,1.,0.,0.,0.,0.,0.,0.,1.,0.,       2917P   4388
0.,1.;                                                              2917P   4389
110,-21.597560814,19.396913326,6.,-21.597560814,19.396913326,       2919P   4390
0.;                                                                 2919P   4391
126,1,1,1,0,1,0,0.,0.,1.,1.,1.,1.,0.,0.,0.,0.,3.141592654,0.,       2921P   4392
0.,1.,0.,0.,1.;                                                     2921P   4393
100,0.,-26.697560814,19.396913326,-21.597560814,19.396913326,       2923P   4394
-31.797560814,19.396913326;                                         2923P   4395
126,1,1,1,0,1,0,0.,0.,1.,1.,1.,1.,0.,3.141592654,0.,1.,             2925P   4396
3.141592654,0.,0.,1.,0.,0.,1.;                                      2925P   4397
110,-31.797560814,19.396913326,0.,-31.797560814,19.396913326,       2927P   4398
6.;                                                                 2927P   4399
102,4,2911,2917,2921,2925;                                          2929P   4400
102,4,2915,2919,2923,2927;                                          2931P   4401
142,1,2909,2929,2931,1;                                             2933P   4402
144,2909,1,0,2933;                                                  2935P   4403
110,-33.,0.,-4.,-33.,0.,996.;                                       2937P   4404
110,-27.9,0.,0.,-27.9,0.,6.;                                        2939P   4405
120,2937,2939,0.,6.28318530717959;                                  2941P   4406
126,1,1,1,0,1,0,0.,0.,1.,1.,1.,1.,1.,3.141592654,0.,1.,0.,0.,       2943P   4407
0.,1.,0.,0.,1.;                                                     2943P   4408
124,-1.,-6.98296267768627E-015,0.,-66.,-6.98296267768627E-015,      2945P   4409
1.,-6.98296267768627E-015,-1.88539992297529E-013,                   2945P   4410
4.87617677579594E-029,-6.98296267768627E-015,-1.,12.;               2945P   4411
100,6.,-33.,0.,-27.9,0.,-38.1,0.;                                   2947P   4412
126,1,1,1,0,1,0,0.,0.,1.,1.,1.,1.,1.,0.,0.,0.,0.,0.,0.,1.,0.,       2949P   4413
0.,1.;                                                              2949P   4414
110,-27.9,0.,6.,-27.9,0.,0.;                                        2951P   4415
126,1,1,1,0,1,0,0.,0.,1.,1.,1.,1.,0.,0.,0.,0.,3.141592654,0.,       2953P   4416
0.,1.,0.,0.,1.;                                                     2953P   4417
100,0.,-33.,0.,-27.9,0.,-38.1,0.;                                   2955P   4418
126,1,1,1,0,1,0,0.,0.,1.,1.,1.,1.,0.,3.141592654,0.,1.,             2957P   4419
3.141592654,0.,0.,1.,0.,0.,1.;                                      2957P   4420
110,-38.1,0.,0.,-38.1,0.,6.;                                        2959P   4421
102,4,2943,2949,2953,2957;                                          2961P   4422
102,4,2947,2951,2955,2959;                                          2963P   4423
142,1,2941,2961,2963,1;                                             2965P   4424
144,2941,1,0,2965;                                                  2967P   4425
110,-26.697560814,-19.396913326,-4.,-26.697560814,                  2969P   4426
-19.396913326,996.;                                                 2969P   4427
110,-21.597560814,-19.396913326,0.,-21.597560814,-19.396913326,     2971P   4428
6.;                                                                 2971P   4429
120,2969,2971,0.,6.28318530717959;                                  2973P   4430
126,1,1,1,0,1,0,0.,0.,1.,1.,1.,1.,1.,3.141592654,0.,1.,0.,0.,       2975P   4431
0.,1.,0.,0.,1.;                                                     2975P   4432
124,-1.,-6.98296267768627E-015,0.,-53.3951216287463,                2977P   4433
-6.98296267768627E-015,1.,-6.98296267768627E-015,                   2977P   4434
-1.43343817389768E-013,4.87617677579594E-029,                       2977P   4435
-6.98296267768627E-015,-1.,11.9999999999999;                        2977P   4436
100,6.,-26.697560814,-19.396913326,-21.597560814,-19.396913326,     2979P   4437
-31.797560814,-19.396913326;                                        2979P   4438
126,1,1,1,0,1,0,0.,0.,1.,1.,1.,1.,1.,0.,0.,0.,0.,0.,0.,1.,0.,       2981P   4439
0.,1.;                                                              2981P   4440
110,-21.597560814,-19.396913326,6.,-21.597560814,-19.396913326,     2983P   4441
0.;                                                                 2983P   4442
126,1,1,1,0,1,0,0.,0.,1.,1.,1.,1.,0.,0.,0.,0.,3.141592654,0.,       2985P   4443
0.,1.,0.,0.,1.;                                                     2985P   4444
100,0.,-26.697560814,-19.396913326,-21.597560814,-19.396913326,     2987P   4445
-31.797560814,-19.396913326;                                        2987P   4446
126,1,1,1,0,1,0,0.,0.,1.,1.,1.,1.,0.,3.141592654,0.,1.,             2989P   4447
3.141592654,0.,0.,1.,0.,0.,1.;                                      2989P   4448
110,-31.797560814,-19.396913326,0.,-31.797560814,-19.396913326,     2991P   4449
6.;                                                                 2991P   4450
102,4,2975,2981,2985,2989;                                          2993P   4451
102,4,2979,2983,2987,2991;                                          2995P   4452
142,1,2973,2993,2995,1;                                             2997P   4453
144,2973,1,0,2997;                                                  2999P   4454
110,-10.197560814,-31.384865038,-4.,-10.197560814,                  3001P   4455
-31.384865038,996.;                                                 3001P   4456
110,-5.097560814,-31.384865038,0.,-5.097560814,-31.384865038,       3003P   4457
6.;                                                                 3003P   4458
120,3001,3003,0.,6.28318530717959;                                  3005P   4459
126,1,1,1,0,1,0,0.,0.,1.,1.,1.,1.,1.,3.141592654,0.,1.,0.,0.,       3007P   4460
0.,1.,0.,0.,1.;                                                     3007P   4461
124,-1.,-6.98296267768627E-015,0.,-20.3951216287461,                3009P   4462
-6.98296267768627E-015,1.,-6.98296267768627E-015,                   3009P   4463
-3.08672453925437E-014,4.87617677579594E-029,                       3009P   4464
-6.98296267768627E-015,-1.,11.9999999999998;                        3009P   4465
100,6.,-10.197560814,-31.384865038,-5.097560814,-31.384865038,      3011P   4466
-15.297560814,-31.384865038;                                        3011P   4467
126,1,1,1,0,1,0,0.,0.,1.,1.,1.,1.,1.,0.,0.,0.,0.,0.,0.,1.,0.,       3013P   4468
0.,1.;                                                              3013P   4469
110,-5.097560814,-31.384865038,6.,-5.097560814,-31.384865038,       3015P   4470
0.;                                                                 3015P   4471
126,1,1,1,0,1,0,0.,0.,1.,1.,1.,1.,0.,0.,0.,0.,3.141592654,0.,       3017P   4472
0.,1.,0.,0.,1.;                                                     3017P   4473
100,0.,-10.197560814,-31.384865038,-5.097560814,-31.384865038,      3019P   4474
-15.297560814,-31.384865038;                                        3019P   4475
126,1,1,1,0,1,0,0.,0.,1.,1.,1.,1.,0.,3.141592654,0.,1.,             3021P   4476
3.141592654,0.,0.,1.,0.,0.,1.;                                      3021P   4477
110,-15.297560814,-31.384865038,0.,-15.297560814,-31.384865038,     3023P   4478
6.;                                                                 3023P   4479
102,4,3007,3013,3017,3021;                                          3025P   4480
102,4,3011,3015,3019,3023;                                          3027P   4481
142,1,3005,3025,3027,1;                                             3029P   4482
144,3005,1,0,3029;                                                  3031P   4483
110,10.197560814,-31.384865038,-4.,10.197560814,-31.384865038,      3033P   4484
996.;                                                               3033P   4485
110,15.297560814,-31.384865038,0.,15.297560814,-31.384865038,       3035P   4486
6.;                                                                 3035P   4487
120,3033,3035,0.,6.28318530717959;                                  3037P   4488
126,1,1,1,0,1,0,0.,0.,1.,1.,1.,1.,1.,3.141592654,0.,1.,0.,0.,       3039P   4489
0.,1.,0.,0.,1.;                                                     3039P   4490
124,-1.,-6.98296267768627E-015,0.,20.395121628747,                  3041P   4491
-6.98296267768627E-015,1.,-6.98296267768627E-015,                   3041P   4492
1.1519162281013E-013,4.87617677579594E-029,                         3041P   4493
-6.98296267768627E-015,-1.,11.9999999999998;                        3041P   4494
100,6.,10.197560814,-31.384865038,15.297560814,-31.384865038,       3043P   4495
5.097560814,-31.384865038;                                          3043P   4496
126,1,1,1,0,1,0,0.,0.,1.,1.,1.,1.,1.,0.,0.,0.,0.,0.,0.,1.,0.,       3045P   4497
0.,1.;                                                              3045P   4498
110,15.297560814,-31.384865038,6.,15.297560814,-31.384865038,       3047P   4499
0.;                                                                 3047P   4500
126,1,1,1,0,1,0,0.,0.,1.,1.,1.,1.,0.,0.,0.,0.,3.141592654,0.,       3049P   4501
0.,1.,0.,0.,1.;                                                     3049P   4502
100,0.,10.197560814,-31.384865038,15.297560814,-31.384865038,       3051P   4503
5.097560814,-31.384865038;                                          3051P   4504
126,1,1,1,0,1,0,0.,0.,1.,1.,1.,1.,0.,3.141592654,0.,1.,             3053P   4505
3.141592654,0.,0.,1.,0.,0.,1.;                                      3053P   4506
110,5.097560814,-31.384865038,0.,5.097560814,-31.384865038,6.;      3055P   4507
102,4,3039,3045,3049,3053;                                          3057P   4508
102,4,3043,3047,3051,3055;                                          3059P   4509
142,1,3037,3057,3059,1;                                             3061P   4510
144,3037,1,0,3061;                                                  3063P   4511
110,26.697560814,-19.396913326,-4.,26.697560814,-19.396913326,      3065P   4512
996.;                                                               3065P   4513
110,31.797560814,-19.396913326,0.,31.797560814,-19.396913326,       3067P   4514
6.;                                                                 3067P   4515
120,3065,3067,0.,6.28318530717959;                                  3069P   4516
126,1,1,1,0,1,0,0.,0.,1.,1.,1.,1.,1.,3.141592654,0.,1.,0.,0.,       3071P   4517
0.,1.,0.,0.,1.;                                                     3071P   4518
124,-1.,-6.98296267768627E-015,0.,53.3951216287469,                 3073P   4519
-6.98296267768627E-015,1.,-6.98296267768627E-015,                   3073P   4520
2.27668194807354E-013,4.87617677579594E-029,                        3073P   4521
-6.98296267768627E-015,-1.,11.9999999999999;                        3073P   4522
100,6.,26.697560814,-19.396913326,31.797560814,-19.396913326,       3075P   4523
21.597560814,-19.396913326;                                         3075P   4524
126,1,1,1,0,1,0,0.,0.,1.,1.,1.,1.,1.,0.,0.,0.,0.,0.,0.,1.,0.,       3077P   4525
0.,1.;                                                              3077P   4526
110,31.797560814,-19.396913326,6.,31.797560814,-19.396913326,       3079P   4527
0.;                                                                 3079P   4528
126,1,1,1,0,1,0,0.,0.,1.,1.,1.,1.,0.,0.,0.,0.,3.141592654,0.,       3081P   4529
0.,1.,0.,0.,1.;                                                     3081P   4530
100,0.,26.697560814,-19.396913326,31.797560814,-19.396913326,       3083P   4531
21.597560814,-19.396913326;                                         3083P   4532
126,1,1,1,0,1,0,0.,0.,1.,1.,1.,1.,0.,3.141592654,0.,1.,             3085P   4533
3.141592654,0.,0.,1.,0.,0.,1.;                                      3085P   4534
110,21.597560814,-19.396913326,0.,21.597560814,-19.396913326,       3087P   4535
6.;                                                                 3087P   4536
102,4,3071,3077,3081,3085;                                          3089P   4537
102,4,3075,3079,3083,3087;                                          3091P   4538
142,1,3069,3089,3091,1;                                             3093P   4539
144,3069,1,0,3093;                                                  3095P   4540
110,-10.005560954,10.005560954,-4.,-10.005560954,10.005560954,      3097P   4541
996.;                                                               3097P   4542
110,-4.905560954,10.005560954,0.,-4.905560954,10.005560954,6.;      3099P   4543
120,3097,3099,0.,6.28318530717959;                                  3101P   4544
126,1,1,1,0,1,0,0.,0.,1.,1.,1.,1.,1.,3.141592654,0.,1.,0.,0.,       3103P   4545
0.,1.,0.,0.,1.;                                                     3103P   4546
124,-1.,-6.98296267768627E-015,0.,-20.0111219075792,                3105P   4547
-6.98296267768627E-015,1.,-6.98296267768627E-015,                   3105P   4548
-2.81857896713909E-014,4.87617677579594E-029,                       3105P   4549
-6.98296267768627E-015,-1.,12.0000000000001;                        3105P   4550
100,6.,-10.005560954,10.005560954,-4.905560954,10.005560954,        3107P   4551
-15.105560954,10.005560954;                                         3107P   4552
126,1,1,1,0,1,0,0.,0.,1.,1.,1.,1.,1.,0.,0.,0.,0.,0.,0.,1.,0.,       3109P   4553
0.,1.;                                                              3109P   4554
110,-4.905560954,10.005560954,6.,-4.905560954,10.005560954,0.;      3111P   4555
126,1,1,1,0,1,0,0.,0.,1.,1.,1.,1.,0.,0.,0.,0.,3.141592654,0.,       3113P   4556
0.,1.,0.,0.,1.;                                                     3113P   4557
100,0.,-10.005560954,10.005560954,-4.905560954,10.005560954,        3115P   4558
-15.105560954,10.005560954;                                         3115P   4559
126,1,1,1,0,1,0,0.,0.,1.,1.,1.,1.,0.,3.141592654,0.,1.,             3117P   4560
3.141592654,0.,0.,1.,0.,0.,1.;                                      3117P   4561
110,-15.105560954,10.005560954,0.,-15.105560954,10.005560954,       3119P   4562
6.;                                                                 3119P   4563
102,4,3103,3109,3113,3117;                                          3121P   4564
102,4,3107,3111,3115,3119;                                          3123P   4565
142,1,3101,3121,3123,1;                                             3125P   4566
144,3101,1,0,3125;                                                  3127P   4567
110,-10.005560954,-10.005560954,-4.,-10.005560954,                  3129P   4568
-10.005560954,996.;                                                 3129P   4569
110,-4.905560954,-10.005560954,0.,-4.905560954,-10.005560954,       3131P   4570
6.;                                                                 3131P   4571
120,3129,3131,0.,6.28318530717959;                                  3133P   4572
126,1,1,1,0,1,0,0.,0.,1.,1.,1.,1.,1.,3.141592654,0.,1.,0.,0.,       3135P   4573
0.,1.,0.,0.,1.;                                                     3135P   4574
124,-1.,-6.98296267768627E-015,0.,-20.0111219075793,                3137P   4575
-6.98296267768627E-015,1.,-6.98296267768627E-015,                   3137P   4576
-2.81857896713928E-014,4.87617677579594E-029,                       3137P   4577
-6.98296267768627E-015,-1.,11.9999999999999;                        3137P   4578
100,6.,-10.005560954,-10.005560954,-4.905560954,-10.005560954,      3139P   4579
-15.105560954,-10.005560954;                                        3139P   4580
126,1,1,1,0,1,0,0.,0.,1.,1.,1.,1.,1.,0.,0.,0.,0.,0.,0.,1.,0.,       3141P   4581
0.,1.;                                                              3141P   4582
110,-4.905560954,-10.005560954,6.,-4.905560954,-10.005560954,       3143P   4583
0.;                                                                 3143P   4584
126,1,1,1,0,1,0,0.,0.,1.,1.,1.,1.,0.,0.,0.,0.,3.141592654,0.,       3145P   4585
0.,1.,0.,0.,1.;                                                     3145P   4586
100,0.,-10.005560954,-10.005560954,-4.905560954,-10.005560954,      3147P   4587
-15.105560954,-10.005560954;                                        3147P   4588
126,1,1,1,0,1,0,0.,0.,1.,1.,1.,1.,0.,3.141592654,0.,1.,             3149P   4589
3.141592654,0.,0.,1.,0.,0.,1.;                                      3149P   4590
110,-15.105560954,-10.005560954,0.,-15.105560954,-10.005560954,     3151P   4591
6.;                                                                 3151P   4592
102,4,3135,3141,3145,3149;                                          3153P   4593
102,4,3139,3143,3147,3151;                                          3155P   4594
142,1,3133,3153,3155,1;                                             3157P   4595
144,3133,1,0,3157;                                                  3159P   4596
110,10.005560954,-10.005560954,-4.,10.005560954,-10.005560954,      3161P   4597
996.;                                                               3161P   4598
110,15.105560954,-10.005560954,0.,15.105560954,-10.005560954,       3163P   4599
6.;                                                                 3163P   4600
120,3161,3163,0.,6.28318530717959;                                  3165P   4601
126,1,1,1,0,1,0,0.,0.,1.,1.,1.,1.,1.,3.141592654,0.,1.,0.,0.,       3167P   4602
0.,1.,0.,0.,1.;                                                     3167P   4603
124,-1.,-6.98296267768627E-015,0.,20.0111219075792,                 3169P   4604
-6.98296267768627E-015,1.,-6.98296267768627E-015,                   3169P   4605
1.12510167088975E-013,4.87617677579594E-029,                        3169P   4606
-6.98296267768627E-015,-1.,11.9999999999999;                        3169P   4607
100,6.,10.005560954,-10.005560954,15.105560954,-10.005560954,       3171P   4608
4.905560954,-10.005560954;                                          3171P   4609
126,1,1,1,0,1,0,0.,0.,1.,1.,1.,1.,1.,0.,0.,0.,0.,0.,0.,1.,0.,       3173P   4610
0.,1.;                                                              3173P   4611
110,15.105560954,-10.005560954,6.,15.105560954,-10.005560954,       3175P   4612
0.;                                                                 3175P   4613
126,1,1,1,0,1,0,0.,0.,1.,1.,1.,1.,0.,0.,0.,0.,3.141592654,0.,       3177P   4614
0.,1.,0.,0.,1.;                                                     3177P   4615
100,0.,10.005560954,-10.005560954,15.105560954,-10.005560954,       3179P   4616
4.905560954,-10.005560954;                                          3179P   4617
126,1,1,1,0,1,0,0.,0.,1.,1.,1.,1.,0.,3.141592654,0.,1.,             3181P   4618
3.141592654,0.,0.,1.,0.,0.,1.;                                      3181P   4619
110,4.905560954,-10.005560954,0.,4.905560954,-10.005560954,6.;      3183P   4620
102,4,3167,3173,3177,3181;                                          3185P   4621
102,4,3171,3175,3179,3183;                                          3187P   4622
142,1,3165,3185,3187,1;                                             3189P   4623
144,3165,1,0,3189;                                                  3191P   4624
110,10.005560954,10.005560954,-4.,10.005560954,10.005560954,        3193P   4625
996.;                                                               3193P   4626
110,15.105560954,10.005560954,0.,15.105560954,10.005560954,6.;      3195P   4627
120,3193,3195,0.,6.28318530717959;                                  3197P   4628
126,1,1,1,0,1,0,0.,0.,1.,1.,1.,1.,1.,3.141592654,0.,1.,0.,0.,       3199P   4629
0.,1.,0.,0.,1.;                                                     3199P   4630
124,-1.,-6.98296267768627E-015,0.,20.0111219075792,                 3201P   4631
-6.98296267768627E-015,1.,-6.98296267768627E-015,                   3201P   4632
1.12510167088976E-013,4.87617677579594E-029,                        3201P   4633
-6.98296267768627E-015,-1.,12.0000000000001;                        3201P   4634
100,6.,10.005560954,10.005560954,15.105560954,10.005560954,         3203P   4635
4.905560954,10.005560954;                                           3203P   4636
126,1,1,1,0,1,0,0.,0.,1.,1.,1.,1.,1.,0.,0.,0.,0.,0.,0.,1.,0.,       3205P   4637
0.,1.;                                                              3205P   4638
110,15.105560954,10.005560954,6.,15.105560954,10.005560954,0.;      3207P   4639
126,1,1,1,0,1,0,0.,0.,1.,1.,1.,1.,0.,0.,0.,0.,3.141592654,0.,       3209P   4640
0.,1.,0.,0.,1.;                                                     3209P   4641
100,0.,10.005560954,10.005560954,15.105560954,10.005560954,         3211P   4642
4.905560954,10.005560954;                                           3211P   4643
126,1,1,1,0,1,0,0.,0.,1.,1.,1.,1.,0.,3.141592654,0.,1.,             3213P   4644
3.141592654,0.,0.,1.,0.,0.,1.;                                      3213P   4645
110,4.905560954,10.005560954,0.,4.905560954,10.005560954,6.;        3215P   4646
102,4,3199,3205,3209,3213;                                          3217P   4647
102,4,3203,3207,3211,3215;                                          3219P   4648
142,1,3197,3217,3219,1;                                             3221P   4649
144,3197,1,0,3221;                                                  3223P   4650
S      1G      5D   3224P   4650                                        T      1
