SolidWorks IGES file using analytic representation for surfaces         S      1
1H,,1H;,26HLOW-LIGHT-HD-USB-CAMERA-R1,98HC:\Users\Adam\Dropbox\BR-EngineG      1
ering\Models\CAMTILT-X4\CAMERA PARTS\LOW-LIGHT-HD-USB-CAMERA-R1.IGS,15HSG      2
olidWorks 2016,15HSolidWorks 2016,32,308,15,308,15,26HLOW-LIGHT-HD-USB-CG      3
AMERA-R1,1.,2,2HMM,50,0.125,13H170828.153456,1E-008,499990.,4HAdam,,11, G      4
0,13H170828.153456;                                                     G      5
     314       1       0       0       0                        00000200D      1
     314       0       1       1       0                               0D      2
     314       2       0       0       0                        00000200D      3
     314       0       3       1       0                               0D      4
     110       3       0       0       0                        01010000D      5
     110       0       0       1       0                               0D      6
     110       4       0       0       0                        01010000D      7
     110       0       0       1       0                               0D      8
     120       5       0       0       0                        01010000D      9
     120       0       0       1       0                               0D     10
     126       6       0       0       0                        01010500D     11
     126       0       0       2       0                               0D     12
     100       8       0       0       0                        01010000D     13
     100       0       0       1       0                               0D     14
     126       9       0       0       0                        01010500D     15
     126       0       0       2       0                               0D     16
     110      11       0       0       0                        01010000D     17
     110       0       0       1       0                               0D     18
     126      12       0       0       0                        01010500D     19
     126       0       0       2       0                               0D     20
     124      14       0       0       0                        00000000D     21
     124       0       0       4       0                               0D     22
     100      18       0       0       0              21        01010000D     23
     100       0       0       1       0                               0D     24
     126      19       0       0       0                        01010500D     25
     126       0       0       2       0                               0D     26
     110      21       0       0       0                        01010000D     27
     110       0       0       1       0                               0D     28
     102      22       0       0       0                        01010500D     29
     102       0       0       1       0                               0D     30
     102      23       0       0       0                        01010000D     31
     102       0       0       1       0                               0D     32
     142      24       0       0       0                        00010500D     33
     142       0       0       1       0                               0D     34
     144      25       0       0       0                        00000000D     35
     144       0      -3       1       0                               0D     36
     314      26       0       0       0                        00000200D     37
     314       0       3       1       0                               0D     38
     110      27       0       0       0                        01010000D     39
     110       0       0       1       0                               0D     40
     110      28       0       0       0                        01010000D     41
     110       0       0       1       0                               0D     42
     120      29       0       0       0                        01010000D     43
     120       0       0       1       0                               0D     44
     126      30       0       0       0                        01010500D     45
     126       0       0       2       0                               0D     46
     110      32       0       0       0                        01010000D     47
     110       0       0       1       0                               0D     48
     126      33       0       0       0                        01010500D     49
     126       0       0       2       0                               0D     50
     100      35       0       0       0                        01010000D     51
     100       0       0       1       0                               0D     52
     126      36       0       0       0                        01010500D     53
     126       0       0       2       0                               0D     54
     110      38       0       0       0                        01010000D     55
     110       0       0       1       0                               0D     56
     126      39       0       0       0                        01010500D     57
     126       0       0       2       0                               0D     58
     124      41       0       0       0                        00000000D     59
     124       0       0       4       0                               0D     60
     100      45       0       0       0              59        01010000D     61
     100       0       0       1       0                               0D     62
     102      46       0       0       0                        01010500D     63
     102       0       0       1       0                               0D     64
     102      47       0       0       0                        01010000D     65
     102       0       0       1       0                               0D     66
     142      48       0       0       0                        00010500D     67
     142       0       0       1       0                               0D     68
     144      49       0       0       0                        00000000D     69
     144       0     -37       1       0                               0D     70
     314      50       0       0       0                        00000200D     71
     314       0       3       1       0                               0D     72
     128      51       0       0       0                        01010000D     73
     128       0       0       3       0                               0D     74
     126      54       0       0       0                        01010500D     75
     126       0       0      22       0                               0D     76
     100      76       0       0       0                        01010000D     77
     100       0       0       1       0                               0D     78
     126      77       0       0       0                        01010500D     79
     126       0       0      22       0                               0D     80
     100      99       0       0       0                        01010000D     81
     100       0       0       1       0                               0D     82
     102     100       0       0       0                        01010500D     83
     102       0       0       1       0                               0D     84
     102     101       0       0       0                        01010000D     85
     102       0       0       1       0                               0D     86
     142     102       0       0       0                        00010500D     87
     142       0       0       1       0                               0D     88
     144     103       0       0       0                        00000000D     89
     144       0     -71       1       0                               0D     90
     314     104       0       0       0                        00000200D     91
     314       0       3       1       0                               0D     92
     128     105       0       0       0                        01010000D     93
     128       0       0       3       0                               0D     94
     126     108       0       0       0                        01010500D     95
     126       0       0      22       0                               0D     96
     100     130       0       0       0                        01010000D     97
     100       0       0       1       0                               0D     98
     126     131       0       0       0                        01010500D     99
     126       0       0      22       0                               0D    100
     100     153       0       0       0                        01010000D    101
     100       0       0       1       0                               0D    102
     102     154       0       0       0                        01010500D    103
     102       0       0       1       0                               0D    104
     102     155       0       0       0                        01010000D    105
     102       0       0       1       0                               0D    106
     142     156       0       0       0                        00010500D    107
     142       0       0       1       0                               0D    108
     144     157       0       0       0                        00000000D    109
     144       0     -91       1       0                               0D    110
     314     158       0       0       0                        00000200D    111
     314       0       3       1       0                               0D    112
     110     159       0       0       0                        01010000D    113
     110       0       0       1       0                               0D    114
     110     160       0       0       0                        01010000D    115
     110       0       0       1       0                               0D    116
     120     161       0       0       0                        01010000D    117
     120       0       0       1       0                               0D    118
     126     162       0       0       0                        01010500D    119
     126       0       0       2       0                               0D    120
     124     164       0       0       0                        00000000D    121
     124       0       0       4       0                               0D    122
     100     168       0       0       0             121        01010000D    123
     100       0       0       1       0                               0D    124
     126     169       0       0       0                        01010500D    125
     126       0       0       2       0                               0D    126
     110     171       0       0       0                        01010000D    127
     110       0       0       1       0                               0D    128
     126     172       0       0       0                        01010500D    129
     126       0       0       2       0                               0D    130
     124     174       0       0       0                        00000000D    131
     124       0       0       3       0                               0D    132
     100     177       0       0       0             131        01010000D    133
     100       0       0       1       0                               0D    134
     126     178       0       0       0                        01010500D    135
     126       0       0       2       0                               0D    136
     110     180       0       0       0                        01010000D    137
     110       0       0       1       0                               0D    138
     102     181       0       0       0                        01010500D    139
     102       0       0       1       0                               0D    140
     102     182       0       0       0                        01010000D    141
     102       0       0       1       0                               0D    142
     142     183       0       0       0                        00010500D    143
     142       0       0       1       0                               0D    144
     144     184       0       0       1                        00000000D    145
     144       0    -111       1       0                               0D    146
     314     185       0       0       0                        00000200D    147
     314       0       3       1       0                               0D    148
     110     186       0       0       0                        01010000D    149
     110       0       0       1       0                               0D    150
     110     187       0       0       0                        01010000D    151
     110       0       0       1       0                               0D    152
     120     188       0       0       0                        01010000D    153
     120       0       0       1       0                               0D    154
     126     189       0       0       0                        01010500D    155
     126       0       0       2       0                               0D    156
     124     191       0       0       0                        00000000D    157
     124       0       0       4       0                               0D    158
     100     195       0       0       0             157        01010000D    159
     100       0       0       1       0                               0D    160
     126     196       0       0       0                        01010500D    161
     126       0       0       2       0                               0D    162
     110     198       0       0       0                        01010000D    163
     110       0       0       1       0                               0D    164
     126     199       0       0       0                        01010500D    165
     126       0       0       2       0                               0D    166
     124     201       0       0       0                        00000000D    167
     124       0       0       3       0                               0D    168
     100     204       0       0       0             167        01010000D    169
     100       0       0       1       0                               0D    170
     126     205       0       0       0                        01010500D    171
     126       0       0       2       0                               0D    172
     110     207       0       0       0                        01010000D    173
     110       0       0       1       0                               0D    174
     102     208       0       0       0                        01010500D    175
     102       0       0       1       0                               0D    176
     102     209       0       0       0                        01010000D    177
     102       0       0       1       0                               0D    178
     142     210       0       0       0                        00010500D    179
     142       0       0       1       0                               0D    180
     144     211       0       0       1                        00000000D    181
     144       0    -147       1       0                               0D    182
     314     212       0       0       0                        00000200D    183
     314       0       3       1       0                               0D    184
     110     213       0       0       0                        01010000D    185
     110       0       0       1       0                               0D    186
     110     214       0       0       0                        01010000D    187
     110       0       0       1       0                               0D    188
     120     215       0       0       0                        01010000D    189
     120       0       0       1       0                               0D    190
     126     216       0       0       0                        01010500D    191
     126       0       0       2       0                               0D    192
     124     218       0       0       0                        00000000D    193
     124       0       0       4       0                               0D    194
     100     222       0       0       0             193        01010000D    195
     100       0       0       1       0                               0D    196
     126     223       0       0       0                        01010500D    197
     126       0       0       2       0                               0D    198
     110     225       0       0       0                        01010000D    199
     110       0       0       1       0                               0D    200
     126     226       0       0       0                        01010500D    201
     126       0       0       2       0                               0D    202
     124     228       0       0       0                        00000000D    203
     124       0       0       3       0                               0D    204
     100     231       0       0       0             203        01010000D    205
     100       0       0       1       0                               0D    206
     126     232       0       0       0                        01010500D    207
     126       0       0       2       0                               0D    208
     110     234       0       0       0                        01010000D    209
     110       0       0       1       0                               0D    210
     102     235       0       0       0                        01010500D    211
     102       0       0       1       0                               0D    212
     102     236       0       0       0                        01010000D    213
     102       0       0       1       0                               0D    214
     142     237       0       0       0                        00010500D    215
     142       0       0       1       0                               0D    216
     144     238       0       0       1                        00000000D    217
     144       0    -183       1       0                               0D    218
     110     239       0       0       0                        01010000D    219
     110       0       0       1       0                               0D    220
     110     240       0       0       0                        01010000D    221
     110       0       0       1       0                               0D    222
     120     241       0       0       0                        01010000D    223
     120       0       0       1       0                               0D    224
     126     242       0       0       0                        01010500D    225
     126       0       0       2       0                               0D    226
     110     244       0       0       0                        01010000D    227
     110       0       0       1       0                               0D    228
     126     245       0       0       0                        01010500D    229
     126       0       0       2       0                               0D    230
     124     247       0       0       0                        00000000D    231
     124       0       0       3       0                               0D    232
     100     250       0       0       0             231        01010000D    233
     100       0       0       1       0                               0D    234
     126     251       0       0       0                        01010500D    235
     126       0       0       2       0                               0D    236
     110     253       0       0       0                        01010000D    237
     110       0       0       1       0                               0D    238
     126     254       0       0       0                        01010500D    239
     126       0       0       2       0                               0D    240
     124     256       0       0       0                        00000000D    241
     124       0       0       3       0                               0D    242
     100     259       0       0       0             241        01010000D    243
     100       0       0       1       0                               0D    244
     102     260       0       0       0                        01010500D    245
     102       0       0       1       0                               0D    246
     102     261       0       0       0                        01010000D    247
     102       0       0       1       0                               0D    248
     142     262       0       0       0                        00010500D    249
     142       0       0       1       0                               0D    250
     144     263       0       0       1                        00000000D    251
     144       0      -1       1       0                               0D    252
     110     264       0       0       0                        01010000D    253
     110       0       0       1       0                               0D    254
     110     265       0       0       0                        01010000D    255
     110       0       0       1       0                               0D    256
     120     266       0       0       0                        01010000D    257
     120       0       0       1       0                               0D    258
     126     267       0       0       0                        01010500D    259
     126       0       0       2       0                               0D    260
     110     269       0       0       0                        01010000D    261
     110       0       0       1       0                               0D    262
     126     270       0       0       0                        01010500D    263
     126       0       0       2       0                               0D    264
     124     272       0       0       0                        00000000D    265
     124       0       0       3       0                               0D    266
     100     275       0       0       0             265        01010000D    267
     100       0       0       1       0                               0D    268
     126     276       0       0       0                        01010500D    269
     126       0       0       2       0                               0D    270
     110     278       0       0       0                        01010000D    271
     110       0       0       1       0                               0D    272
     126     279       0       0       0                        01010500D    273
     126       0       0       2       0                               0D    274
     124     281       0       0       0                        00000000D    275
     124       0       0       3       0                               0D    276
     100     284       0       0       0             275        01010000D    277
     100       0       0       1       0                               0D    278
     102     285       0       0       0                        01010500D    279
     102       0       0       1       0                               0D    280
     102     286       0       0       0                        01010000D    281
     102       0       0       1       0                               0D    282
     142     287       0       0       0                        00010500D    283
     142       0       0       1       0                               0D    284
     144     288       0       0       1                        00000000D    285
     144       0      -1       1       0                               0D    286
     110     289       0       0       0                        01010000D    287
     110       0       0       1       0                               0D    288
     110     290       0       0       0                        01010000D    289
     110       0       0       1       0                               0D    290
     120     291       0       0       0                        01010000D    291
     120       0       0       1       0                               0D    292
     126     292       0       0       0                        01010500D    293
     126       0       0       2       0                               0D    294
     110     294       0       0       0                        01010000D    295
     110       0       0       1       0                               0D    296
     126     295       0       0       0                        01010500D    297
     126       0       0       2       0                               0D    298
     124     297       0       0       0                        00000000D    299
     124       0       0       3       0                               0D    300
     100     300       0       0       0             299        01010000D    301
     100       0       0       1       0                               0D    302
     126     301       0       0       0                        01010500D    303
     126       0       0       2       0                               0D    304
     110     303       0       0       0                        01010000D    305
     110       0       0       1       0                               0D    306
     126     304       0       0       0                        01010500D    307
     126       0       0       2       0                               0D    308
     124     306       0       0       0                        00000000D    309
     124       0       0       3       0                               0D    310
     100     309       0       0       0             309        01010000D    311
     100       0       0       1       0                               0D    312
     102     310       0       0       0                        01010500D    313
     102       0       0       1       0                               0D    314
     102     311       0       0       0                        01010000D    315
     102       0       0       1       0                               0D    316
     142     312       0       0       0                        00010500D    317
     142       0       0       1       0                               0D    318
     144     313       0       0       1                        00000000D    319
     144       0      -1       1       0                               0D    320
     110     314       0       0       0                        01010000D    321
     110       0       0       1       0                               0D    322
     110     315       0       0       0                        01010000D    323
     110       0       0       1       0                               0D    324
     120     316       0       0       0                        01010000D    325
     120       0       0       1       0                               0D    326
     126     317       0       0       0                        01010500D    327
     126       0       0       2       0                               0D    328
     110     319       0       0       0                        01010000D    329
     110       0       0       1       0                               0D    330
     126     320       0       0       0                        01010500D    331
     126       0       0       2       0                               0D    332
     124     322       0       0       0                        00000000D    333
     124       0       0       3       0                               0D    334
     100     325       0       0       0             333        01010000D    335
     100       0       0       1       0                               0D    336
     126     326       0       0       0                        01010500D    337
     126       0       0       2       0                               0D    338
     110     328       0       0       0                        01010000D    339
     110       0       0       1       0                               0D    340
     126     329       0       0       0                        01010500D    341
     126       0       0       2       0                               0D    342
     124     331       0       0       0                        00000000D    343
     124       0       0       3       0                               0D    344
     100     334       0       0       0             343        01010000D    345
     100       0       0       1       0                               0D    346
     102     335       0       0       0                        01010500D    347
     102       0       0       1       0                               0D    348
     102     336       0       0       0                        01010000D    349
     102       0       0       1       0                               0D    350
     142     337       0       0       0                        00010500D    351
     142       0       0       1       0                               0D    352
     144     338       0       0       1                        00000000D    353
     144       0      -1       1       0                               0D    354
     128     339       0       0       0                        01010000D    355
     128       0       0       2       0                               0D    356
     126     341       0       0       0                        01010500D    357
     126       0       0       2       0                               0D    358
     110     343       0       0       0                        01010000D    359
     110       0       0       1       0                               0D    360
     126     344       0       0       0                        01010500D    361
     126       0       0       2       0                               0D    362
     110     346       0       0       0                        01010000D    363
     110       0       0       1       0                               0D    364
     126     347       0       0       0                        01010500D    365
     126       0       0       2       0                               0D    366
     110     349       0       0       0                        01010000D    367
     110       0       0       1       0                               0D    368
     126     350       0       0       0                        01010500D    369
     126       0       0       2       0                               0D    370
     110     352       0       0       0                        01010000D    371
     110       0       0       1       0                               0D    372
     102     353       0       0       0                        01010500D    373
     102       0       0       1       0                               0D    374
     102     354       0       0       0                        01010000D    375
     102       0       0       1       0                               0D    376
     142     355       0       0       0                        00010500D    377
     142       0       0       1       0                               0D    378
     126     356       0       0       0                        01010500D    379
     126       0       0      21       0                               0D    380
     124     377       0       0       0                        00000000D    381
     124       0       0       3       0                               0D    382
     100     380       0       0       0             381        01010000D    383
     100       0       0       1       0                               0D    384
     126     381       0       0       0                        01010500D    385
     126       0       0      21       0                               0D    386
     124     402       0       0       0                        00000000D    387
     124       0       0       3       0                               0D    388
     100     405       0       0       0             387        01010000D    389
     100       0       0       1       0                               0D    390
     102     406       0       0       0                        01010500D    391
     102       0       0       1       0                               0D    392
     102     407       0       0       0                        01010000D    393
     102       0       0       1       0                               0D    394
     142     408       0       0       0                        00010500D    395
     142       0       0       1       0                               0D    396
     126     409       0       0       0                        01010500D    397
     126       0       0      21       0                               0D    398
     124     430       0       0       0                        00000000D    399
     124       0       0       3       0                               0D    400
     100     433       0       0       0             399        01010000D    401
     100       0       0       1       0                               0D    402
     126     434       0       0       0                        01010500D    403
     126       0       0      21       0                               0D    404
     124     455       0       0       0                        00000000D    405
     124       0       0       3       0                               0D    406
     100     458       0       0       0             405        01010000D    407
     100       0       0       1       0                               0D    408
     102     459       0       0       0                        01010500D    409
     102       0       0       1       0                               0D    410
     102     460       0       0       0                        01010000D    411
     102       0       0       1       0                               0D    412
     142     461       0       0       0                        00010500D    413
     142       0       0       1       0                               0D    414
     126     462       0       0       0                        01010500D    415
     126       0       0      21       0                               0D    416
     124     483       0       0       0                        00000000D    417
     124       0       0       3       0                               0D    418
     100     486       0       0       0             417        01010000D    419
     100       0       0       1       0                               0D    420
     126     487       0       0       0                        01010500D    421
     126       0       0      21       0                               0D    422
     124     508       0       0       0                        00000000D    423
     124       0       0       3       0                               0D    424
     100     511       0       0       0             423        01010000D    425
     100       0       0       1       0                               0D    426
     102     512       0       0       0                        01010500D    427
     102       0       0       1       0                               0D    428
     102     513       0       0       0                        01010000D    429
     102       0       0       1       0                               0D    430
     142     514       0       0       0                        00010500D    431
     142       0       0       1       0                               0D    432
     126     515       0       0       0                        01010500D    433
     126       0       0      21       0                               0D    434
     124     536       0       0       0                        00000000D    435
     124       0       0       3       0                               0D    436
     100     539       0       0       0             435        01010000D    437
     100       0       0       1       0                               0D    438
     126     540       0       0       0                        01010500D    439
     126       0       0      21       0                               0D    440
     124     561       0       0       0                        00000000D    441
     124       0       0       3       0                               0D    442
     100     564       0       0       0             441        01010000D    443
     100       0       0       1       0                               0D    444
     102     565       0       0       0                        01010500D    445
     102       0       0       1       0                               0D    446
     102     566       0       0       0                        01010000D    447
     102       0       0       1       0                               0D    448
     142     567       0       0       0                        00010500D    449
     142       0       0       1       0                               0D    450
     126     568       0       0       0                        01010500D    451
     126       0       0       2       0                               0D    452
     110     570       0       0       0                        01010000D    453
     110       0       0       1       0                               0D    454
     126     571       0       0       0                        01010500D    455
     126       0       0       2       0                               0D    456
     110     573       0       0       0                        01010000D    457
     110       0       0       1       0                               0D    458
     126     574       0       0       0                        01010500D    459
     126       0       0       2       0                               0D    460
     110     576       0       0       0                        01010000D    461
     110       0       0       1       0                               0D    462
     126     577       0       0       0                        01010500D    463
     126       0       0       2       0                               0D    464
     110     579       0       0       0                        01010000D    465
     110       0       0       1       0                               0D    466
     102     580       0       0       0                        01010500D    467
     102       0       0       1       0                               0D    468
     102     581       0       0       0                        01010000D    469
     102       0       0       1       0                               0D    470
     142     582       0       0       0                        00010500D    471
     142       0       0       1       0                               0D    472
     144     583       0       0       1                        00000000D    473
     144       0      -1       1       0                               0D    474
     128     584       0       0       0                        01010000D    475
     128       0       0       2       0                               0D    476
     126     586       0       0       0                        01010500D    477
     126       0       0       2       0                               0D    478
     110     588       0       0       0                        01010000D    479
     110       0       0       1       0                               0D    480
     126     589       0       0       0                        01010500D    481
     126       0       0       2       0                               0D    482
     110     591       0       0       0                        01010000D    483
     110       0       0       1       0                               0D    484
     126     592       0       0       0                        01010500D    485
     126       0       0       2       0                               0D    486
     110     594       0       0       0                        01010000D    487
     110       0       0       1       0                               0D    488
     126     595       0       0       0                        01010500D    489
     126       0       0       2       0                               0D    490
     110     597       0       0       0                        01010000D    491
     110       0       0       1       0                               0D    492
     102     598       0       0       0                        01010500D    493
     102       0       0       1       0                               0D    494
     102     599       0       0       0                        01010000D    495
     102       0       0       1       0                               0D    496
     142     600       0       0       0                        00010500D    497
     142       0       0       1       0                               0D    498
     126     601       0       0       0                        01010500D    499
     126       0       0       2       0                               0D    500
     110     603       0       0       0                        01010000D    501
     110       0       0       1       0                               0D    502
     126     604       0       0       0                        01010500D    503
     126       0       0       2       0                               0D    504
     110     606       0       0       0                        01010000D    505
     110       0       0       1       0                               0D    506
     126     607       0       0       0                        01010500D    507
     126       0       0       2       0                               0D    508
     110     609       0       0       0                        01010000D    509
     110       0       0       1       0                               0D    510
     126     610       0       0       0                        01010500D    511
     126       0       0       2       0                               0D    512
     110     612       0       0       0                        01010000D    513
     110       0       0       1       0                               0D    514
     126     613       0       0       0                        01010500D    515
     126       0       0      21       0                               0D    516
     124     634       0       0       0                        00000000D    517
     124       0       0       3       0                               0D    518
     100     637       0       0       0             517        01010000D    519
     100       0       0       1       0                               0D    520
     126     638       0       0       0                        01010500D    521
     126       0       0       2       0                               0D    522
     110     640       0       0       0                        01010000D    523
     110       0       0       1       0                               0D    524
     126     641       0       0       0                        01010500D    525
     126       0       0       2       0                               0D    526
     110     643       0       0       0                        01010000D    527
     110       0       0       1       0                               0D    528
     126     644       0       0       0                        01010500D    529
     126       0       0       2       0                               0D    530
     110     646       0       0       0                        01010000D    531
     110       0       0       1       0                               0D    532
     126     647       0       0       0                        01010500D    533
     126       0       0       2       0                               0D    534
     110     649       0       0       0                        01010000D    535
     110       0       0       1       0                               0D    536
     126     650       0       0       0                        01010500D    537
     126       0       0       2       0                               0D    538
     110     652       0       0       0                        01010000D    539
     110       0       0       1       0                               0D    540
     126     653       0       0       0                        01010500D    541
     126       0       0      21       0                               0D    542
     124     674       0       0       0                        00000000D    543
     124       0       0       3       0                               0D    544
     100     677       0       0       0             543        01010000D    545
     100       0       0       1       0                               0D    546
     126     678       0       0       0                        01010500D    547
     126       0       0       2       0                               0D    548
     110     680       0       0       0                        01010000D    549
     110       0       0       1       0                               0D    550
     102     681       0       0       0                        01010500D    551
     102       0       0       1       0                               0D    552
     102     682       0       0       0                        01010000D    553
     102       0       0       1       0                               0D    554
     142     683       0       0       0                        00010500D    555
     142       0       0       1       0                               0D    556
     126     684       0       0       0                        01010500D    557
     126       0       0      21       0                               0D    558
     124     705       0       0       0                        00000000D    559
     124       0       0       3       0                               0D    560
     100     708       0       0       0             559        01010000D    561
     100       0       0       1       0                               0D    562
     126     709       0       0       0                        01010500D    563
     126       0       0      21       0                               0D    564
     124     730       0       0       0                        00000000D    565
     124       0       0       3       0                               0D    566
     100     733       0       0       0             565        01010000D    567
     100       0       0       1       0                               0D    568
     102     734       0       0       0                        01010500D    569
     102       0       0       1       0                               0D    570
     102     735       0       0       0                        01010000D    571
     102       0       0       1       0                               0D    572
     142     736       0       0       0                        00010500D    573
     142       0       0       1       0                               0D    574
     126     737       0       0       0                        01010500D    575
     126       0       0      21       0                               0D    576
     124     758       0       0       0                        00000000D    577
     124       0       0       3       0                               0D    578
     100     761       0       0       0             577        01010000D    579
     100       0       0       1       0                               0D    580
     126     762       0       0       0                        01010500D    581
     126       0       0      21       0                               0D    582
     124     783       0       0       0                        00000000D    583
     124       0       0       3       0                               0D    584
     100     786       0       0       0             583        01010000D    585
     100       0       0       1       0                               0D    586
     102     787       0       0       0                        01010500D    587
     102       0       0       1       0                               0D    588
     102     788       0       0       0                        01010000D    589
     102       0       0       1       0                               0D    590
     142     789       0       0       0                        00010500D    591
     142       0       0       1       0                               0D    592
     126     790       0       0       0                        01010500D    593
     126       0       0      21       0                               0D    594
     124     811       0       0       0                        00000000D    595
     124       0       0       3       0                               0D    596
     100     814       0       0       0             595        01010000D    597
     100       0       0       1       0                               0D    598
     126     815       0       0       0                        01010500D    599
     126       0       0      21       0                               0D    600
     124     836       0       0       0                        00000000D    601
     124       0       0       3       0                               0D    602
     100     839       0       0       0             601        01010000D    603
     100       0       0       1       0                               0D    604
     102     840       0       0       0                        01010500D    605
     102       0       0       1       0                               0D    606
     102     841       0       0       0                        01010000D    607
     102       0       0       1       0                               0D    608
     142     842       0       0       0                        00010500D    609
     142       0       0       1       0                               0D    610
     126     843       0       0       0                        01010500D    611
     126       0       0      21       0                               0D    612
     124     864       0       0       0                        00000000D    613
     124       0       0       3       0                               0D    614
     100     867       0       0       0             613        01010000D    615
     100       0       0       1       0                               0D    616
     126     868       0       0       0                        01010500D    617
     126       0       0      21       0                               0D    618
     124     889       0       0       0                        00000000D    619
     124       0       0       3       0                               0D    620
     100     892       0       0       0             619        01010000D    621
     100       0       0       1       0                               0D    622
     102     893       0       0       0                        01010500D    623
     102       0       0       1       0                               0D    624
     102     894       0       0       0                        01010000D    625
     102       0       0       1       0                               0D    626
     142     895       0       0       0                        00010500D    627
     142       0       0       1       0                               0D    628
     126     896       0       0       0                        01010500D    629
     126       0       0       2       0                               0D    630
     110     898       0       0       0                        01010000D    631
     110       0       0       1       0                               0D    632
     126     899       0       0       0                        01010500D    633
     126       0       0       2       0                               0D    634
     110     901       0       0       0                        01010000D    635
     110       0       0       1       0                               0D    636
     126     902       0       0       0                        01010500D    637
     126       0       0       2       0                               0D    638
     110     904       0       0       0                        01010000D    639
     110       0       0       1       0                               0D    640
     126     905       0       0       0                        01010500D    641
     126       0       0       2       0                               0D    642
     110     907       0       0       0                        01010000D    643
     110       0       0       1       0                               0D    644
     102     908       0       0       0                        01010500D    645
     102       0       0       1       0                               0D    646
     102     909       0       0       0                        01010000D    647
     102       0       0       1       0                               0D    648
     142     910       0       0       0                        00010500D    649
     142       0       0       1       0                               0D    650
     144     911       0       0       1                        00000000D    651
     144       0      -1       1       0                               0D    652
     314     912       0       0       0                        00000200D    653
     314       0       3       1       0                               0D    654
     128     913       0       0       0                        01010000D    655
     128       0       0       2       0                               0D    656
     126     915       0       0       0                        01010500D    657
     126       0       0       2       0                               0D    658
     110     917       0       0       0                        01010000D    659
     110       0       0       1       0                               0D    660
     126     918       0       0       0                        01010500D    661
     126       0       0       2       0                               0D    662
     110     920       0       0       0                        01010000D    663
     110       0       0       1       0                               0D    664
     126     921       0       0       0                        01010500D    665
     126       0       0       2       0                               0D    666
     110     923       0       0       0                        01010000D    667
     110       0       0       1       0                               0D    668
     126     924       0       0       0                        01010500D    669
     126       0       0       2       0                               0D    670
     110     926       0       0       0                        01010000D    671
     110       0       0       1       0                               0D    672
     126     927       0       0       0                        01010500D    673
     126       0       0       2       0                               0D    674
     110     929       0       0       0                        01010000D    675
     110       0       0       1       0                               0D    676
     126     930       0       0       0                        01010500D    677
     126       0       0       2       0                               0D    678
     110     932       0       0       0                        01010000D    679
     110       0       0       1       0                               0D    680
     126     933       0       0       0                        01010500D    681
     126       0       0       2       0                               0D    682
     110     935       0       0       0                        01010000D    683
     110       0       0       1       0                               0D    684
     126     936       0       0       0                        01010500D    685
     126       0       0       2       0                               0D    686
     110     938       0       0       0                        01010000D    687
     110       0       0       1       0                               0D    688
     102     939       0       0       0                        01010500D    689
     102       0       0       1       0                               0D    690
     102     940       0       0       0                        01010000D    691
     102       0       0       1       0                               0D    692
     142     941       0       0       0                        00010500D    693
     142       0       0       1       0                               0D    694
     144     942       0       0       1                        00000000D    695
     144       0    -653       1       0                               0D    696
     314     943       0       0       0                        00000200D    697
     314       0       3       1       0                               0D    698
     128     944       0       0       0                        01010000D    699
     128       0       0       2       0                               0D    700
     126     946       0       0       0                        01010500D    701
     126       0       0       2       0                               0D    702
     110     948       0       0       0                        01010000D    703
     110       0       0       1       0                               0D    704
     126     949       0       0       0                        01010500D    705
     126       0       0       2       0                               0D    706
     110     951       0       0       0                        01010000D    707
     110       0       0       1       0                               0D    708
     126     952       0       0       0                        01010500D    709
     126       0       0       2       0                               0D    710
     110     954       0       0       0                        01010000D    711
     110       0       0       1       0                               0D    712
     126     955       0       0       0                        01010500D    713
     126       0       0       2       0                               0D    714
     110     957       0       0       0                        01010000D    715
     110       0       0       1       0                               0D    716
     126     958       0       0       0                        01010500D    717
     126       0       0       2       0                               0D    718
     110     960       0       0       0                        01010000D    719
     110       0       0       1       0                               0D    720
     126     961       0       0       0                        01010500D    721
     126       0       0       2       0                               0D    722
     110     963       0       0       0                        01010000D    723
     110       0       0       1       0                               0D    724
     126     964       0       0       0                        01010500D    725
     126       0       0       2       0                               0D    726
     110     966       0       0       0                        01010000D    727
     110       0       0       1       0                               0D    728
     126     967       0       0       0                        01010500D    729
     126       0       0       2       0                               0D    730
     110     969       0       0       0                        01010000D    731
     110       0       0       1       0                               0D    732
     102     970       0       0       0                        01010500D    733
     102       0       0       1       0                               0D    734
     102     971       0       0       0                        01010000D    735
     102       0       0       1       0                               0D    736
     142     972       0       0       0                        00010500D    737
     142       0       0       1       0                               0D    738
     144     973       0       0       1                        00000000D    739
     144       0    -697       1       0                               0D    740
     314     974       0       0       0                        00000200D    741
     314       0       3       1       0                               0D    742
     128     975       0       0       0                        01010000D    743
     128       0       0       3       0                               0D    744
     126     978       0       0       0                        01010500D    745
     126       0       0      22       0                               0D    746
     124    1000       0       0       0                        00000000D    747
     124       0       0       3       0                               0D    748
     100    1003       0       0       0             747        01010000D    749
     100       0       0       1       0                               0D    750
     126    1004       0       0       0                        01010500D    751
     126       0       0      22       0                               0D    752
     124    1026       0       0       0                        00000000D    753
     124       0       0       3       0                               0D    754
     100    1029       0       0       0             753        01010000D    755
     100       0       0       1       0                               0D    756
     102    1030       0       0       0                        01010500D    757
     102       0       0       1       0                               0D    758
     102    1031       0       0       0                        01010000D    759
     102       0       0       1       0                               0D    760
     142    1032       0       0       0                        00010500D    761
     142       0       0       1       0                               0D    762
     126    1033       0       0       0                        01010500D    763
     126       0       0      22       0                               0D    764
     124    1055       0       0       0                        00000000D    765
     124       0       0       3       0                               0D    766
     100    1058       0       0       0             765        01010000D    767
     100       0       0       1       0                               0D    768
     126    1059       0       0       0                        01010500D    769
     126       0       0      22       0                               0D    770
     124    1081       0       0       0                        00000000D    771
     124       0       0       4       0                               0D    772
     100    1085       0       0       0             771        01010000D    773
     100       0       0       1       0                               0D    774
     102    1086       0       0       0                        01010500D    775
     102       0       0       1       0                               0D    776
     102    1087       0       0       0                        01010000D    777
     102       0       0       1       0                               0D    778
     142    1088       0       0       0                        00010500D    779
     142       0       0       1       0                               0D    780
     144    1089       0       0       1                        00000000D    781
     144       0    -741       1       0                               0D    782
     314    1090       0       0       0                        00000200D    783
     314       0       3       1       0                               0D    784
     128    1091       0       0       0                        01010000D    785
     128       0       0       2       0                               0D    786
     126    1093       0       0       0                        01010500D    787
     126       0       0       2       0                               0D    788
     110    1095       0       0       0                        01010000D    789
     110       0       0       1       0                               0D    790
     126    1096       0       0       0                        01010500D    791
     126       0       0       2       0                               0D    792
     110    1098       0       0       0                        01010000D    793
     110       0       0       1       0                               0D    794
     126    1099       0       0       0                        01010500D    795
     126       0       0       2       0                               0D    796
     110    1101       0       0       0                        01010000D    797
     110       0       0       1       0                               0D    798
     126    1102       0       0       0                        01010500D    799
     126       0       0       2       0                               0D    800
     110    1104       0       0       0                        01010000D    801
     110       0       0       1       0                               0D    802
     102    1105       0       0       0                        01010500D    803
     102       0       0       1       0                               0D    804
     102    1106       0       0       0                        01010000D    805
     102       0       0       1       0                               0D    806
     142    1107       0       0       0                        00010500D    807
     142       0       0       1       0                               0D    808
     126    1108       0       0       0                        01010500D    809
     126       0       0      21       0                               0D    810
     124    1129       0       0       0                        00000000D    811
     124       0       0       3       0                               0D    812
     100    1132       0       0       0             811        01010000D    813
     100       0       0       1       0                               0D    814
     126    1133       0       0       0                        01010500D    815
     126       0       0      21       0                               0D    816
     124    1154       0       0       0                        00000000D    817
     124       0       0       4       0                               0D    818
     100    1158       0       0       0             817        01010000D    819
     100       0       0       1       0                               0D    820
     102    1159       0       0       0                        01010500D    821
     102       0       0       1       0                               0D    822
     102    1160       0       0       0                        01010000D    823
     102       0       0       1       0                               0D    824
     142    1161       0       0       0                        00010500D    825
     142       0       0       1       0                               0D    826
     144    1162       0       0       1                        00000000D    827
     144       0    -783       1       0                               0D    828
     128    1163       0       0       0                        01010000D    829
     128       0       0       2       0                               0D    830
     126    1165       0       0       0                        01010500D    831
     126       0       0       2       0                               0D    832
     110    1167       0       0       0                        01010000D    833
     110       0       0       1       0                               0D    834
     126    1168       0       0       0                        01010500D    835
     126       0       0       2       0                               0D    836
     110    1170       0       0       0                        01010000D    837
     110       0       0       1       0                               0D    838
     126    1171       0       0       0                        01010500D    839
     126       0       0       2       0                               0D    840
     110    1173       0       0       0                        01010000D    841
     110       0       0       1       0                               0D    842
     126    1174       0       0       0                        01010500D    843
     126       0       0       2       0                               0D    844
     110    1176       0       0       0                        01010000D    845
     110       0       0       1       0                               0D    846
     102    1177       0       0       0                        01010500D    847
     102       0       0       1       0                               0D    848
     102    1178       0       0       0                        01010000D    849
     102       0       0       1       0                               0D    850
     142    1179       0       0       0                        00010500D    851
     142       0       0       1       0                               0D    852
     144    1180       0       0       1                        00000000D    853
     144       0      -1       1       0                               0D    854
     128    1181       0       0       0                        01010000D    855
     128       0       0       2       0                               0D    856
     126    1183       0       0       0                        01010500D    857
     126       0       0       2       0                               0D    858
     110    1185       0       0       0                        01010000D    859
     110       0       0       1       0                               0D    860
     126    1186       0       0       0                        01010500D    861
     126       0       0       2       0                               0D    862
     110    1188       0       0       0                        01010000D    863
     110       0       0       1       0                               0D    864
     126    1189       0       0       0                        01010500D    865
     126       0       0       2       0                               0D    866
     110    1191       0       0       0                        01010000D    867
     110       0       0       1       0                               0D    868
     126    1192       0       0       0                        01010500D    869
     126       0       0       2       0                               0D    870
     110    1194       0       0       0                        01010000D    871
     110       0       0       1       0                               0D    872
     102    1195       0       0       0                        01010500D    873
     102       0       0       1       0                               0D    874
     102    1196       0       0       0                        01010000D    875
     102       0       0       1       0                               0D    876
     142    1197       0       0       0                        00010500D    877
     142       0       0       1       0                               0D    878
     144    1198       0       0       1                        00000000D    879
     144       0      -1       1       0                               0D    880
     128    1199       0       0       0                        01010000D    881
     128       0       0       2       0                               0D    882
     126    1201       0       0       0                        01010500D    883
     126       0       0       2       0                               0D    884
     110    1203       0       0       0                        01010000D    885
     110       0       0       1       0                               0D    886
     126    1204       0       0       0                        01010500D    887
     126       0       0       2       0                               0D    888
     110    1206       0       0       0                        01010000D    889
     110       0       0       1       0                               0D    890
     126    1207       0       0       0                        01010500D    891
     126       0       0       2       0                               0D    892
     110    1209       0       0       0                        01010000D    893
     110       0       0       1       0                               0D    894
     126    1210       0       0       0                        01010500D    895
     126       0       0       2       0                               0D    896
     110    1212       0       0       0                        01010000D    897
     110       0       0       1       0                               0D    898
     102    1213       0       0       0                        01010500D    899
     102       0       0       1       0                               0D    900
     102    1214       0       0       0                        01010000D    901
     102       0       0       1       0                               0D    902
     142    1215       0       0       0                        00010500D    903
     142       0       0       1       0                               0D    904
     144    1216       0       0       1                        00000000D    905
     144       0      -1       1       0                               0D    906
     128    1217       0       0       0                        01010000D    907
     128       0       0       2       0                               0D    908
     126    1219       0       0       0                        01010500D    909
     126       0       0       2       0                               0D    910
     110    1221       0       0       0                        01010000D    911
     110       0       0       1       0                               0D    912
     126    1222       0       0       0                        01010500D    913
     126       0       0       2       0                               0D    914
     110    1224       0       0       0                        01010000D    915
     110       0       0       1       0                               0D    916
     126    1225       0       0       0                        01010500D    917
     126       0       0       2       0                               0D    918
     110    1227       0       0       0                        01010000D    919
     110       0       0       1       0                               0D    920
     126    1228       0       0       0                        01010500D    921
     126       0       0       2       0                               0D    922
     110    1230       0       0       0                        01010000D    923
     110       0       0       1       0                               0D    924
     102    1231       0       0       0                        01010500D    925
     102       0       0       1       0                               0D    926
     102    1232       0       0       0                        01010000D    927
     102       0       0       1       0                               0D    928
     142    1233       0       0       0                        00010500D    929
     142       0       0       1       0                               0D    930
     144    1234       0       0       1                        00000000D    931
     144       0      -1       1       0                               0D    932
     110    1235       0       0       0                        01010000D    933
     110       0       0       1       0                               0D    934
     110    1236       0       0       0                        01010000D    935
     110       0       0       1       0                               0D    936
     120    1237       0       0       0                        01010000D    937
     120       0       0       1       0                               0D    938
     126    1238       0       0       0                        01010500D    939
     126       0       0       2       0                               0D    940
     124    1240       0       0       0                        00000000D    941
     124       0       0       3       0                               0D    942
     100    1243       0       0       0             941        01010000D    943
     100       0       0       1       0                               0D    944
     126    1244       0       0       0                        01010500D    945
     126       0       0       2       0                               0D    946
     110    1246       0       0       0                        01010000D    947
     110       0       0       1       0                               0D    948
     126    1247       0       0       0                        01010500D    949
     126       0       0       2       0                               0D    950
     124    1249       0       0       0                        00000000D    951
     124       0       0       3       0                               0D    952
     100    1252       0       0       0             951        01010000D    953
     100       0       0       1       0                               0D    954
     126    1253       0       0       0                        01010500D    955
     126       0       0       2       0                               0D    956
     110    1255       0       0       0                        01010000D    957
     110       0       0       1       0                               0D    958
     102    1256       0       0       0                        01010500D    959
     102       0       0       1       0                               0D    960
     102    1257       0       0       0                        01010000D    961
     102       0       0       1       0                               0D    962
     142    1258       0       0       0                        00010500D    963
     142       0       0       1       0                               0D    964
     144    1259       0       0       1                        00000000D    965
     144       0      -1       1       0                               0D    966
     110    1260       0       0       0                        01010000D    967
     110       0       0       1       0                               0D    968
     110    1261       0       0       0                        01010000D    969
     110       0       0       1       0                               0D    970
     120    1262       0       0       0                        01010000D    971
     120       0       0       1       0                               0D    972
     126    1263       0       0       0                        01010500D    973
     126       0       0       2       0                               0D    974
     124    1265       0       0       0                        00000000D    975
     124       0       0       3       0                               0D    976
     100    1268       0       0       0             975        01010000D    977
     100       0       0       1       0                               0D    978
     126    1269       0       0       0                        01010500D    979
     126       0       0       2       0                               0D    980
     110    1271       0       0       0                        01010000D    981
     110       0       0       1       0                               0D    982
     126    1272       0       0       0                        01010500D    983
     126       0       0       2       0                               0D    984
     124    1274       0       0       0                        00000000D    985
     124       0       0       4       0                               0D    986
     100    1278       0       0       0             985        01010000D    987
     100       0       0       1       0                               0D    988
     126    1279       0       0       0                        01010500D    989
     126       0       0       2       0                               0D    990
     110    1281       0       0       0                        01010000D    991
     110       0       0       1       0                               0D    992
     102    1282       0       0       0                        01010500D    993
     102       0       0       1       0                               0D    994
     102    1283       0       0       0                        01010000D    995
     102       0       0       1       0                               0D    996
     142    1284       0       0       0                        00010500D    997
     142       0       0       1       0                               0D    998
     144    1285       0       0       1                        00000000D    999
     144       0      -1       1       0                               0D   1000
     110    1286       0       0       0                        01010000D   1001
     110       0       0       1       0                               0D   1002
     110    1287       0       0       0                        01010000D   1003
     110       0       0       1       0                               0D   1004
     120    1288       0       0       0                        01010000D   1005
     120       0       0       1       0                               0D   1006
     126    1289       0       0       0                        01010500D   1007
     126       0       0       2       0                               0D   1008
     124    1291       0       0       0                        00000000D   1009
     124       0       0       3       0                               0D   1010
     100    1294       0       0       0            1009        01010000D   1011
     100       0       0       1       0                               0D   1012
     126    1295       0       0       0                        01010500D   1013
     126       0       0       2       0                               0D   1014
     110    1297       0       0       0                        01010000D   1015
     110       0       0       1       0                               0D   1016
     126    1298       0       0       0                        01010500D   1017
     126       0       0       2       0                               0D   1018
     124    1300       0       0       0                        00000000D   1019
     124       0       0       4       0                               0D   1020
     100    1304       0       0       0            1019        01010000D   1021
     100       0       0       1       0                               0D   1022
     126    1305       0       0       0                        01010500D   1023
     126       0       0       2       0                               0D   1024
     110    1307       0       0       0                        01010000D   1025
     110       0       0       1       0                               0D   1026
     102    1308       0       0       0                        01010500D   1027
     102       0       0       1       0                               0D   1028
     102    1309       0       0       0                        01010000D   1029
     102       0       0       1       0                               0D   1030
     142    1310       0       0       0                        00010500D   1031
     142       0       0       1       0                               0D   1032
     144    1311       0       0       1                        00000000D   1033
     144       0      -1       1       0                               0D   1034
     110    1312       0       0       0                        01010000D   1035
     110       0       0       1       0                               0D   1036
     110    1313       0       0       0                        01010000D   1037
     110       0       0       1       0                               0D   1038
     120    1314       0       0       0                        01010000D   1039
     120       0       0       1       0                               0D   1040
     126    1315       0       0       0                        01010500D   1041
     126       0       0       2       0                               0D   1042
     124    1317       0       0       0                        00000000D   1043
     124       0       0       3       0                               0D   1044
     100    1320       0       0       0            1043        01010000D   1045
     100       0       0       1       0                               0D   1046
     126    1321       0       0       0                        01010500D   1047
     126       0       0       2       0                               0D   1048
     110    1323       0       0       0                        01010000D   1049
     110       0       0       1       0                               0D   1050
     126    1324       0       0       0                        01010500D   1051
     126       0       0       2       0                               0D   1052
     124    1326       0       0       0                        00000000D   1053
     124       0       0       4       0                               0D   1054
     100    1330       0       0       0            1053        01010000D   1055
     100       0       0       1       0                               0D   1056
     126    1331       0       0       0                        01010500D   1057
     126       0       0       2       0                               0D   1058
     110    1333       0       0       0                        01010000D   1059
     110       0       0       1       0                               0D   1060
     102    1334       0       0       0                        01010500D   1061
     102       0       0       1       0                               0D   1062
     102    1335       0       0       0                        01010000D   1063
     102       0       0       1       0                               0D   1064
     142    1336       0       0       0                        00010500D   1065
     142       0       0       1       0                               0D   1066
     144    1337       0       0       1                        00000000D   1067
     144       0      -1       1       0                               0D   1068
     314    1338       0       0       0                        00000200D   1069
     314       0       3       1       0                               0D   1070
     128    1339       0       0       0                        01010000D   1071
     128       0       0       2       0                               0D   1072
     126    1341       0       0       0                        01010500D   1073
     126       0       0       2       0                               0D   1074
     110    1343       0       0       0                        01010000D   1075
     110       0       0       1       0                               0D   1076
     126    1344       0       0       0                        01010500D   1077
     126       0       0       2       0                               0D   1078
     110    1346       0       0       0                        01010000D   1079
     110       0       0       1       0                               0D   1080
     126    1347       0       0       0                        01010500D   1081
     126       0       0       2       0                               0D   1082
     110    1349       0       0       0                        01010000D   1083
     110       0       0       1       0                               0D   1084
     126    1350       0       0       0                        01010500D   1085
     126       0       0       2       0                               0D   1086
     110    1352       0       0       0                        01010000D   1087
     110       0       0       1       0                               0D   1088
     102    1353       0       0       0                        01010500D   1089
     102       0       0       1       0                               0D   1090
     102    1354       0       0       0                        01010000D   1091
     102       0       0       1       0                               0D   1092
     142    1355       0       0       0                        00010500D   1093
     142       0       0       1       0                               0D   1094
     144    1356       0       0       1                        00000000D   1095
     144       0   -1069       1       0                               0D   1096
     314    1357       0       0       0                        00000200D   1097
     314       0       3       1       0                               0D   1098
     128    1358       0       0       0                        01010000D   1099
     128       0       0       2       0                               0D   1100
     126    1360       0       0       0                        01010500D   1101
     126       0       0       2       0                               0D   1102
     110    1362       0       0       0                        01010000D   1103
     110       0       0       1       0                               0D   1104
     126    1363       0       0       0                        01010500D   1105
     126       0       0       2       0                               0D   1106
     110    1365       0       0       0                        01010000D   1107
     110       0       0       1       0                               0D   1108
     126    1366       0       0       0                        01010500D   1109
     126       0       0       2       0                               0D   1110
     110    1368       0       0       0                        01010000D   1111
     110       0       0       1       0                               0D   1112
     126    1369       0       0       0                        01010500D   1113
     126       0       0       2       0                               0D   1114
     110    1371       0       0       0                        01010000D   1115
     110       0       0       1       0                               0D   1116
     102    1372       0       0       0                        01010500D   1117
     102       0       0       1       0                               0D   1118
     102    1373       0       0       0                        01010000D   1119
     102       0       0       1       0                               0D   1120
     142    1374       0       0       0                        00010500D   1121
     142       0       0       1       0                               0D   1122
     144    1375       0       0       1                        00000000D   1123
     144       0   -1097       1       0                               0D   1124
     314    1376       0       0       0                        00000200D   1125
     314       0       3       1       0                               0D   1126
     110    1377       0       0       0                        01010000D   1127
     110       0       0       1       0                               0D   1128
     110    1378       0       0       0                        01010000D   1129
     110       0       0       1       0                               0D   1130
     120    1379       0       0       0                        01010000D   1131
     120       0       0       1       0                               0D   1132
     126    1380       0       0       0                        01010500D   1133
     126       0       0       2       0                               0D   1134
     110    1382       0       0       0                        01010000D   1135
     110       0       0       1       0                               0D   1136
     126    1383       0       0       0                        01010500D   1137
     126       0       0       2       0                               0D   1138
     124    1385       0       0       0                        00000000D   1139
     124       0       0       3       0                               0D   1140
     100    1388       0       0       0            1139        01010000D   1141
     100       0       0       1       0                               0D   1142
     126    1389       0       0       0                        01010500D   1143
     126       0       0       2       0                               0D   1144
     110    1391       0       0       0                        01010000D   1145
     110       0       0       1       0                               0D   1146
     126    1392       0       0       0                        01010500D   1147
     126       0       0       2       0                               0D   1148
     124    1394       0       0       0                        00000000D   1149
     124       0       0       3       0                               0D   1150
     100    1397       0       0       0            1149        01010000D   1151
     100       0       0       1       0                               0D   1152
     102    1398       0       0       0                        01010500D   1153
     102       0       0       1       0                               0D   1154
     102    1399       0       0       0                        01010000D   1155
     102       0       0       1       0                               0D   1156
     142    1400       0       0       0                        00010500D   1157
     142       0       0       1       0                               0D   1158
     144    1401       0       0       1                        00000000D   1159
     144       0   -1125       1       0                               0D   1160
     314    1402       0       0       0                        00000200D   1161
     314       0       3       1       0                               0D   1162
     110    1403       0       0       0                        01010000D   1163
     110       0       0       1       0                               0D   1164
     110    1404       0       0       0                        01010000D   1165
     110       0       0       1       0                               0D   1166
     120    1405       0       0       0                        01010000D   1167
     120       0       0       1       0                               0D   1168
     126    1406       0       0       0                        01010500D   1169
     126       0       0       2       0                               0D   1170
     110    1408       0       0       0                        01010000D   1171
     110       0       0       1       0                               0D   1172
     126    1409       0       0       0                        01010500D   1173
     126       0       0       2       0                               0D   1174
     124    1411       0       0       0                        00000000D   1175
     124       0       0       3       0                               0D   1176
     100    1414       0       0       0            1175        01010000D   1177
     100       0       0       1       0                               0D   1178
     126    1415       0       0       0                        01010500D   1179
     126       0       0       2       0                               0D   1180
     110    1417       0       0       0                        01010000D   1181
     110       0       0       1       0                               0D   1182
     126    1418       0       0       0                        01010500D   1183
     126       0       0       2       0                               0D   1184
     124    1420       0       0       0                        00000000D   1185
     124       0       0       3       0                               0D   1186
     100    1423       0       0       0            1185        01010000D   1187
     100       0       0       1       0                               0D   1188
     102    1424       0       0       0                        01010500D   1189
     102       0       0       1       0                               0D   1190
     102    1425       0       0       0                        01010000D   1191
     102       0       0       1       0                               0D   1192
     142    1426       0       0       0                        00010500D   1193
     142       0       0       1       0                               0D   1194
     144    1427       0       0       1                        00000000D   1195
     144       0   -1161       1       0                               0D   1196
     314    1428       0       0       0                        00000200D   1197
     314       0       3       1       0                               0D   1198
     128    1429       0       0       0                        01010000D   1199
     128       0       0       3       0                               0D   1200
     126    1432       0       0       0                        01010500D   1201
     126       0       0      22       0                               0D   1202
     124    1454       0       0       0                        00000000D   1203
     124       0       0       3       0                               0D   1204
     100    1457       0       0       0            1203        01010000D   1205
     100       0       0       1       0                               0D   1206
     126    1458       0       0       0                        01010500D   1207
     126       0       0      22       0                               0D   1208
     124    1480       0       0       0                        00000000D   1209
     124       0       0       3       0                               0D   1210
     100    1483       0       0       0            1209        01010000D   1211
     100       0       0       1       0                               0D   1212
     102    1484       0       0       0                        01010500D   1213
     102       0       0       1       0                               0D   1214
     102    1485       0       0       0                        01010000D   1215
     102       0       0       1       0                               0D   1216
     142    1486       0       0       0                        00010500D   1217
     142       0       0       1       0                               0D   1218
     126    1487       0       0       0                        01010500D   1219
     126       0       0      22       0                               0D   1220
     124    1509       0       0       0                        00000000D   1221
     124       0       0       4       0                               0D   1222
     100    1513       0       0       0            1221        01010000D   1223
     100       0       0       1       0                               0D   1224
     126    1514       0       0       0                        01010500D   1225
     126       0       0      22       0                               0D   1226
     124    1536       0       0       0                        00000000D   1227
     124       0       0       3       0                               0D   1228
     100    1539       0       0       0            1227        01010000D   1229
     100       0       0       1       0                               0D   1230
     102    1540       0       0       0                        01010500D   1231
     102       0       0       1       0                               0D   1232
     102    1541       0       0       0                        01010000D   1233
     102       0       0       1       0                               0D   1234
     142    1542       0       0       0                        00010500D   1235
     142       0       0       1       0                               0D   1236
     144    1543       0       0       1                        00000000D   1237
     144       0   -1197       1       0                               0D   1238
     314    1544       0       0       0                        00000200D   1239
     314       0       3       1       0                               0D   1240
     110    1545       0       0       0                        01010000D   1241
     110       0       0       1       0                               0D   1242
     110    1546       0       0       0                        01010000D   1243
     110       0       0       1       0                               0D   1244
     120    1547       0       0       0                        01010000D   1245
     120       0       0       1       0                               0D   1246
     126    1548       0       0       0                        01010500D   1247
     126       0       0       2       0                               0D   1248
     110    1550       0       0       0                        01010000D   1249
     110       0       0       1       0                               0D   1250
     126    1551       0       0       0                        01010500D   1251
     126       0       0       2       0                               0D   1252
     124    1553       0       0       0                        00000000D   1253
     124       0       0       3       0                               0D   1254
     100    1556       0       0       0            1253        01010000D   1255
     100       0       0       1       0                               0D   1256
     126    1557       0       0       0                        01010500D   1257
     126       0       0       2       0                               0D   1258
     110    1559       0       0       0                        01010000D   1259
     110       0       0       1       0                               0D   1260
     126    1560       0       0       0                        01010500D   1261
     126       0       0       2       0                               0D   1262
     124    1562       0       0       0                        00000000D   1263
     124       0       0       3       0                               0D   1264
     100    1565       0       0       0            1263        01010000D   1265
     100       0       0       1       0                               0D   1266
     102    1566       0       0       0                        01010500D   1267
     102       0       0       1       0                               0D   1268
     102    1567       0       0       0                        01010000D   1269
     102       0       0       1       0                               0D   1270
     142    1568       0       0       0                        00010500D   1271
     142       0       0       1       0                               0D   1272
     144    1569       0       0       1                        00000000D   1273
     144       0   -1239       1       0                               0D   1274
     314    1570       0       0       0                        00000200D   1275
     314       0       3       1       0                               0D   1276
     128    1571       0       0       0                        01010000D   1277
     128       0       0       3       0                               0D   1278
     126    1574       0       0       0                        01010500D   1279
     126       0       0      22       0                               0D   1280
     124    1596       0       0       0                        00000000D   1281
     124       0       0       3       0                               0D   1282
     100    1599       0       0       0            1281        01010000D   1283
     100       0       0       1       0                               0D   1284
     126    1600       0       0       0                        01010500D   1285
     126       0       0      22       0                               0D   1286
     124    1622       0       0       0                        00000000D   1287
     124       0       0       3       0                               0D   1288
     100    1625       0       0       0            1287        01010000D   1289
     100       0       0       1       0                               0D   1290
     102    1626       0       0       0                        01010500D   1291
     102       0       0       1       0                               0D   1292
     102    1627       0       0       0                        01010000D   1293
     102       0       0       1       0                               0D   1294
     142    1628       0       0       0                        00010500D   1295
     142       0       0       1       0                               0D   1296
     144    1629       0       0       1                        00000000D   1297
     144       0   -1275       1       0                               0D   1298
     314    1630       0       0       0                        00000200D   1299
     314       0       3       1       0                               0D   1300
     110    1631       0       0       0                        01010000D   1301
     110       0       0       1       0                               0D   1302
     110    1632       0       0       0                        01010000D   1303
     110       0       0       1       0                               0D   1304
     120    1633       0       0       0                        01010000D   1305
     120       0       0       1       0                               0D   1306
     126    1634       0       0       0                        01010500D   1307
     126       0       0       2       0                               0D   1308
     124    1636       0       0       0                        00000000D   1309
     124       0       0       3       0                               0D   1310
     100    1639       0       0       0            1309        01010000D   1311
     100       0       0       1       0                               0D   1312
     126    1640       0       0       0                        01010500D   1313
     126       0       0       2       0                               0D   1314
     110    1642       0       0       0                        01010000D   1315
     110       0       0       1       0                               0D   1316
     126    1643       0       0       0                        01010500D   1317
     126       0       0       2       0                               0D   1318
     124    1645       0       0       0                        00000000D   1319
     124       0       0       3       0                               0D   1320
     100    1648       0       0       0            1319        01010000D   1321
     100       0       0       1       0                               0D   1322
     126    1649       0       0       0                        01010500D   1323
     126       0       0       2       0                               0D   1324
     110    1651       0       0       0                        01010000D   1325
     110       0       0       1       0                               0D   1326
     102    1652       0       0       0                        01010500D   1327
     102       0       0       1       0                               0D   1328
     102    1653       0       0       0                        01010000D   1329
     102       0       0       1       0                               0D   1330
     142    1654       0       0       0                        00010500D   1331
     142       0       0       1       0                               0D   1332
     144    1655       0       0       1                        00000000D   1333
     144       0   -1299       1       0                               0D   1334
     314    1656       0       0       0                        00000200D   1335
     314       0       3       1       0                               0D   1336
     128    1657       0       0       0                        01010000D   1337
     128       0       0       2       0                               0D   1338
     126    1659       0       0       0                        01010500D   1339
     126       0       0       2       0                               0D   1340
     110    1661       0       0       0                        01010000D   1341
     110       0       0       1       0                               0D   1342
     126    1662       0       0       0                        01010500D   1343
     126       0       0       2       0                               0D   1344
     110    1664       0       0       0                        01010000D   1345
     110       0       0       1       0                               0D   1346
     126    1665       0       0       0                        01010500D   1347
     126       0       0       2       0                               0D   1348
     110    1667       0       0       0                        01010000D   1349
     110       0       0       1       0                               0D   1350
     126    1668       0       0       0                        01010500D   1351
     126       0       0       2       0                               0D   1352
     110    1670       0       0       0                        01010000D   1353
     110       0       0       1       0                               0D   1354
     102    1671       0       0       0                        01010500D   1355
     102       0       0       1       0                               0D   1356
     102    1672       0       0       0                        01010000D   1357
     102       0       0       1       0                               0D   1358
     142    1673       0       0       0                        00010500D   1359
     142       0       0       1       0                               0D   1360
     144    1674       0       0       1                        00000000D   1361
     144       0   -1335       1       0                               0D   1362
     314    1675       0       0       0                        00000200D   1363
     314       0       3       1       0                               0D   1364
     128    1676       0       0       0                        01010000D   1365
     128       0       0       2       0                               0D   1366
     126    1678       0       0       0                        01010500D   1367
     126       0       0       2       0                               0D   1368
     110    1680       0       0       0                        01010000D   1369
     110       0       0       1       0                               0D   1370
     126    1681       0       0       0                        01010500D   1371
     126       0       0       2       0                               0D   1372
     110    1683       0       0       0                        01010000D   1373
     110       0       0       1       0                               0D   1374
     126    1684       0       0       0                        01010500D   1375
     126       0       0       2       0                               0D   1376
     110    1686       0       0       0                        01010000D   1377
     110       0       0       1       0                               0D   1378
     126    1687       0       0       0                        01010500D   1379
     126       0       0       2       0                               0D   1380
     110    1689       0       0       0                        01010000D   1381
     110       0       0       1       0                               0D   1382
     102    1690       0       0       0                        01010500D   1383
     102       0       0       1       0                               0D   1384
     102    1691       0       0       0                        01010000D   1385
     102       0       0       1       0                               0D   1386
     142    1692       0       0       0                        00010500D   1387
     142       0       0       1       0                               0D   1388
     144    1693       0       0       1                        00000000D   1389
     144       0   -1363       1       0                               0D   1390
     314    1694       0       0       0                        00000200D   1391
     314       0       3       1       0                               0D   1392
     128    1695       0       0       0                        01010000D   1393
     128       0       0       3       0                               0D   1394
     126    1698       0       0       0                        01010500D   1395
     126       0       0      21       0                               0D   1396
     124    1719       0       0       0                        00000000D   1397
     124       0       0       3       0                               0D   1398
     100    1722       0       0       0            1397        01010000D   1399
     100       0       0       1       0                               0D   1400
     126    1723       0       0       0                        01010500D   1401
     126       0       0       2       0                               0D   1402
     110    1725       0       0       0                        01010000D   1403
     110       0       0       1       0                               0D   1404
     126    1726       0       0       0                        01010500D   1405
     126       0       0       2       0                               0D   1406
     110    1728       0       0       0                        01010000D   1407
     110       0       0       1       0                               0D   1408
     126    1729       0       0       0                        01010500D   1409
     126       0       0       2       0                               0D   1410
     110    1731       0       0       0                        01010000D   1411
     110       0       0       1       0                               0D   1412
     102    1732       0       0       0                        01010500D   1413
     102       0       0       1       0                               0D   1414
     102    1733       0       0       0                        01010000D   1415
     102       0       0       1       0                               0D   1416
     142    1734       0       0       0                        00010500D   1417
     142       0       0       1       0                               0D   1418
     144    1735       0       0       1                        00000000D   1419
     144       0   -1391       1       0                               0D   1420
     314    1736       0       0       0                        00000200D   1421
     314       0       3       1       0                               0D   1422
     110    1737       0       0       0                        01010000D   1423
     110       0       0       1       0                               0D   1424
     110    1738       0       0       0                        01010000D   1425
     110       0       0       1       0                               0D   1426
     120    1739       0       0       0                        01010000D   1427
     120       0       0       1       0                               0D   1428
     126    1740       0       0       0                        01010500D   1429
     126       0       0       2       0                               0D   1430
     124    1742       0       0       0                        00000000D   1431
     124       0       0       3       0                               0D   1432
     100    1745       0       0       0            1431        01010000D   1433
     100       0       0       1       0                               0D   1434
     126    1746       0       0       0                        01010500D   1435
     126       0       0       2       0                               0D   1436
     110    1748       0       0       0                        01010000D   1437
     110       0       0       1       0                               0D   1438
     126    1749       0       0       0                        01010500D   1439
     126       0       0       2       0                               0D   1440
     124    1751       0       0       0                        00000000D   1441
     124       0       0       3       0                               0D   1442
     100    1754       0       0       0            1441        01010000D   1443
     100       0       0       1       0                               0D   1444
     126    1755       0       0       0                        01010500D   1445
     126       0       0       2       0                               0D   1446
     110    1757       0       0       0                        01010000D   1447
     110       0       0       1       0                               0D   1448
     102    1758       0       0       0                        01010500D   1449
     102       0       0       1       0                               0D   1450
     102    1759       0       0       0                        01010000D   1451
     102       0       0       1       0                               0D   1452
     142    1760       0       0       0                        00010500D   1453
     142       0       0       1       0                               0D   1454
     144    1761       0       0       1                        00000000D   1455
     144       0   -1421       1       0                               0D   1456
     314    1762       0       0       0                        00000200D   1457
     314       0       3       1       0                               0D   1458
     128    1763       0       0       0                        01010000D   1459
     128       0       0       3       0                               0D   1460
     126    1766       0       0       0                        01010500D   1461
     126       0       0       2       0                               0D   1462
     110    1768       0       0       0                        01010000D   1463
     110       0       0       1       0                               0D   1464
     126    1769       0       0       0                        01010500D   1465
     126       0       0       2       0                               0D   1466
     110    1771       0       0       0                        01010000D   1467
     110       0       0       1       0                               0D   1468
     126    1772       0       0       0                        01010500D   1469
     126       0       0       2       0                               0D   1470
     110    1774       0       0       0                        01010000D   1471
     110       0       0       1       0                               0D   1472
     126    1775       0       0       0                        01010500D   1473
     126       0       0       2       0                               0D   1474
     110    1777       0       0       0                        01010000D   1475
     110       0       0       1       0                               0D   1476
     102    1778       0       0       0                        01010500D   1477
     102       0       0       1       0                               0D   1478
     102    1779       0       0       0                        01010000D   1479
     102       0       0       1       0                               0D   1480
     142    1780       0       0       0                        00010500D   1481
     142       0       0       1       0                               0D   1482
     144    1781       0       0       1                        00000000D   1483
     144       0   -1457       1       0                               0D   1484
     314    1782       0       0       0                        00000200D   1485
     314       0       3       1       0                               0D   1486
     128    1783       0       0       0                        01010000D   1487
     128       0       0       3       0                               0D   1488
     126    1786       0       0       0                        01010500D   1489
     126       0       0       2       0                               0D   1490
     110    1788       0       0       0                        01010000D   1491
     110       0       0       1       0                               0D   1492
     126    1789       0       0       0                        01010500D   1493
     126       0       0       2       0                               0D   1494
     110    1791       0       0       0                        01010000D   1495
     110       0       0       1       0                               0D   1496
     126    1792       0       0       0                        01010500D   1497
     126       0       0       2       0                               0D   1498
     110    1794       0       0       0                        01010000D   1499
     110       0       0       1       0                               0D   1500
     126    1795       0       0       0                        01010500D   1501
     126       0       0       2       0                               0D   1502
     110    1797       0       0       0                        01010000D   1503
     110       0       0       1       0                               0D   1504
     102    1798       0       0       0                        01010500D   1505
     102       0       0       1       0                               0D   1506
     102    1799       0       0       0                        01010000D   1507
     102       0       0       1       0                               0D   1508
     142    1800       0       0       0                        00010500D   1509
     142       0       0       1       0                               0D   1510
     144    1801       0       0       1                        00000000D   1511
     144       0   -1485       1       0                               0D   1512
     314    1802       0       0       0                        00000200D   1513
     314       0       3       1       0                               0D   1514
     128    1803       0       0       0                        01010000D   1515
     128       0       0       3       0                               0D   1516
     126    1806       0       0       0                        01010500D   1517
     126       0       0      21       0                               0D   1518
     124    1827       0       0       0                        00000000D   1519
     124       0       0       3       0                               0D   1520
     100    1830       0       0       0            1519        01010000D   1521
     100       0       0       1       0                               0D   1522
     126    1831       0       0       0                        01010500D   1523
     126       0       0       2       0                               0D   1524
     110    1833       0       0       0                        01010000D   1525
     110       0       0       1       0                               0D   1526
     126    1834       0       0       0                        01010500D   1527
     126       0       0       2       0                               0D   1528
     110    1836       0       0       0                        01010000D   1529
     110       0       0       1       0                               0D   1530
     126    1837       0       0       0                        01010500D   1531
     126       0       0       2       0                               0D   1532
     110    1839       0       0       0                        01010000D   1533
     110       0       0       1       0                               0D   1534
     102    1840       0       0       0                        01010500D   1535
     102       0       0       1       0                               0D   1536
     102    1841       0       0       0                        01010000D   1537
     102       0       0       1       0                               0D   1538
     142    1842       0       0       0                        00010500D   1539
     142       0       0       1       0                               0D   1540
     144    1843       0       0       1                        00000000D   1541
     144       0   -1513       1       0                               0D   1542
     314    1844       0       0       0                        00000200D   1543
     314       0       5       1       0                               0D   1544
     128    1845       0       0       0                        01010000D   1545
     128       0       0       3       0                               0D   1546
     126    1848       0       0       0                        01010500D   1547
     126       0       0       2       0                               0D   1548
     110    1850       0       0       0                        01010000D   1549
     110       0       0       1       0                               0D   1550
     126    1851       0       0       0                        01010500D   1551
     126       0       0       2       0                               0D   1552
     110    1853       0       0       0                        01010000D   1553
     110       0       0       1       0                               0D   1554
     126    1854       0       0       0                        01010500D   1555
     126       0       0       2       0                               0D   1556
     110    1856       0       0       0                        01010000D   1557
     110       0       0       1       0                               0D   1558
     126    1857       0       0       0                        01010500D   1559
     126       0       0       2       0                               0D   1560
     110    1859       0       0       0                        01010000D   1561
     110       0       0       1       0                               0D   1562
     102    1860       0       0       0                        01010500D   1563
     102       0       0       1       0                               0D   1564
     102    1861       0       0       0                        01010000D   1565
     102       0       0       1       0                               0D   1566
     142    1862       0       0       0                        00010500D   1567
     142       0       0       1       0                               0D   1568
     144    1863       0       0       1                        00000000D   1569
     144       0   -1543       1       0                               0D   1570
     314    1864       0       0       0                        00000200D   1571
     314       0       5       1       0                               0D   1572
     128    1865       0       0       0                        01010000D   1573
     128       0       0       3       0                               0D   1574
     126    1868       0       0       0                        01010500D   1575
     126       0       0       2       0                               0D   1576
     110    1870       0       0       0                        01010000D   1577
     110       0       0       1       0                               0D   1578
     126    1871       0       0       0                        01010500D   1579
     126       0       0       2       0                               0D   1580
     110    1873       0       0       0                        01010000D   1581
     110       0       0       1       0                               0D   1582
     126    1874       0       0       0                        01010500D   1583
     126       0       0       2       0                               0D   1584
     110    1876       0       0       0                        01010000D   1585
     110       0       0       1       0                               0D   1586
     126    1877       0       0       0                        01010500D   1587
     126       0       0       2       0                               0D   1588
     110    1879       0       0       0                        01010000D   1589
     110       0       0       1       0                               0D   1590
     102    1880       0       0       0                        01010500D   1591
     102       0       0       1       0                               0D   1592
     102    1881       0       0       0                        01010000D   1593
     102       0       0       1       0                               0D   1594
     142    1882       0       0       0                        00010500D   1595
     142       0       0       1       0                               0D   1596
     144    1883       0       0       1                        00000000D   1597
     144       0   -1571       1       0                               0D   1598
     314    1884       0       0       0                        00000200D   1599
     314       0       5       1       0                               0D   1600
     128    1885       0       0       0                        01010000D   1601
     128       0       0       2       0                               0D   1602
     126    1887       0       0       0                        01010500D   1603
     126       0       0       2       0                               0D   1604
     110    1889       0       0       0                        01010000D   1605
     110       0       0       1       0                               0D   1606
     126    1890       0       0       0                        01010500D   1607
     126       0       0       2       0                               0D   1608
     110    1892       0       0       0                        01010000D   1609
     110       0       0       1       0                               0D   1610
     126    1893       0       0       0                        01010500D   1611
     126       0       0       2       0                               0D   1612
     110    1895       0       0       0                        01010000D   1613
     110       0       0       1       0                               0D   1614
     126    1896       0       0       0                        01010500D   1615
     126       0       0       2       0                               0D   1616
     110    1898       0       0       0                        01010000D   1617
     110       0       0       1       0                               0D   1618
     102    1899       0       0       0                        01010500D   1619
     102       0       0       1       0                               0D   1620
     102    1900       0       0       0                        01010000D   1621
     102       0       0       1       0                               0D   1622
     142    1901       0       0       0                        00010500D   1623
     142       0       0       1       0                               0D   1624
     144    1902       0       0       1                        00000000D   1625
     144       0   -1599       1       0                               0D   1626
     314    1903       0       0       0                        00000200D   1627
     314       0       5       1       0                               0D   1628
     128    1904       0       0       0                        01010000D   1629
     128       0       0       2       0                               0D   1630
     126    1906       0       0       0                        01010500D   1631
     126       0       0       2       0                               0D   1632
     110    1908       0       0       0                        01010000D   1633
     110       0       0       1       0                               0D   1634
     126    1909       0       0       0                        01010500D   1635
     126       0       0       2       0                               0D   1636
     110    1911       0       0       0                        01010000D   1637
     110       0       0       1       0                               0D   1638
     126    1912       0       0       0                        01010500D   1639
     126       0       0       2       0                               0D   1640
     110    1914       0       0       0                        01010000D   1641
     110       0       0       1       0                               0D   1642
     126    1915       0       0       0                        01010500D   1643
     126       0       0       2       0                               0D   1644
     110    1917       0       0       0                        01010000D   1645
     110       0       0       1       0                               0D   1646
     102    1918       0       0       0                        01010500D   1647
     102       0       0       1       0                               0D   1648
     102    1919       0       0       0                        01010000D   1649
     102       0       0       1       0                               0D   1650
     142    1920       0       0       0                        00010500D   1651
     142       0       0       1       0                               0D   1652
     144    1921       0       0       1                        00000000D   1653
     144       0   -1627       1       0                               0D   1654
     314    1922       0       0       0                        00000200D   1655
     314       0       5       1       0                               0D   1656
     128    1923       0       0       0                        01010000D   1657
     128       0       0       3       0                               0D   1658
     126    1926       0       0       0                        01010500D   1659
     126       0       0       2       0                               0D   1660
     110    1928       0       0       0                        01010000D   1661
     110       0       0       1       0                               0D   1662
     126    1929       0       0       0                        01010500D   1663
     126       0       0       2       0                               0D   1664
     110    1931       0       0       0                        01010000D   1665
     110       0       0       1       0                               0D   1666
     126    1932       0       0       0                        01010500D   1667
     126       0       0       2       0                               0D   1668
     110    1934       0       0       0                        01010000D   1669
     110       0       0       1       0                               0D   1670
     126    1935       0       0       0                        01010500D   1671
     126       0       0       2       0                               0D   1672
     110    1937       0       0       0                        01010000D   1673
     110       0       0       1       0                               0D   1674
     102    1938       0       0       0                        01010500D   1675
     102       0       0       1       0                               0D   1676
     102    1939       0       0       0                        01010000D   1677
     102       0       0       1       0                               0D   1678
     142    1940       0       0       0                        00010500D   1679
     142       0       0       1       0                               0D   1680
     144    1941       0       0       1                        00000000D   1681
     144       0   -1655       1       0                               0D   1682
     314    1942       0       0       0                        00000200D   1683
     314       0       8       1       0                               0D   1684
     128    1943       0       0       0                        01010000D   1685
     128       0       0       3       0                               0D   1686
     126    1946       0       0       0                        01010500D   1687
     126       0       0       2       0                               0D   1688
     110    1948       0       0       0                        01010000D   1689
     110       0       0       1       0                               0D   1690
     126    1949       0       0       0                        01010500D   1691
     126       0       0       2       0                               0D   1692
     110    1951       0       0       0                        01010000D   1693
     110       0       0       1       0                               0D   1694
     126    1952       0       0       0                        01010500D   1695
     126       0       0       2       0                               0D   1696
     110    1954       0       0       0                        01010000D   1697
     110       0       0       1       0                               0D   1698
     126    1955       0       0       0                        01010500D   1699
     126       0       0       2       0                               0D   1700
     110    1957       0       0       0                        01010000D   1701
     110       0       0       1       0                               0D   1702
     102    1958       0       0       0                        01010500D   1703
     102       0       0       1       0                               0D   1704
     102    1959       0       0       0                        01010000D   1705
     102       0       0       1       0                               0D   1706
     142    1960       0       0       0                        00010500D   1707
     142       0       0       1       0                               0D   1708
     144    1961       0       0       1                        00000000D   1709
     144       0   -1683       1       0                               0D   1710
     314    1962       0       0       0                        00000200D   1711
     314       0       8       1       0                               0D   1712
     128    1963       0       0       0                        01010000D   1713
     128       0       0       3       0                               0D   1714
     126    1966       0       0       0                        01010500D   1715
     126       0       0       2       0                               0D   1716
     110    1968       0       0       0                        01010000D   1717
     110       0       0       1       0                               0D   1718
     126    1969       0       0       0                        01010500D   1719
     126       0       0       2       0                               0D   1720
     110    1971       0       0       0                        01010000D   1721
     110       0       0       1       0                               0D   1722
     126    1972       0       0       0                        01010500D   1723
     126       0       0       2       0                               0D   1724
     110    1974       0       0       0                        01010000D   1725
     110       0       0       1       0                               0D   1726
     126    1975       0       0       0                        01010500D   1727
     126       0       0       2       0                               0D   1728
     110    1977       0       0       0                        01010000D   1729
     110       0       0       1       0                               0D   1730
     102    1978       0       0       0                        01010500D   1731
     102       0       0       1       0                               0D   1732
     102    1979       0       0       0                        01010000D   1733
     102       0       0       1       0                               0D   1734
     142    1980       0       0       0                        00010500D   1735
     142       0       0       1       0                               0D   1736
     144    1981       0       0       1                        00000000D   1737
     144       0   -1711       1       0                               0D   1738
     314    1982       0       0       0                        00000200D   1739
     314       0       8       1       0                               0D   1740
     128    1983       0       0       0                        01010000D   1741
     128       0       0       3       0                               0D   1742
     126    1986       0       0       0                        01010500D   1743
     126       0       0       2       0                               0D   1744
     110    1988       0       0       0                        01010000D   1745
     110       0       0       1       0                               0D   1746
     126    1989       0       0       0                        01010500D   1747
     126       0       0       2       0                               0D   1748
     110    1991       0       0       0                        01010000D   1749
     110       0       0       1       0                               0D   1750
     126    1992       0       0       0                        01010500D   1751
     126       0       0       2       0                               0D   1752
     110    1994       0       0       0                        01010000D   1753
     110       0       0       1       0                               0D   1754
     126    1995       0       0       0                        01010500D   1755
     126       0       0       2       0                               0D   1756
     110    1997       0       0       0                        01010000D   1757
     110       0       0       1       0                               0D   1758
     102    1998       0       0       0                        01010500D   1759
     102       0       0       1       0                               0D   1760
     102    1999       0       0       0                        01010000D   1761
     102       0       0       1       0                               0D   1762
     142    2000       0       0       0                        00010500D   1763
     142       0       0       1       0                               0D   1764
     144    2001       0       0       1                        00000000D   1765
     144       0   -1739       1       0                               0D   1766
     314    2002       0       0       0                        00000200D   1767
     314       0       8       1       0                               0D   1768
     128    2003       0       0       0                        01010000D   1769
     128       0       0       3       0                               0D   1770
     126    2006       0       0       0                        01010500D   1771
     126       0       0       2       0                               0D   1772
     110    2008       0       0       0                        01010000D   1773
     110       0       0       1       0                               0D   1774
     126    2009       0       0       0                        01010500D   1775
     126       0       0       2       0                               0D   1776
     110    2011       0       0       0                        01010000D   1777
     110       0       0       1       0                               0D   1778
     126    2012       0       0       0                        01010500D   1779
     126       0       0       2       0                               0D   1780
     110    2014       0       0       0                        01010000D   1781
     110       0       0       1       0                               0D   1782
     126    2015       0       0       0                        01010500D   1783
     126       0       0       2       0                               0D   1784
     110    2017       0       0       0                        01010000D   1785
     110       0       0       1       0                               0D   1786
     102    2018       0       0       0                        01010500D   1787
     102       0       0       1       0                               0D   1788
     102    2019       0       0       0                        01010000D   1789
     102       0       0       1       0                               0D   1790
     142    2020       0       0       0                        00010500D   1791
     142       0       0       1       0                               0D   1792
     144    2021       0       0       1                        00000000D   1793
     144       0   -1767       1       0                               0D   1794
     314    2022       0       0       0                        00000200D   1795
     314       0       8       1       0                               0D   1796
     128    2023       0       0       0                        01010000D   1797
     128       0       0       3       0                               0D   1798
     126    2026       0       0       0                        01010500D   1799
     126       0       0       2       0                               0D   1800
     110    2028       0       0       0                        01010000D   1801
     110       0       0       1       0                               0D   1802
     126    2029       0       0       0                        01010500D   1803
     126       0       0       2       0                               0D   1804
     110    2031       0       0       0                        01010000D   1805
     110       0       0       1       0                               0D   1806
     126    2032       0       0       0                        01010500D   1807
     126       0       0       2       0                               0D   1808
     110    2034       0       0       0                        01010000D   1809
     110       0       0       1       0                               0D   1810
     126    2035       0       0       0                        01010500D   1811
     126       0       0       2       0                               0D   1812
     110    2037       0       0       0                        01010000D   1813
     110       0       0       1       0                               0D   1814
     102    2038       0       0       0                        01010500D   1815
     102       0       0       1       0                               0D   1816
     102    2039       0       0       0                        01010000D   1817
     102       0       0       1       0                               0D   1818
     142    2040       0       0       0                        00010500D   1819
     142       0       0       1       0                               0D   1820
     144    2041       0       0       1                        00000000D   1821
     144       0   -1795       1       0                               0D   1822
314,21.5686274509804,16.8627450980392,0.,;                             1P      1
314,29.8039215686275,29.8039215686275,29.8039215686275,;               3P      2
110,16.,12.7,-11.3,16.,12.7,988.7;                                     5P      3
110,17.45,12.7,-11.3,17.45,12.7,-5.7;                                  7P      4
120,5,7,0.,6.28318530717959;                                           9P      5
126,1,1,1,0,1,0,0.,0.,1.,1.,1.,1.,0.,0.,0.,0.,3.141592654,0.,         11P      6
0.,1.,0.,0.,1.;                                                       11P      7
100,-11.3,16.,12.7,17.45,12.7,14.55,12.7;                             13P      8
126,1,1,1,0,1,0,0.,0.,1.,1.,1.,1.,0.,3.141592654,0.,1.,               15P      9
3.141592654,0.,0.,1.,0.,0.,1.;                                        15P     10
110,14.55,12.7,-11.3,14.55,12.7,-5.7;                                 17P     11
126,1,1,1,0,1,0,0.,0.,1.,1.,1.,1.,1.,3.141592654,0.,1.,0.,0.,         19P     12
0.,1.,0.,0.,1.;                                                       19P     13
124,-1.,-6.98296267768627E-015,0.,32.0000000000001,                   21P     14
-6.98296267768627E-015,1.,-6.98296267768627E-015,                     21P     15
7.27253686452893E-014,4.87617677579594E-029,                          21P     16
-6.98296267768627E-015,-1.,-11.3999999999999;                         21P     17
100,-5.7,16.,12.7,17.45,12.7,14.55,12.7;                              23P     18
126,1,1,1,0,1,0,0.,0.,1.,1.,1.,1.,1.,0.,0.,0.,0.,0.,0.,1.,0.,         25P     19
0.,1.;                                                                25P     20
110,17.45,12.7,-5.7,17.45,12.7,-11.3;                                 27P     21
102,4,11,15,19,25;                                                    29P     22
102,4,13,17,23,27;                                                    31P     23
142,1,9,29,31,1;                                                      33P     24
144,9,1,0,33;                                                         35P     25
314,29.8039215686275,29.8039215686275,29.8039215686275,;              37P     26
110,16.,12.7,-11.3,16.,12.7,988.7;                                    39P     27
110,17.45,12.7,-11.3,17.45,12.7,-5.7;                                 41P     28
120,39,41,0.,6.28318530717959;                                        43P     29
126,1,1,1,0,1,0,0.,0.,1.,1.,1.,1.,1.,3.141592654,0.,0.,               45P     30
3.141592654,0.,0.,1.,0.,0.,1.;                                        45P     31
110,14.55,12.7,-5.7,14.55,12.7,-11.3;                                 47P     32
126,1,1,1,0,1,0,0.,0.,1.,1.,1.,1.,0.,3.141592654,0.,0.,               49P     33
6.283185307,0.,0.,1.,0.,0.,1.;                                        49P     34
100,-11.3,16.,12.7,14.55,12.7,17.45,12.7;                             51P     35
126,1,1,1,0,1,0,0.,0.,1.,1.,1.,1.,0.,6.283185307,0.,1.,               53P     36
6.283185307,0.,0.,1.,0.,0.,1.;                                        53P     37
110,17.45,12.7,-11.3,17.45,12.7,-5.7;                                 55P     38
126,1,1,1,0,1,0,0.,0.,1.,1.,1.,1.,1.,6.283185307,0.,1.,               57P     39
3.141592654,0.,0.,1.,0.,0.,1.;                                        57P     40
124,1.,-7.105427357601E-015,0.,9.0272234132272E-014,                  59P     41
-7.105427357601E-015,-1.,6.98296267768627E-015,                       59P     42
25.4000000000002,-4.96169340471387E-029,-6.98296267768627E-015,       59P     43
-1.,-11.3999999999999;                                                59P     44
100,-5.7,16.,12.7,17.45,12.7,14.55,12.7;                              61P     45
102,4,45,49,53,57;                                                    63P     46
102,4,47,51,55,61;                                                    65P     47
142,1,43,63,65,1;                                                     67P     48
144,43,1,0,67;                                                        69P     49
314,29.8039215686275,29.8039215686275,29.8039215686275,;              71P     50
128,1,1,1,1,0,0,1,0,0,0.,0.,1.,1.,0.,0.,1.,1.,1.,1.,1.,1.,            73P     51
14.5326,11.2326,-11.3,17.4674,11.2326,-11.3,14.5326,14.1674,          73P     52
-11.3,17.4674,14.1674,-11.3,0.,1.,0.,1.;                              73P     53
126,32,2,1,0,1,0,0.,0.,0.,0.0625,0.0625,0.125,0.125,0.1875,           75P     54
0.1875,0.25,0.25,0.3125,0.3125,0.375,0.375,0.4375,0.4375,0.5,         75P     55
0.5,0.5625,0.5625,0.625,0.625,0.6875,0.6875,0.75,0.75,0.8125,         75P     56
0.8125,0.875,0.875,0.9375,0.9375,1.,1.,1.,1.,1.,1.,1.,1.,1.,1.,       75P     57
1.,1.,1.,1.,1.,1.,1.,1.,1.,1.,1.,1.,1.,1.,1.,1.,1.,1.,1.,1.,1.,       75P     58
1.,1.,1.,1.,1.,0.005928854,0.5,0.,0.005928854,0.451338239,0.,         75P     59
0.015422292,0.403611501,0.,0.024915731,0.355884763,0.,                75P     60
0.04353778,0.310927158,0.,0.06215983,0.265969553,0.,                  75P     61
0.089194856,0.225508778,0.,0.116229881,0.185048003,0.,                75P     62
0.150638942,0.150638942,0.,0.185048003,0.116229881,0.,                75P     63
0.225508778,0.089194856,0.,0.265969553,0.06215983,0.,                 75P     64
0.310927158,0.04353778,0.,0.355884763,0.024915731,0.,                 75P     65
0.403611501,0.015422292,0.,0.451338239,0.005928854,0.,0.5,            75P     66
0.005928854,0.,0.548661761,0.005928854,0.,0.596388499,                75P     67
0.015422292,0.,0.644115237,0.024915731,0.,0.689072842,                75P     68
0.04353778,0.,0.734030447,0.06215983,0.,0.774491222,                  75P     69
0.089194856,0.,0.814951997,0.116229881,0.,0.849361058,                75P     70
0.150638942,0.,0.883770119,0.185048003,0.,0.910805144,                75P     71
0.225508778,0.,0.93784017,0.265969553,0.,0.95646222,                  75P     72
0.310927158,0.,0.975084269,0.355884763,0.,0.984577708,                75P     73
0.403611501,0.,0.994071146,0.451338239,0.,0.994071146,0.5,0.,         75P     74
0.,1.,0.,0.,-1.;                                                      75P     75
100,-11.3,16.,12.7,14.55,12.7,17.45,12.7;                             77P     76
126,32,2,1,0,1,0,0.,0.,0.,0.0625,0.0625,0.125,0.125,0.1875,           79P     77
0.1875,0.25,0.25,0.3125,0.3125,0.375,0.375,0.4375,0.4375,0.5,         79P     78
0.5,0.5625,0.5625,0.625,0.625,0.6875,0.6875,0.75,0.75,0.8125,         79P     79
0.8125,0.875,0.875,0.9375,0.9375,1.,1.,1.,1.,1.,1.,1.,1.,1.,1.,       79P     80
1.,1.,1.,1.,1.,1.,1.,1.,1.,1.,1.,1.,1.,1.,1.,1.,1.,1.,1.,1.,1.,       79P     81
1.,1.,1.,1.,1.,0.994071146,0.5,0.,0.994071146,0.548661761,0.,         79P     82
0.984577708,0.596388499,0.,0.975084269,0.644115237,0.,                79P     83
0.95646222,0.689072842,0.,0.93784017,0.734030447,0.,                  79P     84
0.910805144,0.774491222,0.,0.883770119,0.814951997,0.,                79P     85
0.849361058,0.849361058,0.,0.814951997,0.883770119,0.,                79P     86
0.774491222,0.910805144,0.,0.734030447,0.93784017,0.,                 79P     87
0.689072842,0.95646222,0.,0.644115237,0.975084269,0.,                 79P     88
0.596388499,0.984577708,0.,0.548661761,0.994071146,0.,0.5,            79P     89
0.994071146,0.,0.451338239,0.994071146,0.,0.403611501,                79P     90
0.984577708,0.,0.355884763,0.975084269,0.,0.310927158,                79P     91
0.95646222,0.,0.265969553,0.93784017,0.,0.225508778,                  79P     92
0.910805144,0.,0.185048003,0.883770119,0.,0.150638942,                79P     93
0.849361058,0.,0.116229881,0.814951997,0.,0.089194856,                79P     94
0.774491222,0.,0.06215983,0.734030447,0.,0.04353778,                  79P     95
0.689072842,0.,0.024915731,0.644115237,0.,0.015422292,                79P     96
0.596388499,0.,0.005928854,0.548661761,0.,0.005928854,0.5,0.,         79P     97
0.,1.,0.,0.,-1.;                                                      79P     98
100,-11.3,16.,12.7,17.45,12.7,14.55,12.7;                             81P     99
102,2,75,79;                                                          83P    100
102,2,77,81;                                                          85P    101
142,1,73,83,85,1;                                                     87P    102
144,73,1,0,87;                                                        89P    103
314,29.8039215686275,29.8039215686275,29.8039215686275,;              91P    104
128,1,1,1,1,0,0,1,0,0,0.,0.,1.,1.,0.,0.,1.,1.,1.,1.,1.,1.,            93P    105
14.5326,11.2326,-5.7,17.4674,11.2326,-5.7,14.5326,14.1674,-5.7,       93P    106
17.4674,14.1674,-5.7,0.,1.,0.,1.;                                     93P    107
126,32,2,1,0,1,0,0.,0.,0.,0.0625,0.0625,0.125,0.125,0.1875,           95P    108
0.1875,0.25,0.25,0.3125,0.3125,0.375,0.375,0.4375,0.4375,0.5,         95P    109
0.5,0.5625,0.5625,0.625,0.625,0.6875,0.6875,0.75,0.75,0.8125,         95P    110
0.8125,0.875,0.875,0.9375,0.9375,1.,1.,1.,1.,1.,1.,1.,1.,1.,1.,       95P    111
1.,1.,1.,1.,1.,1.,1.,1.,1.,1.,1.,1.,1.,1.,1.,1.,1.,1.,1.,1.,1.,       95P    112
1.,1.,1.,1.,1.,0.994071146,0.5,0.,0.994071146,0.548661761,0.,         95P    113
0.984577708,0.596388499,0.,0.975084269,0.644115237,0.,                95P    114
0.95646222,0.689072842,0.,0.93784017,0.734030447,0.,                  95P    115
0.910805144,0.774491222,0.,0.883770119,0.814951997,0.,                95P    116
0.849361058,0.849361058,0.,0.814951997,0.883770119,0.,                95P    117
0.774491222,0.910805144,0.,0.734030447,0.93784017,0.,                 95P    118
0.689072842,0.95646222,0.,0.644115237,0.975084269,0.,                 95P    119
0.596388499,0.984577708,0.,0.548661761,0.994071146,0.,0.5,            95P    120
0.994071146,0.,0.451338239,0.994071146,0.,0.403611501,                95P    121
0.984577708,0.,0.355884763,0.975084269,0.,0.310927158,                95P    122
0.95646222,0.,0.265969553,0.93784017,0.,0.225508778,                  95P    123
0.910805144,0.,0.185048003,0.883770119,0.,0.150638942,                95P    124
0.849361058,0.,0.116229881,0.814951997,0.,0.089194856,                95P    125
0.774491222,0.,0.06215983,0.734030447,0.,0.04353778,                  95P    126
0.689072842,0.,0.024915731,0.644115237,0.,0.015422292,                95P    127
0.596388499,0.,0.005928854,0.548661761,0.,0.005928854,0.5,0.,         95P    128
0.,1.,0.,0.,-1.;                                                      95P    129
100,-5.7,16.,12.7,17.45,12.7,14.55,12.7;                              97P    130
126,32,2,1,0,1,0,0.,0.,0.,0.0625,0.0625,0.125,0.125,0.1875,           99P    131
0.1875,0.25,0.25,0.3125,0.3125,0.375,0.375,0.4375,0.4375,0.5,         99P    132
0.5,0.5625,0.5625,0.625,0.625,0.6875,0.6875,0.75,0.75,0.8125,         99P    133
0.8125,0.875,0.875,0.9375,0.9375,1.,1.,1.,1.,1.,1.,1.,1.,1.,1.,       99P    134
1.,1.,1.,1.,1.,1.,1.,1.,1.,1.,1.,1.,1.,1.,1.,1.,1.,1.,1.,1.,1.,       99P    135
1.,1.,1.,1.,1.,0.005928854,0.5,0.,0.005928854,0.451338239,0.,         99P    136
0.015422292,0.403611501,0.,0.024915731,0.355884763,0.,                99P    137
0.04353778,0.310927158,0.,0.06215983,0.265969553,0.,                  99P    138
0.089194856,0.225508778,0.,0.116229881,0.185048003,0.,                99P    139
0.150638942,0.150638942,0.,0.185048003,0.116229881,0.,                99P    140
0.225508778,0.089194856,0.,0.265969553,0.06215983,0.,                 99P    141
0.310927158,0.04353778,0.,0.355884763,0.024915731,0.,                 99P    142
0.403611501,0.015422292,0.,0.451338239,0.005928854,0.,0.5,            99P    143
0.005928854,0.,0.548661761,0.005928854,0.,0.596388499,                99P    144
0.015422292,0.,0.644115237,0.024915731,0.,0.689072842,                99P    145
0.04353778,0.,0.734030447,0.06215983,0.,0.774491222,                  99P    146
0.089194856,0.,0.814951997,0.116229881,0.,0.849361058,                99P    147
0.150638942,0.,0.883770119,0.185048003,0.,0.910805144,                99P    148
0.225508778,0.,0.93784017,0.265969553,0.,0.95646222,                  99P    149
0.310927158,0.,0.975084269,0.355884763,0.,0.984577708,                99P    150
0.403611501,0.,0.994071146,0.451338239,0.,0.994071146,0.5,0.,         99P    151
0.,1.,0.,0.,-1.;                                                      99P    152
100,-5.7,16.,12.7,14.55,12.7,17.45,12.7;                             101P    153
102,2,95,99;                                                         103P    154
102,2,97,101;                                                        105P    155
142,1,93,103,105,1;                                                  107P    156
144,93,1,0,107;                                                      109P    157
314,29.8039215686275,29.8039215686275,29.8039215686275,;             111P    158
110,16.,23.35,-16.,16.,-976.65,-16.;                                 113P    159
110,16.,23.35,-22.975,16.,18.05,-22.975;                             115P    160
120,113,115,0.,6.28318530717959;                                     117P    161
126,1,1,1,0,1,0,0.,0.,1.,1.,1.,1.,0.,0.,0.,0.,3.141592654,0.,        119P    162
0.,1.,0.,0.,1.;                                                      119P    163
124,1.40271576953299E-014,1.,0.,-7.35000000000022,                   121P    164
-6.12323399573677E-017,8.58915688636046E-031,-1.,7.35,-1.,           121P    165
1.40271576953299E-014,6.12323399573677E-017,                         121P    166
-3.22124824732442E-013;                                              121P    167
100,-16.,16.,23.35,22.975,23.35,9.025,23.35;                         123P    168
126,1,1,1,0,1,0,0.,0.,1.,1.,1.,1.,0.,3.141592654,0.,1.,              125P    169
3.141592654,0.,0.,1.,0.,0.,1.;                                       125P    170
110,16.,23.35,-9.025,16.,18.05,-9.025;                               127P    171
126,1,1,1,0,1,0,0.,0.,1.,1.,1.,1.,1.,3.141592654,0.,1.,0.,0.,        129P    172
0.,1.,0.,0.,1.;                                                      129P    173
124,1.40271576953299E-014,1.,0.,-2.05000000000022,                   131P    174
-6.12323399573677E-017,8.58915688636046E-031,1.,34.05,1.,            131P    175
-1.40271576953299E-014,6.12323399573677E-017,-31.9999999999998;      131P    176
100,-16.,16.,18.05,22.975,18.05,9.025,18.05;                         133P    177
126,1,1,1,0,1,0,0.,0.,1.,1.,1.,1.,1.,0.,0.,0.,0.,0.,0.,1.,0.,        135P    178
0.,1.;                                                               135P    179
110,16.,18.05,-22.975,16.,23.35,-22.975;                             137P    180
102,4,119,125,129,135;                                               139P    181
102,4,123,127,133,137;                                               141P    182
142,1,117,139,141,1;                                                 143P    183
144,117,1,0,143;                                                     145P    184
314,29.8039215686275,29.8039215686275,29.8039215686275,;             147P    185
110,16.,18.05,-16.,16.,-981.95,-16.;                                 149P    186
110,16.,18.05,-21.925,16.,16.05,-21.925;                             151P    187
120,149,151,0.,6.28318530717959;                                     153P    188
126,1,1,1,0,1,0,0.,0.,1.,1.,1.,1.,0.,0.,0.,0.,3.141592654,0.,        155P    189
0.,1.,0.,0.,1.;                                                      155P    190
124,1.40271576953299E-014,1.,0.,-2.05000000000023,                   157P    191
-6.12323399573677E-017,8.58915688636046E-031,-1.,2.05,-1.,           157P    192
1.40271576953299E-014,6.12323399573677E-017,                         157P    193
-2.4745635754542E-013;                                               157P    194
100,-16.,16.,18.05,21.925,18.05,10.075,18.05;                        159P    195
126,1,1,1,0,1,0,0.,0.,1.,1.,1.,1.,0.,3.141592654,0.,1.,              161P    196
3.141592654,0.,0.,1.,0.,0.,1.;                                       161P    197
110,16.,18.05,-10.075,16.,16.05,-10.075;                             163P    198
126,1,1,1,0,1,0,0.,0.,1.,1.,1.,1.,1.,3.141592654,0.,1.,0.,0.,        165P    199
0.,1.,0.,0.,1.;                                                      165P    200
124,1.40271576953299E-014,1.,0.,-0.0500000000002213,                 167P    201
-6.12323399573677E-017,8.58915688636046E-031,1.,32.05,1.,            167P    202
-1.40271576953299E-014,6.12323399573677E-017,-31.9999999999998;      167P    203
100,-16.,16.,16.05,21.925,16.05,10.075,16.05;                        169P    204
126,1,1,1,0,1,0,0.,0.,1.,1.,1.,1.,1.,0.,0.,0.,0.,0.,0.,1.,0.,        171P    205
0.,1.;                                                               171P    206
110,16.,16.05,-21.925,16.,18.05,-21.925;                             173P    207
102,4,155,161,165,171;                                               175P    208
102,4,159,163,169,173;                                               177P    209
142,1,153,175,177,1;                                                 179P    210
144,153,1,0,179;                                                     181P    211
314,29.8039215686275,29.8039215686275,29.8039215686275,;             183P    212
110,16.,16.05,-16.,16.,-983.95,-16.;                                 185P    213
110,16.,16.05,-23.5,16.,9.35,-23.5;                                  187P    214
120,185,187,0.,6.28318530717959;                                     189P    215
126,1,1,1,0,1,0,0.,0.,1.,1.,1.,1.,0.,0.,0.,0.,3.141592654,0.,        191P    216
0.,1.,0.,0.,1.;                                                      191P    217
124,1.40271576953299E-014,1.,0.,-0.0500000000002235,                 193P    218
-6.12323399573677E-017,8.58915688636046E-031,-1.,                    193P    219
0.0500000000000014,-1.,1.40271576953299E-014,                        193P    220
6.12323399573677E-017,-2.19279577474845E-013;                        193P    221
100,-16.,16.,16.05,23.5,16.05,8.5,16.05;                             195P    222
126,1,1,1,0,1,0,0.,0.,1.,1.,1.,1.,0.,3.141592654,0.,1.,              197P    223
3.141592654,0.,0.,1.,0.,0.,1.;                                       197P    224
110,16.,16.05,-8.5,16.,9.35,-8.5;                                    199P    225
126,1,1,1,0,1,0,0.,0.,1.,1.,1.,1.,1.,3.141592654,0.,1.,0.,0.,        201P    226
0.,1.,0.,0.,1.;                                                      201P    227
124,1.40271576953299E-014,1.,0.,6.64999999999978,                    203P    228
-6.12323399573677E-017,8.58915688636046E-031,1.,25.35,1.,            203P    229
-1.40271576953299E-014,6.12323399573677E-017,-31.9999999999999;      203P    230
100,-16.,16.,9.35,23.5,9.35,8.5,9.35;                                205P    231
126,1,1,1,0,1,0,0.,0.,1.,1.,1.,1.,1.,0.,0.,0.,0.,0.,0.,1.,0.,        207P    232
0.,1.;                                                               207P    233
110,16.,9.35,-23.5,16.,16.05,-23.5;                                  209P    234
102,4,191,197,201,207;                                               211P    235
102,4,195,199,205,209;                                               213P    236
142,1,189,211,213,1;                                                 215P    237
144,189,1,0,215;                                                     217P    238
110,30.,1.6,-30.,30.,-998.4,-30.;                                    219P    239
110,30.,1.6,-31.22,30.,0.,-31.22;                                    221P    240
120,219,221,0.,6.28318530717959;                                     223P    241
126,1,1,1,0,1,0,0.,0.,1.,1.,1.,1.,0.,6.283185307,0.,1.,              225P    242
6.283185307,0.,0.,1.,0.,0.,1.;                                       225P    243
110,30.,1.6,-31.22,30.,0.,-31.22;                                    227P    244
126,1,1,1,0,1,0,0.,0.,1.,1.,1.,1.,1.,6.283185307,0.,1.,              229P    245
3.141592654,0.,0.,1.,0.,0.,1.;                                       229P    246
124,6.12323399573677E-017,-1.,0.,30.,6.12323399573677E-017,          231P    247
3.74939945665464E-033,1.,30.,-1.,-6.12323399573677E-017,             231P    248
6.12323399573677E-017,-6.73440045841878E-015;                        231P    249
100,-30.,30.,0.,31.22,0.,28.78,0.;                                   233P    250
126,1,1,1,0,1,0,0.,0.,1.,1.,1.,1.,1.,3.141592654,0.,0.,              235P    251
3.141592654,0.,0.,1.,0.,0.,1.;                                       235P    252
110,30.,0.,-28.78,30.,1.6,-28.78;                                    237P    253
126,1,1,1,0,1,0,0.,0.,1.,1.,1.,1.,0.,3.141592654,0.,0.,              239P    254
6.283185307,0.,0.,1.,0.,0.,1.;                                       239P    255
124,6.12323399573677E-017,-1.,0.,31.6,6.12323399573677E-017,         241P    256
3.74939945665464E-033,-1.,-28.4,1.,6.12323399573677E-017,            241P    257
6.12323399573677E-017,-60.;                                          241P    258
100,-30.,30.,1.6,31.22,1.6,28.78,1.6;                                243P    259
102,4,225,229,235,239;                                               245P    260
102,4,227,233,237,243;                                               247P    261
142,1,223,245,247,1;                                                 249P    262
144,223,1,0,249;                                                     251P    263
110,30.,1.6,-2.,30.,-998.4,-2.;                                      253P    264
110,30.,1.6,-3.22,30.,0.,-3.22;                                      255P    265
120,253,255,0.,6.28318530717959;                                     257P    266
126,1,1,1,0,1,0,0.,0.,1.,1.,1.,1.,0.,6.283185307,0.,1.,              259P    267
6.283185307,0.,0.,1.,0.,0.,1.;                                       259P    268
110,30.,1.6,-3.22,30.,0.,-3.22;                                      261P    269
126,1,1,1,0,1,0,0.,0.,1.,1.,1.,1.,1.,6.283185307,0.,1.,              263P    270
3.141592654,0.,0.,1.,0.,0.,1.;                                       263P    271
124,6.12323399573677E-017,-1.,0.,30.,6.12323399573677E-017,          265P    272
3.74939945665464E-033,1.,2.,-1.,-6.12323399573677E-017,              265P    273
6.12323399573677E-017,28.;                                           265P    274
100,-2.,30.,0.,31.22,0.,28.78,0.;                                    267P    275
126,1,1,1,0,1,0,0.,0.,1.,1.,1.,1.,1.,3.141592654,0.,0.,              269P    276
3.141592654,0.,0.,1.,0.,0.,1.;                                       269P    277
110,30.,0.,-0.78,30.,1.6,-0.78;                                      271P    278
126,1,1,1,0,1,0,0.,0.,1.,1.,1.,1.,0.,3.141592654,0.,0.,              273P    279
6.283185307,0.,0.,1.,0.,0.,1.;                                       273P    280
124,6.12323399573677E-017,-1.,0.,31.6,6.12323399573677E-017,         275P    281
3.74939945665464E-033,-1.,-0.400000000000002,1.,                     275P    282
6.12323399573677E-017,6.12323399573677E-017,-32.;                    275P    283
100,-2.,30.,1.6,31.22,1.6,28.78,1.6;                                 277P    284
102,4,259,263,269,273;                                               279P    285
102,4,261,267,271,277;                                               281P    286
142,1,257,279,281,1;                                                 283P    287
144,257,1,0,283;                                                     285P    288
110,2.,1.6,-2.,2.,-998.4,-2.;                                        287P    289
110,2.,1.6,-3.22,2.,0.,-3.22;                                        289P    290
120,287,289,0.,6.28318530717959;                                     291P    291
126,1,1,1,0,1,0,0.,0.,1.,1.,1.,1.,0.,6.283185307,0.,1.,              293P    292
6.283185307,0.,0.,1.,0.,0.,1.;                                       293P    293
110,2.,1.6,-3.22,2.,0.,-3.22;                                        295P    294
126,1,1,1,0,1,0,0.,0.,1.,1.,1.,1.,1.,6.283185307,0.,1.,              297P    295
3.141592654,0.,0.,1.,0.,0.,1.;                                       297P    296
124,6.12323399573677E-017,-1.,0.,2.,6.12323399573677E-017,           299P    297
3.74939945665464E-033,1.,2.,-1.,-6.12323399573677E-017,              299P    298
6.12323399573677E-017,6.78610228823672E-016;                         299P    299
100,-2.,2.,0.,3.22,0.,0.78,0.;                                       301P    300
126,1,1,1,0,1,0,0.,0.,1.,1.,1.,1.,1.,3.141592654,0.,0.,              303P    301
3.141592654,0.,0.,1.,0.,0.,1.;                                       303P    302
110,2.,0.,-0.78,2.,1.6,-0.78;                                        305P    303
126,1,1,1,0,1,0,0.,0.,1.,1.,1.,1.,0.,3.141592654,0.,0.,              307P    304
6.283185307,0.,0.,1.,0.,0.,1.;                                       307P    305
124,6.12323399573677E-017,-1.,0.,3.6,6.12323399573677E-017,          309P    306
3.74939945665464E-033,-1.,-0.4,1.,6.12323399573677E-017,             309P    307
6.12323399573677E-017,-4.;                                           309P    308
100,-2.,2.,1.6,3.22,1.6,0.78,1.6;                                    311P    309
102,4,293,297,303,307;                                               313P    310
102,4,295,301,305,311;                                               315P    311
142,1,291,313,315,1;                                                 317P    312
144,291,1,0,317;                                                     319P    313
110,2.,1.6,-30.,2.,-998.4,-30.;                                      321P    314
110,2.,1.6,-31.22,2.,0.,-31.22;                                      323P    315
120,321,323,0.,6.28318530717959;                                     325P    316
126,1,1,1,0,1,0,0.,0.,1.,1.,1.,1.,0.,6.283185307,0.,1.,              327P    317
6.283185307,0.,0.,1.,0.,0.,1.;                                       327P    318
110,2.,1.6,-31.22,2.,0.,-31.22;                                      329P    319
126,1,1,1,0,1,0,0.,0.,1.,1.,1.,1.,1.,6.283185307,0.,1.,              331P    320
3.141592654,0.,0.,1.,0.,0.,1.;                                       331P    321
124,6.12323399573677E-017,-1.,0.,2.,6.12323399573677E-017,           333P    322
3.74939945665464E-033,1.,30.,-1.,-6.12323399573677E-017,             333P    323
6.12323399573677E-017,-28.;                                          333P    324
100,-30.,2.,0.,3.22,0.,0.78,0.;                                      335P    325
126,1,1,1,0,1,0,0.,0.,1.,1.,1.,1.,1.,3.141592654,0.,0.,              337P    326
3.141592654,0.,0.,1.,0.,0.,1.;                                       337P    327
110,2.,0.,-28.78,2.,1.6,-28.78;                                      339P    328
126,1,1,1,0,1,0,0.,0.,1.,1.,1.,1.,0.,3.141592654,0.,0.,              341P    329
6.283185307,0.,0.,1.,0.,0.,1.;                                       341P    330
124,6.12323399573677E-017,-1.,0.,3.6,6.12323399573677E-017,          343P    331
3.74939945665464E-033,-1.,-28.4,1.,6.12323399573677E-017,            343P    332
6.12323399573677E-017,-32.;                                          343P    333
100,-30.,2.,1.6,3.22,1.6,0.78,1.6;                                   345P    334
102,4,327,331,337,341;                                               347P    335
102,4,329,335,339,345;                                               349P    336
142,1,325,347,349,1;                                                 351P    337
144,325,1,0,351;                                                     353P    338
128,1,1,1,1,0,0,1,0,0,0.,0.,1.,1.,0.,0.,1.,1.,1.,1.,1.,1.,0.,        355P    339
0.,0.,0.,0.,-32.,32.,0.,0.,32.,0.,-32.,0.,1.,0.,1.;                  355P    340
126,1,1,1,0,1,0,0.,0.,1.,1.,1.,1.,0.,0.,0.,1.,0.,0.,0.,1.,0.,        357P    341
0.,1.;                                                               357P    342
110,0.,0.,0.,0.,0.,-32.;                                             359P    343
126,1,1,1,0,1,0,0.,0.,1.,1.,1.,1.,1.,0.,0.,1.,1.,0.,0.,1.,0.,        361P    344
0.,1.;                                                               361P    345
110,0.,0.,-32.,32.,0.,-32.;                                          363P    346
126,1,1,1,0,1,0,0.,0.,1.,1.,1.,1.,1.,1.,0.,0.,1.,0.,0.,1.,0.,        365P    347
0.,1.;                                                               365P    348
110,32.,0.,-32.,32.,0.,0.;                                           367P    349
126,1,1,1,0,1,0,0.,0.,1.,1.,1.,1.,0.,1.,0.,0.,0.,0.,0.,1.,0.,        369P    350
0.,1.;                                                               369P    351
110,32.,0.,0.,0.,0.,0.;                                              371P    352
102,4,357,361,365,369;                                               373P    353
102,4,359,363,367,371;                                               375P    354
142,1,355,373,375,1;                                                 377P    355
126,32,2,1,0,1,0,0.,0.,0.,0.0625,0.0625,0.125,0.125,0.1875,          379P    356
0.1875,0.25,0.25,0.3125,0.3125,0.375,0.375,0.4375,0.4375,0.5,        379P    357
0.5,0.5625,0.5625,0.625,0.625,0.6875,0.6875,0.75,0.75,0.8125,        379P    358
0.8125,0.875,0.875,0.9375,0.9375,1.,1.,1.,1.,1.,1.,1.,1.,1.,1.,      379P    359
1.,1.,1.,1.,1.,1.,1.,1.,1.,1.,1.,1.,1.,1.,1.,1.,1.,1.,1.,1.,1.,      379P    360
1.,1.,1.,1.,1.,0.100625,0.9375,0.,0.100625,0.933745015,0.,           379P    361
0.099892439,0.930062181,0.,0.099159878,0.926379348,0.,               379P    362
0.097722907,0.922910194,0.,0.096285937,0.919441041,0.,               379P    363
0.094199779,0.916318885,0.,0.092113621,0.913196729,0.,               379P    364
0.089458446,0.910541554,0.,0.086803271,0.907886379,0.,               379P    365
0.083681115,0.905800221,0.,0.080558959,0.903714063,0.,               379P    366
0.077089806,0.902277093,0.,0.073620652,0.900840122,0.,               379P    367
0.069937819,0.900107561,0.,0.066254985,0.899375,0.,0.0625,           379P    368
0.899375,0.,0.058745015,0.899375,0.,0.055062181,0.900107561,0.,      379P    369
0.051379348,0.900840122,0.,0.047910194,0.902277093,0.,               379P    370
0.044441041,0.903714063,0.,0.041318885,0.905800221,0.,               379P    371
0.038196729,0.907886379,0.,0.035541554,0.910541554,0.,               379P    372
0.032886379,0.913196729,0.,0.030800221,0.916318885,0.,               379P    373
0.028714063,0.919441041,0.,0.027277093,0.922910194,0.,               379P    374
0.025840122,0.926379348,0.,0.025107561,0.930062181,0.,0.024375,      379P    375
0.933745015,0.,0.024375,0.9375,0.,0.,1.,0.,0.,1.;                    379P    376
124,6.12323399573677E-017,-1.,0.,30.,6.12323399573677E-017,          381P    377
3.74939945665464E-033,1.,2.,-1.,-6.12323399573677E-017,              381P    378
6.12323399573677E-017,28.;                                           381P    379
100,-2.,30.,0.,31.22,0.,28.78,0.;                                    383P    380
126,32,2,1,0,1,0,0.,0.,0.,0.0625,0.0625,0.125,0.125,0.1875,          385P    381
0.1875,0.25,0.25,0.3125,0.3125,0.375,0.375,0.4375,0.4375,0.5,        385P    382
0.5,0.5625,0.5625,0.625,0.625,0.6875,0.6875,0.75,0.75,0.8125,        385P    383
0.8125,0.875,0.875,0.9375,0.9375,1.,1.,1.,1.,1.,1.,1.,1.,1.,1.,      385P    384
1.,1.,1.,1.,1.,1.,1.,1.,1.,1.,1.,1.,1.,1.,1.,1.,1.,1.,1.,1.,1.,      385P    385
1.,1.,1.,1.,1.,0.024375,0.9375,0.,0.024375,0.941254985,0.,           385P    386
0.025107561,0.944937819,0.,0.025840122,0.948620652,0.,               385P    387
0.027277093,0.952089806,0.,0.028714063,0.955558959,0.,               385P    388
0.030800221,0.958681115,0.,0.032886379,0.961803271,0.,               385P    389
0.035541554,0.964458446,0.,0.038196729,0.967113621,0.,               385P    390
0.041318885,0.969199779,0.,0.044441041,0.971285937,0.,               385P    391
0.047910194,0.972722907,0.,0.051379348,0.974159878,0.,               385P    392
0.055062181,0.974892439,0.,0.058745015,0.975625,0.,0.0625,           385P    393
0.975625,0.,0.066254985,0.975625,0.,0.069937819,0.974892439,0.,      385P    394
0.073620652,0.974159878,0.,0.077089806,0.972722907,0.,               385P    395
0.080558959,0.971285937,0.,0.083681115,0.969199779,0.,               385P    396
0.086803271,0.967113621,0.,0.089458446,0.964458446,0.,               385P    397
0.092113621,0.961803271,0.,0.094199779,0.958681115,0.,               385P    398
0.096285937,0.955558959,0.,0.097722907,0.952089806,0.,               385P    399
0.099159878,0.948620652,0.,0.099892439,0.944937819,0.,0.100625,      385P    400
0.941254985,0.,0.100625,0.9375,0.,0.,1.,0.,0.,1.;                    385P    401
124,1.40271576953299E-014,1.,0.,29.9999999999996,                    387P    402
-6.12323399573677E-017,8.58915688636046E-031,1.,2.,1.,               387P    403
-1.40271576953299E-014,6.12323399573677E-017,-32.;                   387P    404
100,-2.,30.,0.,31.22,0.,28.78,0.;                                    389P    405
102,2,379,385;                                                       391P    406
102,2,383,389;                                                       393P    407
142,1,355,391,393,1;                                                 395P    408
126,32,2,1,0,1,0,0.,0.,0.,0.0625,0.0625,0.125,0.125,0.1875,          397P    409
0.1875,0.25,0.25,0.3125,0.3125,0.375,0.375,0.4375,0.4375,0.5,        397P    410
0.5,0.5625,0.5625,0.625,0.625,0.6875,0.6875,0.75,0.75,0.8125,        397P    411
0.8125,0.875,0.875,0.9375,0.9375,1.,1.,1.,1.,1.,1.,1.,1.,1.,1.,      397P    412
1.,1.,1.,1.,1.,1.,1.,1.,1.,1.,1.,1.,1.,1.,1.,1.,1.,1.,1.,1.,1.,      397P    413
1.,1.,1.,1.,1.,0.975625,0.0625,0.,0.975625,0.058745015,0.,           397P    414
0.974892439,0.055062181,0.,0.974159878,0.051379348,0.,               397P    415
0.972722907,0.047910194,0.,0.971285937,0.044441041,0.,               397P    416
0.969199779,0.041318885,0.,0.967113621,0.038196729,0.,               397P    417
0.964458446,0.035541554,0.,0.961803271,0.032886379,0.,               397P    418
0.958681115,0.030800221,0.,0.955558959,0.028714063,0.,               397P    419
0.952089806,0.027277093,0.,0.948620652,0.025840122,0.,               397P    420
0.944937819,0.025107561,0.,0.941254985,0.024375,0.,0.9375,           397P    421
0.024375,0.,0.933745015,0.024375,0.,0.930062181,0.025107561,0.,      397P    422
0.926379348,0.025840122,0.,0.922910194,0.027277093,0.,               397P    423
0.919441041,0.028714063,0.,0.916318885,0.030800221,0.,               397P    424
0.913196729,0.032886379,0.,0.910541554,0.035541554,0.,               397P    425
0.907886379,0.038196729,0.,0.905800221,0.041318885,0.,               397P    426
0.903714063,0.044441041,0.,0.902277093,0.047910194,0.,               397P    427
0.900840122,0.051379348,0.,0.900107561,0.055062181,0.,0.899375,      397P    428
0.058745015,0.,0.899375,0.0625,0.,0.,1.,0.,0.,1.;                    397P    429
124,6.12323399573677E-017,-1.,0.,2.,6.12323399573677E-017,           399P    430
3.74939945665464E-033,1.,30.,-1.,-6.12323399573677E-017,             399P    431
6.12323399573677E-017,-28.;                                          399P    432
100,-30.,2.,0.,3.22,0.,0.78,0.;                                      401P    433
126,32,2,1,0,1,0,0.,0.,0.,0.0625,0.0625,0.125,0.125,0.1875,          403P    434
0.1875,0.25,0.25,0.3125,0.3125,0.375,0.375,0.4375,0.4375,0.5,        403P    435
0.5,0.5625,0.5625,0.625,0.625,0.6875,0.6875,0.75,0.75,0.8125,        403P    436
0.8125,0.875,0.875,0.9375,0.9375,1.,1.,1.,1.,1.,1.,1.,1.,1.,1.,      403P    437
1.,1.,1.,1.,1.,1.,1.,1.,1.,1.,1.,1.,1.,1.,1.,1.,1.,1.,1.,1.,1.,      403P    438
1.,1.,1.,1.,1.,0.899375,0.0625,0.,0.899375,0.066254985,0.,           403P    439
0.900107561,0.069937819,0.,0.900840122,0.073620652,0.,               403P    440
0.902277093,0.077089806,0.,0.903714063,0.080558959,0.,               403P    441
0.905800221,0.083681115,0.,0.907886379,0.086803271,0.,               403P    442
0.910541554,0.089458446,0.,0.913196729,0.092113621,0.,               403P    443
0.916318885,0.094199779,0.,0.919441041,0.096285937,0.,               403P    444
0.922910194,0.097722907,0.,0.926379348,0.099159878,0.,               403P    445
0.930062181,0.099892439,0.,0.933745015,0.100625,0.,0.9375,           403P    446
0.100625,0.,0.941254985,0.100625,0.,0.944937819,0.099892439,0.,      403P    447
0.948620652,0.099159878,0.,0.952089806,0.097722907,0.,               403P    448
0.955558959,0.096285937,0.,0.958681115,0.094199779,0.,               403P    449
0.961803271,0.092113621,0.,0.964458446,0.089458446,0.,               403P    450
0.967113621,0.086803271,0.,0.969199779,0.083681115,0.,               403P    451
0.971285937,0.080558959,0.,0.972722907,0.077089806,0.,               403P    452
0.974159878,0.073620652,0.,0.974892439,0.069937819,0.,0.975625,      403P    453
0.066254985,0.,0.975625,0.0625,0.,0.,1.,0.,0.,1.;                    403P    454
124,1.40271576953299E-014,1.,0.,1.99999999999997,                    405P    455
-6.12323399573677E-017,8.58915688636046E-031,1.,30.,1.,              405P    456
-1.40271576953299E-014,6.12323399573677E-017,-32.;                   405P    457
100,-30.,2.,0.,3.22,0.,0.78,0.;                                      407P    458
102,2,397,403;                                                       409P    459
102,2,401,407;                                                       411P    460
142,1,355,409,411,1;                                                 413P    461
126,32,2,1,0,1,0,0.,0.,0.,0.0625,0.0625,0.125,0.125,0.1875,          415P    462
0.1875,0.25,0.25,0.3125,0.3125,0.375,0.375,0.4375,0.4375,0.5,        415P    463
0.5,0.5625,0.5625,0.625,0.625,0.6875,0.6875,0.75,0.75,0.8125,        415P    464
0.8125,0.875,0.875,0.9375,0.9375,1.,1.,1.,1.,1.,1.,1.,1.,1.,1.,      415P    465
1.,1.,1.,1.,1.,1.,1.,1.,1.,1.,1.,1.,1.,1.,1.,1.,1.,1.,1.,1.,1.,      415P    466
1.,1.,1.,1.,1.,0.100625,0.0625,0.,0.100625,0.058745015,0.,           415P    467
0.099892439,0.055062181,0.,0.099159878,0.051379348,0.,               415P    468
0.097722907,0.047910194,0.,0.096285937,0.044441041,0.,               415P    469
0.094199779,0.041318885,0.,0.092113621,0.038196729,0.,               415P    470
0.089458446,0.035541554,0.,0.086803271,0.032886379,0.,               415P    471
0.083681115,0.030800221,0.,0.080558959,0.028714063,0.,               415P    472
0.077089806,0.027277093,0.,0.073620652,0.025840122,0.,               415P    473
0.069937819,0.025107561,0.,0.066254985,0.024375,0.,0.0625,           415P    474
0.024375,0.,0.058745015,0.024375,0.,0.055062181,0.025107561,0.,      415P    475
0.051379348,0.025840122,0.,0.047910194,0.027277093,0.,               415P    476
0.044441041,0.028714063,0.,0.041318885,0.030800221,0.,               415P    477
0.038196729,0.032886379,0.,0.035541554,0.035541554,0.,               415P    478
0.032886379,0.038196729,0.,0.030800221,0.041318885,0.,               415P    479
0.028714063,0.044441041,0.,0.027277093,0.047910194,0.,               415P    480
0.025840122,0.051379348,0.,0.025107561,0.055062181,0.,0.024375,      415P    481
0.058745015,0.,0.024375,0.0625,0.,0.,1.,0.,0.,1.;                    415P    482
124,6.12323399573677E-017,-1.,0.,2.,6.12323399573677E-017,           417P    483
3.74939945665464E-033,1.,2.,-1.,-6.12323399573677E-017,              417P    484
6.12323399573677E-017,6.78610228823672E-016;                         417P    485
100,-2.,2.,0.,3.22,0.,0.78,0.;                                       419P    486
126,32,2,1,0,1,0,0.,0.,0.,0.0625,0.0625,0.125,0.125,0.1875,          421P    487
0.1875,0.25,0.25,0.3125,0.3125,0.375,0.375,0.4375,0.4375,0.5,        421P    488
0.5,0.5625,0.5625,0.625,0.625,0.6875,0.6875,0.75,0.75,0.8125,        421P    489
0.8125,0.875,0.875,0.9375,0.9375,1.,1.,1.,1.,1.,1.,1.,1.,1.,1.,      421P    490
1.,1.,1.,1.,1.,1.,1.,1.,1.,1.,1.,1.,1.,1.,1.,1.,1.,1.,1.,1.,1.,      421P    491
1.,1.,1.,1.,1.,0.024375,0.0625,0.,0.024375,0.066254985,0.,           421P    492
0.025107561,0.069937819,0.,0.025840122,0.073620652,0.,               421P    493
0.027277093,0.077089806,0.,0.028714063,0.080558959,0.,               421P    494
0.030800221,0.083681115,0.,0.032886379,0.086803271,0.,               421P    495
0.035541554,0.089458446,0.,0.038196729,0.092113621,0.,               421P    496
0.041318885,0.094199779,0.,0.044441041,0.096285937,0.,               421P    497
0.047910194,0.097722907,0.,0.051379348,0.099159878,0.,               421P    498
0.055062181,0.099892439,0.,0.058745015,0.100625,0.,0.0625,           421P    499
0.100625,0.,0.066254985,0.100625,0.,0.069937819,0.099892439,0.,      421P    500
0.073620652,0.099159878,0.,0.077089806,0.097722907,0.,               421P    501
0.080558959,0.096285937,0.,0.083681115,0.094199779,0.,               421P    502
0.086803271,0.092113621,0.,0.089458446,0.089458446,0.,               421P    503
0.092113621,0.086803271,0.,0.094199779,0.083681115,0.,               421P    504
0.096285937,0.080558959,0.,0.097722907,0.077089806,0.,               421P    505
0.099159878,0.073620652,0.,0.099892439,0.069937819,0.,0.100625,      421P    506
0.066254985,0.,0.100625,0.0625,0.,0.,1.,0.,0.,1.;                    421P    507
124,1.40271576953299E-014,1.,0.,1.99999999999997,                    423P    508
-6.12323399573677E-017,8.58915688636046E-031,1.,2.,1.,               423P    509
-1.40271576953299E-014,6.12323399573677E-017,-4.;                    423P    510
100,-2.,2.,0.,3.22,0.,0.78,0.;                                       425P    511
102,2,415,421;                                                       427P    512
102,2,419,425;                                                       429P    513
142,1,355,427,429,1;                                                 431P    514
126,32,2,1,0,1,0,0.,0.,0.,0.0625,0.0625,0.125,0.125,0.1875,          433P    515
0.1875,0.25,0.25,0.3125,0.3125,0.375,0.375,0.4375,0.4375,0.5,        433P    516
0.5,0.5625,0.5625,0.625,0.625,0.6875,0.6875,0.75,0.75,0.8125,        433P    517
0.8125,0.875,0.875,0.9375,0.9375,1.,1.,1.,1.,1.,1.,1.,1.,1.,1.,      433P    518
1.,1.,1.,1.,1.,1.,1.,1.,1.,1.,1.,1.,1.,1.,1.,1.,1.,1.,1.,1.,1.,      433P    519
1.,1.,1.,1.,1.,0.975625,0.9375,0.,0.975625,0.933745015,0.,           433P    520
0.974892439,0.930062181,0.,0.974159878,0.926379348,0.,               433P    521
0.972722907,0.922910194,0.,0.971285937,0.919441041,0.,               433P    522
0.969199779,0.916318885,0.,0.967113621,0.913196729,0.,               433P    523
0.964458446,0.910541554,0.,0.961803271,0.907886379,0.,               433P    524
0.958681115,0.905800221,0.,0.955558959,0.903714063,0.,               433P    525
0.952089806,0.902277093,0.,0.948620652,0.900840122,0.,               433P    526
0.944937819,0.900107561,0.,0.941254985,0.899375,0.,0.9375,           433P    527
0.899375,0.,0.933745015,0.899375,0.,0.930062181,0.900107561,0.,      433P    528
0.926379348,0.900840122,0.,0.922910194,0.902277093,0.,               433P    529
0.919441041,0.903714063,0.,0.916318885,0.905800221,0.,               433P    530
0.913196729,0.907886379,0.,0.910541554,0.910541554,0.,               433P    531
0.907886379,0.913196729,0.,0.905800221,0.916318885,0.,               433P    532
0.903714063,0.919441041,0.,0.902277093,0.922910194,0.,               433P    533
0.900840122,0.926379348,0.,0.900107561,0.930062181,0.,0.899375,      433P    534
0.933745015,0.,0.899375,0.9375,0.,0.,1.,0.,0.,1.;                    433P    535
124,6.12323399573677E-017,-1.,0.,30.,6.12323399573677E-017,          435P    536
3.74939945665464E-033,1.,30.,-1.,-6.12323399573677E-017,             435P    537
6.12323399573677E-017,-6.73440045841878E-015;                        435P    538
100,-30.,30.,0.,31.22,0.,28.78,0.;                                   437P    539
126,32,2,1,0,1,0,0.,0.,0.,0.0625,0.0625,0.125,0.125,0.1875,          439P    540
0.1875,0.25,0.25,0.3125,0.3125,0.375,0.375,0.4375,0.4375,0.5,        439P    541
0.5,0.5625,0.5625,0.625,0.625,0.6875,0.6875,0.75,0.75,0.8125,        439P    542
0.8125,0.875,0.875,0.9375,0.9375,1.,1.,1.,1.,1.,1.,1.,1.,1.,1.,      439P    543
1.,1.,1.,1.,1.,1.,1.,1.,1.,1.,1.,1.,1.,1.,1.,1.,1.,1.,1.,1.,1.,      439P    544
1.,1.,1.,1.,1.,0.899375,0.9375,0.,0.899375,0.941254985,0.,           439P    545
0.900107561,0.944937819,0.,0.900840122,0.948620652,0.,               439P    546
0.902277093,0.952089806,0.,0.903714063,0.955558959,0.,               439P    547
0.905800221,0.958681115,0.,0.907886379,0.961803271,0.,               439P    548
0.910541554,0.964458446,0.,0.913196729,0.967113621,0.,               439P    549
0.916318885,0.969199779,0.,0.919441041,0.971285937,0.,               439P    550
0.922910194,0.972722907,0.,0.926379348,0.974159878,0.,               439P    551
0.930062181,0.974892439,0.,0.933745015,0.975625,0.,0.9375,           439P    552
0.975625,0.,0.941254985,0.975625,0.,0.944937819,0.974892439,0.,      439P    553
0.948620652,0.974159878,0.,0.952089806,0.972722907,0.,               439P    554
0.955558959,0.971285937,0.,0.958681115,0.969199779,0.,               439P    555
0.961803271,0.967113621,0.,0.964458446,0.964458446,0.,               439P    556
0.967113621,0.961803271,0.,0.969199779,0.958681115,0.,               439P    557
0.971285937,0.955558959,0.,0.972722907,0.952089806,0.,               439P    558
0.974159878,0.948620652,0.,0.974892439,0.944937819,0.,0.975625,      439P    559
0.941254985,0.,0.975625,0.9375,0.,0.,1.,0.,0.,1.;                    439P    560
124,1.40271576953299E-014,1.,0.,29.9999999999996,                    441P    561
-6.12323399573677E-017,8.58915688636046E-031,1.,30.,1.,              441P    562
-1.40271576953299E-014,6.12323399573677E-017,-60.;                   441P    563
100,-30.,30.,0.,31.22,0.,28.78,0.;                                   443P    564
102,2,433,439;                                                       445P    565
102,2,437,443;                                                       447P    566
142,1,355,445,447,1;                                                 449P    567
126,1,1,1,0,1,0,0.,0.,1.,1.,1.,1.,0.9921875,0.496875,0.,             451P    568
0.9921875,0.184375,0.,0.,1.,0.,0.,1.;                                451P    569
110,15.9,0.,-31.75,5.9,0.,-31.75;                                    453P    570
126,1,1,1,0,1,0,0.,0.,1.,1.,1.,1.,0.9921875,0.184375,0.,             455P    571
0.8453125,0.184375,0.,0.,1.,0.,0.,1.;                                455P    572
110,5.9,0.,-31.75,5.9,0.,-27.05;                                     457P    573
126,1,1,1,0,1,0,0.,0.,1.,1.,1.,1.,0.8453125,0.184375,0.,             459P    574
0.8453125,0.496875,0.,0.,1.,0.,0.,1.;                                459P    575
110,5.9,0.,-27.05,15.9,0.,-27.05;                                    461P    576
126,1,1,1,0,1,0,0.,0.,1.,1.,1.,1.,0.8453125,0.496875,0.,             463P    577
0.9921875,0.496875,0.,0.,1.,0.,0.,1.;                                463P    578
110,15.9,0.,-27.05,15.9,0.,-31.75;                                   465P    579
102,4,451,455,459,463;                                               467P    580
102,4,453,457,461,465;                                               469P    581
142,1,355,467,469,1;                                                 471P    582
144,355,1,5,377,395,413,431,449,471;                                 473P    583
128,1,1,1,1,0,0,1,0,0,0.,0.,1.,1.,0.,0.,1.,1.,1.,1.,1.,1.,0.,        475P    584
1.6,0.,0.,1.6,-32.,32.,1.6,0.,32.,1.6,-32.,0.,1.,0.,1.;              475P    585
126,1,1,1,0,1,0,0.,0.,1.,1.,1.,1.,1.,0.,0.,1.,1.,0.,0.,1.,0.,        477P    586
0.,1.;                                                               477P    587
110,0.,1.6,-32.,32.,1.6,-32.;                                        479P    588
126,1,1,1,0,1,0,0.,0.,1.,1.,1.,1.,1.,1.,0.,0.,1.,0.,0.,1.,0.,        481P    589
0.,1.;                                                               481P    590
110,32.,1.6,-32.,32.,1.6,0.;                                         483P    591
126,1,1,1,0,1,0,0.,0.,1.,1.,1.,1.,0.,1.,0.,0.,0.,0.,0.,1.,0.,        485P    592
0.,1.;                                                               485P    593
110,32.,1.6,0.,0.,1.6,0.;                                            487P    594
126,1,1,1,0,1,0,0.,0.,1.,1.,1.,1.,0.,0.,0.,1.,0.,0.,0.,1.,0.,        489P    595
0.,1.;                                                               489P    596
110,0.,1.6,0.,0.,1.6,-32.;                                           491P    597
102,4,477,481,485,489;                                               493P    598
102,4,479,483,487,491;                                               495P    599
142,1,475,493,495,1;                                                 497P    600
126,1,1,1,0,1,0,0.,0.,1.,1.,1.,1.,0.559375,0.75,0.,0.75,0.75,        499P    601
0.,0.,1.,0.,0.,1.;                                                   499P    602
110,24.,1.6,-17.9,24.,1.6,-24.;                                      501P    603
126,1,1,1,0,1,0,0.,0.,1.,1.,1.,1.,0.75,0.75,0.,0.75,0.25,0.,0.,      503P    604
1.,0.,0.,1.;                                                         503P    605
110,24.,1.6,-24.,8.,1.6,-24.;                                        505P    606
126,1,1,1,0,1,0,0.,0.,1.,1.,1.,1.,0.75,0.25,0.,0.559375,0.25,        507P    607
0.,0.,1.,0.,0.,1.;                                                   507P    608
110,8.,1.6,-24.,8.,1.6,-17.9;                                        509P    609
126,1,1,1,0,1,0,0.,0.,1.,1.,1.,1.,0.559375,0.25,0.,0.559375,         511P    610
0.190625,0.,0.,1.,0.,0.,1.;                                          511P    611
110,8.,1.6,-17.9,6.1,1.6,-17.9;                                      513P    612
126,32,2,1,0,1,0,0.,0.,0.,0.0625,0.0625,0.125,0.125,0.1875,          515P    613
0.1875,0.25,0.25,0.3125,0.3125,0.375,0.375,0.4375,0.4375,0.5,        515P    614
0.5,0.5625,0.5625,0.625,0.625,0.6875,0.6875,0.75,0.75,0.8125,        515P    615
0.8125,0.875,0.875,0.9375,0.9375,1.,1.,1.,1.,1.,1.,1.,1.,1.,1.,      515P    616
1.,1.,1.,1.,1.,1.,1.,1.,1.,1.,1.,1.,1.,1.,1.,1.,1.,1.,1.,1.,1.,      515P    617
1.,1.,1.,1.,1.,0.559375,0.190625,0.,0.559375,0.184777073,0.,         515P    618
0.558234126,0.179041512,0.,0.557093252,0.173305951,0.,               515P    619
0.554855347,0.167903171,0.,0.552617442,0.162500391,0.,               515P    620
0.549368508,0.157638017,0.,0.546119574,0.152775644,0.,               515P    621
0.541984465,0.148640535,0.,0.537849356,0.144505426,0.,               515P    622
0.532986983,0.141256492,0.,0.528124609,0.138007558,0.,               515P    623
0.522721829,0.135769653,0.,0.517319049,0.133531748,0.,               515P    624
0.511583488,0.132390874,0.,0.505847927,0.13125,0.,0.5,0.13125,       515P    625
0.,0.494152073,0.13125,0.,0.488416512,0.132390874,0.,                515P    626
0.482680951,0.133531748,0.,0.477278171,0.135769653,0.,               515P    627
0.471875391,0.138007558,0.,0.467013017,0.141256492,0.,               515P    628
0.462150644,0.144505426,0.,0.458015535,0.148640535,0.,               515P    629
0.453880426,0.152775644,0.,0.450631492,0.157638017,0.,               515P    630
0.447382558,0.162500391,0.,0.445144653,0.167903171,0.,               515P    631
0.442906748,0.173305951,0.,0.441765874,0.179041512,0.,0.440625,      515P    632
0.184777073,0.,0.440625,0.190625,0.,0.,1.,0.,0.,1.;                  515P    633
124,-1.27103528959282E-015,-1.,0.,7.70000000000001,                  517P    634
6.12323399573677E-017,-7.78284649501588E-032,1.,17.6,-1.,            517P    635
1.27103528959282E-015,6.12323399573677E-017,-9.9;                    517P    636
100,-16.,6.1,1.6,8.,1.6,4.2,1.6;                                     519P    637
126,1,1,1,0,1,0,0.,0.,1.,1.,1.,1.,0.440625,0.190625,0.,              521P    638
0.440625,0.25,0.,0.,1.,0.,0.,1.;                                     521P    639
110,6.1,1.6,-14.1,8.,1.6,-14.1;                                      523P    640
126,1,1,1,0,1,0,0.,0.,1.,1.,1.,1.,0.440625,0.25,0.,0.25,0.25,        525P    641
0.,0.,1.,0.,0.,1.;                                                   525P    642
110,8.,1.6,-14.1,8.,1.6,-8.;                                         527P    643
126,1,1,1,0,1,0,0.,0.,1.,1.,1.,1.,0.25,0.25,0.,0.25,0.75,0.,0.,      529P    644
1.,0.,0.,1.;                                                         529P    645
110,8.,1.6,-8.,24.,1.6,-8.;                                          531P    646
126,1,1,1,0,1,0,0.,0.,1.,1.,1.,1.,0.25,0.75,0.,0.440625,0.75,        533P    647
0.,0.,1.,0.,0.,1.;                                                   533P    648
110,24.,1.6,-8.,24.,1.6,-14.1;                                       535P    649
126,1,1,1,0,1,0,0.,0.,1.,1.,1.,1.,0.440625,0.75,0.,0.440625,         537P    650
0.809375,0.,0.,1.,0.,0.,1.;                                          537P    651
110,24.,1.6,-14.1,25.9,1.6,-14.1;                                    539P    652
126,32,2,1,0,1,0,0.,0.,0.,0.0625,0.0625,0.125,0.125,0.1875,          541P    653
0.1875,0.25,0.25,0.3125,0.3125,0.375,0.375,0.4375,0.4375,0.5,        541P    654
0.5,0.5625,0.5625,0.625,0.625,0.6875,0.6875,0.75,0.75,0.8125,        541P    655
0.8125,0.875,0.875,0.9375,0.9375,1.,1.,1.,1.,1.,1.,1.,1.,1.,1.,      541P    656
1.,1.,1.,1.,1.,1.,1.,1.,1.,1.,1.,1.,1.,1.,1.,1.,1.,1.,1.,1.,1.,      541P    657
1.,1.,1.,1.,1.,0.440625,0.809375,0.,0.440625,0.815222927,0.,         541P    658
0.441765874,0.820958488,0.,0.442906748,0.826694049,0.,               541P    659
0.445144653,0.832096829,0.,0.447382558,0.837499609,0.,               541P    660
0.450631492,0.842361983,0.,0.453880426,0.847224356,0.,               541P    661
0.458015535,0.851359465,0.,0.462150644,0.855494574,0.,               541P    662
0.467013017,0.858743508,0.,0.471875391,0.861992442,0.,               541P    663
0.477278171,0.864230347,0.,0.482680951,0.866468252,0.,               541P    664
0.488416512,0.867609126,0.,0.494152073,0.86875,0.,0.5,0.86875,       541P    665
0.,0.505847927,0.86875,0.,0.511583488,0.867609126,0.,                541P    666
0.517319049,0.866468252,0.,0.522721829,0.864230347,0.,               541P    667
0.528124609,0.861992442,0.,0.532986983,0.858743508,0.,               541P    668
0.537849356,0.855494574,0.,0.541984465,0.851359465,0.,               541P    669
0.546119574,0.847224356,0.,0.549368508,0.842361983,0.,               541P    670
0.552617442,0.837499609,0.,0.554855347,0.832096829,0.,               541P    671
0.557093252,0.826694049,0.,0.558234126,0.820958488,0.,0.559375,      541P    672
0.815222927,0.,0.559375,0.809375,0.,0.,1.,0.,0.,1.;                  541P    673
124,1.40271576953299E-014,1.,0.,24.2999999999996,                    543P    674
-6.12323399573677E-017,8.58915688636046E-031,1.,17.6,1.,             543P    675
-1.40271576953299E-014,6.12323399573677E-017,-41.9;                  543P    676
100,-16.,25.9,1.6,27.8,1.6,24.,1.6;                                  545P    677
126,1,1,1,0,1,0,0.,0.,1.,1.,1.,1.,0.559375,0.809375,0.,              547P    678
0.559375,0.75,0.,0.,1.,0.,0.,1.;                                     547P    679
110,25.9,1.6,-17.9,24.,1.6,-17.9;                                    549P    680
102,12,499,503,507,511,515,521,525,529,533,537,541,547;              551P    681
102,12,501,505,509,513,519,523,527,531,535,539,545,549;              553P    682
142,1,475,551,553,1;                                                 555P    683
126,32,2,1,0,1,0,0.,0.,0.,0.0625,0.0625,0.125,0.125,0.1875,          557P    684
0.1875,0.25,0.25,0.3125,0.3125,0.375,0.375,0.4375,0.4375,0.5,        557P    685
0.5,0.5625,0.5625,0.625,0.625,0.6875,0.6875,0.75,0.75,0.8125,        557P    686
0.8125,0.875,0.875,0.9375,0.9375,1.,1.,1.,1.,1.,1.,1.,1.,1.,1.,      557P    687
1.,1.,1.,1.,1.,1.,1.,1.,1.,1.,1.,1.,1.,1.,1.,1.,1.,1.,1.,1.,1.,      557P    688
1.,1.,1.,1.,1.,0.024375,0.9375,0.,0.024375,0.941254985,0.,           557P    689
0.025107561,0.944937819,0.,0.025840122,0.948620652,0.,               557P    690
0.027277093,0.952089806,0.,0.028714063,0.955558959,0.,               557P    691
0.030800221,0.958681115,0.,0.032886379,0.961803271,0.,               557P    692
0.035541554,0.964458446,0.,0.038196729,0.967113621,0.,               557P    693
0.041318885,0.969199779,0.,0.044441041,0.971285937,0.,               557P    694
0.047910194,0.972722907,0.,0.051379348,0.974159878,0.,               557P    695
0.055062181,0.974892439,0.,0.058745015,0.975625,0.,0.0625,           557P    696
0.975625,0.,0.066254985,0.975625,0.,0.069937819,0.974892439,0.,      557P    697
0.073620652,0.974159878,0.,0.077089806,0.972722907,0.,               557P    698
0.080558959,0.971285937,0.,0.083681115,0.969199779,0.,               557P    699
0.086803271,0.967113621,0.,0.089458446,0.964458446,0.,               557P    700
0.092113621,0.961803271,0.,0.094199779,0.958681115,0.,               557P    701
0.096285937,0.955558959,0.,0.097722907,0.952089806,0.,               557P    702
0.099159878,0.948620652,0.,0.099892439,0.944937819,0.,0.100625,      557P    703
0.941254985,0.,0.100625,0.9375,0.,0.,1.,0.,0.,1.;                    557P    704
124,1.40271576953299E-014,1.,0.,28.3999999999996,                    559P    705
-6.12323399573677E-017,8.58915688636046E-031,1.,3.6,1.,              559P    706
-1.40271576953299E-014,6.12323399573677E-017,-32.;                   559P    707
100,-2.,30.,1.6,31.22,1.6,28.78,1.6;                                 561P    708
126,32,2,1,0,1,0,0.,0.,0.,0.0625,0.0625,0.125,0.125,0.1875,          563P    709
0.1875,0.25,0.25,0.3125,0.3125,0.375,0.375,0.4375,0.4375,0.5,        563P    710
0.5,0.5625,0.5625,0.625,0.625,0.6875,0.6875,0.75,0.75,0.8125,        563P    711
0.8125,0.875,0.875,0.9375,0.9375,1.,1.,1.,1.,1.,1.,1.,1.,1.,1.,      563P    712
1.,1.,1.,1.,1.,1.,1.,1.,1.,1.,1.,1.,1.,1.,1.,1.,1.,1.,1.,1.,1.,      563P    713
1.,1.,1.,1.,1.,0.100625,0.9375,0.,0.100625,0.933745015,0.,           563P    714
0.099892439,0.930062181,0.,0.099159878,0.926379348,0.,               563P    715
0.097722907,0.922910194,0.,0.096285937,0.919441041,0.,               563P    716
0.094199779,0.916318885,0.,0.092113621,0.913196729,0.,               563P    717
0.089458446,0.910541554,0.,0.086803271,0.907886379,0.,               563P    718
0.083681115,0.905800221,0.,0.080558959,0.903714063,0.,               563P    719
0.077089806,0.902277093,0.,0.073620652,0.900840122,0.,               563P    720
0.069937819,0.900107561,0.,0.066254985,0.899375,0.,0.0625,           563P    721
0.899375,0.,0.058745015,0.899375,0.,0.055062181,0.900107561,0.,      563P    722
0.051379348,0.900840122,0.,0.047910194,0.902277093,0.,               563P    723
0.044441041,0.903714063,0.,0.041318885,0.905800221,0.,               563P    724
0.038196729,0.907886379,0.,0.035541554,0.910541554,0.,               563P    725
0.032886379,0.913196729,0.,0.030800221,0.916318885,0.,               563P    726
0.028714063,0.919441041,0.,0.027277093,0.922910194,0.,               563P    727
0.025840122,0.926379348,0.,0.025107561,0.930062181,0.,0.024375,      563P    728
0.933745015,0.,0.024375,0.9375,0.,0.,1.,0.,0.,1.;                    563P    729
124,6.12323399573677E-017,-1.,0.,31.6,6.12323399573677E-017,         565P    730
3.74939945665464E-033,1.,3.6,-1.,-6.12323399573677E-017,             565P    731
6.12323399573677E-017,28.;                                           565P    732
100,-2.,30.,1.6,31.22,1.6,28.78,1.6;                                 567P    733
102,2,557,563;                                                       569P    734
102,2,561,567;                                                       571P    735
142,1,475,569,571,1;                                                 573P    736
126,32,2,1,0,1,0,0.,0.,0.,0.0625,0.0625,0.125,0.125,0.1875,          575P    737
0.1875,0.25,0.25,0.3125,0.3125,0.375,0.375,0.4375,0.4375,0.5,        575P    738
0.5,0.5625,0.5625,0.625,0.625,0.6875,0.6875,0.75,0.75,0.8125,        575P    739
0.8125,0.875,0.875,0.9375,0.9375,1.,1.,1.,1.,1.,1.,1.,1.,1.,1.,      575P    740
1.,1.,1.,1.,1.,1.,1.,1.,1.,1.,1.,1.,1.,1.,1.,1.,1.,1.,1.,1.,1.,      575P    741
1.,1.,1.,1.,1.,0.899375,0.0625,0.,0.899375,0.066254985,0.,           575P    742
0.900107561,0.069937819,0.,0.900840122,0.073620652,0.,               575P    743
0.902277093,0.077089806,0.,0.903714063,0.080558959,0.,               575P    744
0.905800221,0.083681115,0.,0.907886379,0.086803271,0.,               575P    745
0.910541554,0.089458446,0.,0.913196729,0.092113621,0.,               575P    746
0.916318885,0.094199779,0.,0.919441041,0.096285937,0.,               575P    747
0.922910194,0.097722907,0.,0.926379348,0.099159878,0.,               575P    748
0.930062181,0.099892439,0.,0.933745015,0.100625,0.,0.9375,           575P    749
0.100625,0.,0.941254985,0.100625,0.,0.944937819,0.099892439,0.,      575P    750
0.948620652,0.099159878,0.,0.952089806,0.097722907,0.,               575P    751
0.955558959,0.096285937,0.,0.958681115,0.094199779,0.,               575P    752
0.961803271,0.092113621,0.,0.964458446,0.089458446,0.,               575P    753
0.967113621,0.086803271,0.,0.969199779,0.083681115,0.,               575P    754
0.971285937,0.080558959,0.,0.972722907,0.077089806,0.,               575P    755
0.974159878,0.073620652,0.,0.974892439,0.069937819,0.,0.975625,      575P    756
0.066254985,0.,0.975625,0.0625,0.,0.,1.,0.,0.,1.;                    575P    757
124,1.40271576953299E-014,1.,0.,0.399999999999972,                   577P    758
-6.12323399573677E-017,8.58915688636046E-031,1.,31.6,1.,             577P    759
-1.40271576953299E-014,6.12323399573677E-017,-32.;                   577P    760
100,-30.,2.,1.6,3.22,1.6,0.78,1.6;                                   579P    761
126,32,2,1,0,1,0,0.,0.,0.,0.0625,0.0625,0.125,0.125,0.1875,          581P    762
0.1875,0.25,0.25,0.3125,0.3125,0.375,0.375,0.4375,0.4375,0.5,        581P    763
0.5,0.5625,0.5625,0.625,0.625,0.6875,0.6875,0.75,0.75,0.8125,        581P    764
0.8125,0.875,0.875,0.9375,0.9375,1.,1.,1.,1.,1.,1.,1.,1.,1.,1.,      581P    765
1.,1.,1.,1.,1.,1.,1.,1.,1.,1.,1.,1.,1.,1.,1.,1.,1.,1.,1.,1.,1.,      581P    766
1.,1.,1.,1.,1.,0.975625,0.0625,0.,0.975625,0.058745015,0.,           581P    767
0.974892439,0.055062181,0.,0.974159878,0.051379348,0.,               581P    768
0.972722907,0.047910194,0.,0.971285937,0.044441041,0.,               581P    769
0.969199779,0.041318885,0.,0.967113621,0.038196729,0.,               581P    770
0.964458446,0.035541554,0.,0.961803271,0.032886379,0.,               581P    771
0.958681115,0.030800221,0.,0.955558959,0.028714063,0.,               581P    772
0.952089806,0.027277093,0.,0.948620652,0.025840122,0.,               581P    773
0.944937819,0.025107561,0.,0.941254985,0.024375,0.,0.9375,           581P    774
0.024375,0.,0.933745015,0.024375,0.,0.930062181,0.025107561,0.,      581P    775
0.926379348,0.025840122,0.,0.922910194,0.027277093,0.,               581P    776
0.919441041,0.028714063,0.,0.916318885,0.030800221,0.,               581P    777
0.913196729,0.032886379,0.,0.910541554,0.035541554,0.,               581P    778
0.907886379,0.038196729,0.,0.905800221,0.041318885,0.,               581P    779
0.903714063,0.044441041,0.,0.902277093,0.047910194,0.,               581P    780
0.900840122,0.051379348,0.,0.900107561,0.055062181,0.,0.899375,      581P    781
0.058745015,0.,0.899375,0.0625,0.,0.,1.,0.,0.,1.;                    581P    782
124,6.12323399573677E-017,-1.,0.,3.6,6.12323399573677E-017,          583P    783
3.74939945665464E-033,1.,31.6,-1.,-6.12323399573677E-017,            583P    784
6.12323399573677E-017,-28.;                                          583P    785
100,-30.,2.,1.6,3.22,1.6,0.78,1.6;                                   585P    786
102,2,575,581;                                                       587P    787
102,2,579,585;                                                       589P    788
142,1,475,587,589,1;                                                 591P    789
126,32,2,1,0,1,0,0.,0.,0.,0.0625,0.0625,0.125,0.125,0.1875,          593P    790
0.1875,0.25,0.25,0.3125,0.3125,0.375,0.375,0.4375,0.4375,0.5,        593P    791
0.5,0.5625,0.5625,0.625,0.625,0.6875,0.6875,0.75,0.75,0.8125,        593P    792
0.8125,0.875,0.875,0.9375,0.9375,1.,1.,1.,1.,1.,1.,1.,1.,1.,1.,      593P    793
1.,1.,1.,1.,1.,1.,1.,1.,1.,1.,1.,1.,1.,1.,1.,1.,1.,1.,1.,1.,1.,      593P    794
1.,1.,1.,1.,1.,0.024375,0.0625,0.,0.024375,0.066254985,0.,           593P    795
0.025107561,0.069937819,0.,0.025840122,0.073620652,0.,               593P    796
0.027277093,0.077089806,0.,0.028714063,0.080558959,0.,               593P    797
0.030800221,0.083681115,0.,0.032886379,0.086803271,0.,               593P    798
0.035541554,0.089458446,0.,0.038196729,0.092113621,0.,               593P    799
0.041318885,0.094199779,0.,0.044441041,0.096285937,0.,               593P    800
0.047910194,0.097722907,0.,0.051379348,0.099159878,0.,               593P    801
0.055062181,0.099892439,0.,0.058745015,0.100625,0.,0.0625,           593P    802
0.100625,0.,0.066254985,0.100625,0.,0.069937819,0.099892439,0.,      593P    803
0.073620652,0.099159878,0.,0.077089806,0.097722907,0.,               593P    804
0.080558959,0.096285937,0.,0.083681115,0.094199779,0.,               593P    805
0.086803271,0.092113621,0.,0.089458446,0.089458446,0.,               593P    806
0.092113621,0.086803271,0.,0.094199779,0.083681115,0.,               593P    807
0.096285937,0.080558959,0.,0.097722907,0.077089806,0.,               593P    808
0.099159878,0.073620652,0.,0.099892439,0.069937819,0.,0.100625,      593P    809
0.066254985,0.,0.100625,0.0625,0.,0.,1.,0.,0.,1.;                    593P    810
124,1.40271576953299E-014,1.,0.,0.399999999999972,                   595P    811
-6.12323399573677E-017,8.58915688636046E-031,1.,3.6,1.,              595P    812
-1.40271576953299E-014,6.12323399573677E-017,-3.99999999999998;      595P    813
100,-2.,2.,1.6,3.22,1.6,0.78,1.6;                                    597P    814
126,32,2,1,0,1,0,0.,0.,0.,0.0625,0.0625,0.125,0.125,0.1875,          599P    815
0.1875,0.25,0.25,0.3125,0.3125,0.375,0.375,0.4375,0.4375,0.5,        599P    816
0.5,0.5625,0.5625,0.625,0.625,0.6875,0.6875,0.75,0.75,0.8125,        599P    817
0.8125,0.875,0.875,0.9375,0.9375,1.,1.,1.,1.,1.,1.,1.,1.,1.,1.,      599P    818
1.,1.,1.,1.,1.,1.,1.,1.,1.,1.,1.,1.,1.,1.,1.,1.,1.,1.,1.,1.,1.,      599P    819
1.,1.,1.,1.,1.,0.100625,0.0625,0.,0.100625,0.058745015,0.,           599P    820
0.099892439,0.055062181,0.,0.099159878,0.051379348,0.,               599P    821
0.097722907,0.047910194,0.,0.096285937,0.044441041,0.,               599P    822
0.094199779,0.041318885,0.,0.092113621,0.038196729,0.,               599P    823
0.089458446,0.035541554,0.,0.086803271,0.032886379,0.,               599P    824
0.083681115,0.030800221,0.,0.080558959,0.028714063,0.,               599P    825
0.077089806,0.027277093,0.,0.073620652,0.025840122,0.,               599P    826
0.069937819,0.025107561,0.,0.066254985,0.024375,0.,0.0625,           599P    827
0.024375,0.,0.058745015,0.024375,0.,0.055062181,0.025107561,0.,      599P    828
0.051379348,0.025840122,0.,0.047910194,0.027277093,0.,               599P    829
0.044441041,0.028714063,0.,0.041318885,0.030800221,0.,               599P    830
0.038196729,0.032886379,0.,0.035541554,0.035541554,0.,               599P    831
0.032886379,0.038196729,0.,0.030800221,0.041318885,0.,               599P    832
0.028714063,0.044441041,0.,0.027277093,0.047910194,0.,               599P    833
0.025840122,0.051379348,0.,0.025107561,0.055062181,0.,0.024375,      599P    834
0.058745015,0.,0.024375,0.0625,0.,0.,1.,0.,0.,1.;                    599P    835
124,6.12323399573677E-017,-1.,0.,3.6,6.12323399573677E-017,          601P    836
3.74939945665464E-033,1.,3.6,-1.,-6.12323399573677E-017,             601P    837
6.12323399573677E-017,4.40872847693047E-016;                         601P    838
100,-2.,2.,1.6,3.22,1.6,0.78,1.6;                                    603P    839
102,2,593,599;                                                       605P    840
102,2,597,603;                                                       607P    841
142,1,475,605,607,1;                                                 609P    842
126,32,2,1,0,1,0,0.,0.,0.,0.0625,0.0625,0.125,0.125,0.1875,          611P    843
0.1875,0.25,0.25,0.3125,0.3125,0.375,0.375,0.4375,0.4375,0.5,        611P    844
0.5,0.5625,0.5625,0.625,0.625,0.6875,0.6875,0.75,0.75,0.8125,        611P    845
0.8125,0.875,0.875,0.9375,0.9375,1.,1.,1.,1.,1.,1.,1.,1.,1.,1.,      611P    846
1.,1.,1.,1.,1.,1.,1.,1.,1.,1.,1.,1.,1.,1.,1.,1.,1.,1.,1.,1.,1.,      611P    847
1.,1.,1.,1.,1.,0.899375,0.9375,0.,0.899375,0.941254985,0.,           611P    848
0.900107561,0.944937819,0.,0.900840122,0.948620652,0.,               611P    849
0.902277093,0.952089806,0.,0.903714063,0.955558959,0.,               611P    850
0.905800221,0.958681115,0.,0.907886379,0.961803271,0.,               611P    851
0.910541554,0.964458446,0.,0.913196729,0.967113621,0.,               611P    852
0.916318885,0.969199779,0.,0.919441041,0.971285937,0.,               611P    853
0.922910194,0.972722907,0.,0.926379348,0.974159878,0.,               611P    854
0.930062181,0.974892439,0.,0.933745015,0.975625,0.,0.9375,           611P    855
0.975625,0.,0.941254985,0.975625,0.,0.944937819,0.974892439,0.,      611P    856
0.948620652,0.974159878,0.,0.952089806,0.972722907,0.,               611P    857
0.955558959,0.971285937,0.,0.958681115,0.969199779,0.,               611P    858
0.961803271,0.967113621,0.,0.964458446,0.964458446,0.,               611P    859
0.967113621,0.961803271,0.,0.969199779,0.958681115,0.,               611P    860
0.971285937,0.955558959,0.,0.972722907,0.952089806,0.,               611P    861
0.974159878,0.948620652,0.,0.974892439,0.944937819,0.,0.975625,      611P    862
0.941254985,0.,0.975625,0.9375,0.,0.,1.,0.,0.,1.;                    611P    863
124,1.40271576953299E-014,1.,0.,28.3999999999996,                    613P    864
-6.12323399573677E-017,8.58915688636046E-031,1.,31.6,1.,             613P    865
-1.40271576953299E-014,6.12323399573677E-017,-60.;                   613P    866
100,-30.,30.,1.6,31.22,1.6,28.78,1.6;                                615P    867
126,32,2,1,0,1,0,0.,0.,0.,0.0625,0.0625,0.125,0.125,0.1875,          617P    868
0.1875,0.25,0.25,0.3125,0.3125,0.375,0.375,0.4375,0.4375,0.5,        617P    869
0.5,0.5625,0.5625,0.625,0.625,0.6875,0.6875,0.75,0.75,0.8125,        617P    870
0.8125,0.875,0.875,0.9375,0.9375,1.,1.,1.,1.,1.,1.,1.,1.,1.,1.,      617P    871
1.,1.,1.,1.,1.,1.,1.,1.,1.,1.,1.,1.,1.,1.,1.,1.,1.,1.,1.,1.,1.,      617P    872
1.,1.,1.,1.,1.,0.975625,0.9375,0.,0.975625,0.933745015,0.,           617P    873
0.974892439,0.930062181,0.,0.974159878,0.926379348,0.,               617P    874
0.972722907,0.922910194,0.,0.971285937,0.919441041,0.,               617P    875
0.969199779,0.916318885,0.,0.967113621,0.913196729,0.,               617P    876
0.964458446,0.910541554,0.,0.961803271,0.907886379,0.,               617P    877
0.958681115,0.905800221,0.,0.955558959,0.903714063,0.,               617P    878
0.952089806,0.902277093,0.,0.948620652,0.900840122,0.,               617P    879
0.944937819,0.900107561,0.,0.941254985,0.899375,0.,0.9375,           617P    880
0.899375,0.,0.933745015,0.899375,0.,0.930062181,0.900107561,0.,      617P    881
0.926379348,0.900840122,0.,0.922910194,0.902277093,0.,               617P    882
0.919441041,0.903714063,0.,0.916318885,0.905800221,0.,               617P    883
0.913196729,0.907886379,0.,0.910541554,0.910541554,0.,               617P    884
0.907886379,0.913196729,0.,0.905800221,0.916318885,0.,               617P    885
0.903714063,0.919441041,0.,0.902277093,0.922910194,0.,               617P    886
0.900840122,0.926379348,0.,0.900107561,0.930062181,0.,0.899375,      617P    887
0.933745015,0.,0.899375,0.9375,0.,0.,1.,0.,0.,1.;                    617P    888
124,6.12323399573677E-017,-1.,0.,31.6,6.12323399573677E-017,         619P    889
3.74939945665464E-033,1.,31.6,-1.,-6.12323399573677E-017,            619P    890
6.12323399573677E-017,-6.53845697055521E-015;                        619P    891
100,-30.,30.,1.6,31.22,1.6,28.78,1.6;                                621P    892
102,2,611,617;                                                       623P    893
102,2,615,621;                                                       625P    894
142,1,475,623,625,1;                                                 627P    895
126,1,1,1,0,1,0,0.,0.,1.,1.,1.,1.,0.403125,0.1328125,0.,             629P    896
0.403125,0.015625,0.,0.,1.,0.,0.,1.;                                 629P    897
110,4.25,1.6,-12.9,0.5,1.6,-12.9;                                    631P    898
126,1,1,1,0,1,0,0.,0.,1.,1.,1.,1.,0.403125,0.015625,0.,0.25625,      633P    899
0.015625,0.,0.,1.,0.,0.,1.;                                          633P    900
110,0.5,1.6,-12.9,0.5,1.6,-8.2;                                      635P    901
126,1,1,1,0,1,0,0.,0.,1.,1.,1.,1.,0.25625,0.015625,0.,0.25625,       637P    902
0.1328125,0.,0.,1.,0.,0.,1.;                                         637P    903
110,0.5,1.6,-8.2,4.25,1.6,-8.2;                                      639P    904
126,1,1,1,0,1,0,0.,0.,1.,1.,1.,1.,0.25625,0.1328125,0.,              641P    905
0.403125,0.1328125,0.,0.,1.,0.,0.,1.;                                641P    906
110,4.25,1.6,-8.2,4.25,1.6,-12.9;                                    643P    907
102,4,629,633,637,641;                                               645P    908
102,4,631,635,639,643;                                               647P    909
142,1,475,645,647,1;                                                 649P    910
144,475,1,6,497,555,573,591,609,627,649;                             651P    911
314,29.8039215686275,29.8039215686275,29.8039215686275,;             653P    912
128,1,1,1,1,0,0,1,0,0,0.,0.,1.,1.,0.,0.,1.,1.,1.,1.,1.,1.,24.,       655P    913
1.6,-24.,24.,1.6,-8.,24.,9.35,-24.,24.,9.35,-8.,0.,1.,0.,1.;         655P    914
126,1,1,1,0,1,0,0.,0.,1.,1.,1.,1.,0.38125,0.451612903,0.,            657P    915
0.61875,0.451612903,0.,0.,1.,0.,0.,1.;                               657P    916
110,24.,5.1,-17.9,24.,5.1,-14.1;                                     659P    917
126,1,1,1,0,1,0,0.,0.,1.,1.,1.,1.,0.61875,0.451612903,0.,            661P    918
0.61875,0.,0.,0.,1.,0.,0.,1.;                                        661P    919
110,24.,5.1,-14.1,24.,1.6,-14.1;                                     663P    920
126,1,1,1,0,1,0,0.,0.,1.,1.,1.,1.,0.61875,0.,0.,1.,0.,0.,0.,1.,      665P    921
0.,0.,1.;                                                            665P    922
110,24.,1.6,-14.1,24.,1.6,-8.;                                       667P    923
126,1,1,1,0,1,0,0.,0.,1.,1.,1.,1.,1.,0.,0.,1.,1.,0.,0.,1.,0.,        669P    924
0.,1.;                                                               669P    925
110,24.,1.6,-8.,24.,9.35,-8.;                                        671P    926
126,1,1,1,0,1,0,0.,0.,1.,1.,1.,1.,1.,1.,0.,0.,1.,0.,0.,1.,0.,        673P    927
0.,1.;                                                               673P    928
110,24.,9.35,-8.,24.,9.35,-24.;                                      675P    929
126,1,1,1,0,1,0,0.,0.,1.,1.,1.,1.,0.,1.,0.,0.,0.,0.,0.,1.,0.,        677P    930
0.,1.;                                                               677P    931
110,24.,9.35,-24.,24.,1.6,-24.;                                      679P    932
126,1,1,1,0,1,0,0.,0.,1.,1.,1.,1.,0.,0.,0.,0.38125,0.,0.,0.,1.,      681P    933
0.,0.,1.;                                                            681P    934
110,24.,1.6,-24.,24.,1.6,-17.9;                                      683P    935
126,1,1,1,0,1,0,0.,0.,1.,1.,1.,1.,0.38125,0.,0.,0.38125,             685P    936
0.451612903,0.,0.,1.,0.,0.,1.;                                       685P    937
110,24.,1.6,-17.9,24.,5.1,-17.9;                                     687P    938
102,8,657,661,665,669,673,677,681,685;                               689P    939
102,8,659,663,667,671,675,679,683,687;                               691P    940
142,1,655,689,691,1;                                                 693P    941
144,655,1,0,693;                                                     695P    942
314,29.8039215686275,29.8039215686275,29.8039215686275,;             697P    943
128,1,1,1,1,0,0,1,0,0,0.,0.,1.,1.,0.,0.,1.,1.,1.,1.,1.,1.,8.,        699P    944
1.6,-8.,8.,1.6,-24.,8.,9.35,-8.,8.,9.35,-24.,0.,1.,0.,1.;            699P    945
126,1,1,1,0,1,0,0.,0.,1.,1.,1.,1.,0.38125,0.451612903,0.,            701P    946
0.61875,0.451612903,0.,0.,1.,0.,0.,1.;                               701P    947
110,8.,5.1,-14.1,8.,5.1,-17.9;                                       703P    948
126,1,1,1,0,1,0,0.,0.,1.,1.,1.,1.,0.61875,0.451612903,0.,            705P    949
0.61875,0.,0.,0.,1.,0.,0.,1.;                                        705P    950
110,8.,5.1,-17.9,8.,1.6,-17.9;                                       707P    951
126,1,1,1,0,1,0,0.,0.,1.,1.,1.,1.,0.61875,0.,0.,1.,0.,0.,0.,1.,      709P    952
0.,0.,1.;                                                            709P    953
110,8.,1.6,-17.9,8.,1.6,-24.;                                        711P    954
126,1,1,1,0,1,0,0.,0.,1.,1.,1.,1.,1.,0.,0.,1.,1.,0.,0.,1.,0.,        713P    955
0.,1.;                                                               713P    956
110,8.,1.6,-24.,8.,9.35,-24.;                                        715P    957
126,1,1,1,0,1,0,0.,0.,1.,1.,1.,1.,1.,1.,0.,0.,1.,0.,0.,1.,0.,        717P    958
0.,1.;                                                               717P    959
110,8.,9.35,-24.,8.,9.35,-8.;                                        719P    960
126,1,1,1,0,1,0,0.,0.,1.,1.,1.,1.,0.,1.,0.,0.,0.,0.,0.,1.,0.,        721P    961
0.,1.;                                                               721P    962
110,8.,9.35,-8.,8.,1.6,-8.;                                          723P    963
126,1,1,1,0,1,0,0.,0.,1.,1.,1.,1.,0.,0.,0.,0.38125,0.,0.,0.,1.,      725P    964
0.,0.,1.;                                                            725P    965
110,8.,1.6,-8.,8.,1.6,-14.1;                                         727P    966
126,1,1,1,0,1,0,0.,0.,1.,1.,1.,1.,0.38125,0.,0.,0.38125,             729P    967
0.451612903,0.,0.,1.,0.,0.,1.;                                       729P    968
110,8.,1.6,-14.1,8.,5.1,-14.1;                                       731P    969
102,8,701,705,709,713,717,721,725,729;                               733P    970
102,8,703,707,711,715,719,723,727,731;                               735P    971
142,1,699,733,735,1;                                                 737P    972
144,699,1,0,737;                                                     739P    973
314,29.8039215686275,29.8039215686275,29.8039215686275,;             741P    974
128,1,1,1,1,0,0,1,0,0,0.,0.,1.,1.,0.,0.,1.,1.,1.,1.,1.,1.,8.41,      743P    975
16.05,-23.59,8.41,16.05,-8.41,23.59,16.05,-23.59,23.59,16.05,        743P    976
-8.41,0.,1.,0.,1.;                                                   743P    977
126,32,2,1,0,1,0,0.,0.,0.,0.0625,0.0625,0.125,0.125,0.1875,          745P    978
0.1875,0.25,0.25,0.3125,0.3125,0.375,0.375,0.4375,0.4375,0.5,        745P    979
0.5,0.5625,0.5625,0.625,0.625,0.6875,0.6875,0.75,0.75,0.8125,        745P    980
0.8125,0.875,0.875,0.9375,0.9375,1.,1.,1.,1.,1.,1.,1.,1.,1.,1.,      745P    981
1.,1.,1.,1.,1.,1.,1.,1.,1.,1.,1.,1.,1.,1.,1.,1.,1.,1.,1.,1.,1.,      745P    982
1.,1.,1.,1.,1.,0.005928854,0.5,0.,0.005928854,0.451338239,0.,        745P    983
0.015422292,0.403611501,0.,0.024915731,0.355884763,0.,               745P    984
0.04353778,0.310927158,0.,0.06215983,0.265969553,0.,                 745P    985
0.089194856,0.225508778,0.,0.116229881,0.185048003,0.,               745P    986
0.150638942,0.150638942,0.,0.185048003,0.116229881,0.,               745P    987
0.225508778,0.089194856,0.,0.265969553,0.06215983,0.,                745P    988
0.310927158,0.04353778,0.,0.355884763,0.024915731,0.,                745P    989
0.403611501,0.015422292,0.,0.451338239,0.005928854,0.,0.5,           745P    990
0.005928854,0.,0.548661761,0.005928854,0.,0.596388499,               745P    991
0.015422292,0.,0.644115237,0.024915731,0.,0.689072842,               745P    992
0.04353778,0.,0.734030447,0.06215983,0.,0.774491222,                 745P    993
0.089194856,0.,0.814951997,0.116229881,0.,0.849361058,               745P    994
0.150638942,0.,0.883770119,0.185048003,0.,0.910805144,               745P    995
0.225508778,0.,0.93784017,0.265969553,0.,0.95646222,                 745P    996
0.310927158,0.,0.975084269,0.355884763,0.,0.984577708,               745P    997
0.403611501,0.,0.994071146,0.451338239,0.,0.994071146,0.5,0.,        745P    998
0.,1.,0.,0.,-1.;                                                     745P    999
124,6.12323399573677E-017,-1.,0.,32.05,6.12323399573677E-017,        747P   1000
3.74939945665464E-033,1.,32.05,-1.,-6.12323399573677E-017,           747P   1001
6.12323399573677E-017,3.92499299126727E-015;                         747P   1002
100,-16.,16.,16.05,23.5,16.05,8.5,16.05;                             749P   1003
126,32,2,1,0,1,0,0.,0.,0.,0.0625,0.0625,0.125,0.125,0.1875,          751P   1004
0.1875,0.25,0.25,0.3125,0.3125,0.375,0.375,0.4375,0.4375,0.5,        751P   1005
0.5,0.5625,0.5625,0.625,0.625,0.6875,0.6875,0.75,0.75,0.8125,        751P   1006
0.8125,0.875,0.875,0.9375,0.9375,1.,1.,1.,1.,1.,1.,1.,1.,1.,1.,      751P   1007
1.,1.,1.,1.,1.,1.,1.,1.,1.,1.,1.,1.,1.,1.,1.,1.,1.,1.,1.,1.,1.,      751P   1008
1.,1.,1.,1.,1.,0.994071146,0.5,0.,0.994071146,0.548661761,0.,        751P   1009
0.984577708,0.596388499,0.,0.975084269,0.644115237,0.,               751P   1010
0.95646222,0.689072842,0.,0.93784017,0.734030447,0.,                 751P   1011
0.910805144,0.774491222,0.,0.883770119,0.814951997,0.,               751P   1012
0.849361058,0.849361058,0.,0.814951997,0.883770119,0.,               751P   1013
0.774491222,0.910805144,0.,0.734030447,0.93784017,0.,                751P   1014
0.689072842,0.95646222,0.,0.644115237,0.975084269,0.,                751P   1015
0.596388499,0.984577708,0.,0.548661761,0.994071146,0.,0.5,           751P   1016
0.994071146,0.,0.451338239,0.994071146,0.,0.403611501,               751P   1017
0.984577708,0.,0.355884763,0.975084269,0.,0.310927158,               751P   1018
0.95646222,0.,0.265969553,0.93784017,0.,0.225508778,                 751P   1019
0.910805144,0.,0.185048003,0.883770119,0.,0.150638942,               751P   1020
0.849361058,0.,0.116229881,0.814951997,0.,0.089194856,               751P   1021
0.774491222,0.,0.06215983,0.734030447,0.,0.04353778,                 751P   1022
0.689072842,0.,0.024915731,0.644115237,0.,0.015422292,               751P   1023
0.596388499,0.,0.005928854,0.548661761,0.,0.005928854,0.5,0.,        751P   1024
0.,1.,0.,0.,-1.;                                                     751P   1025
124,1.40271576953299E-014,1.,0.,-0.0500000000002213,                 753P   1026
-6.12323399573677E-017,8.58915688636046E-031,1.,32.05,1.,            753P   1027
-1.40271576953299E-014,6.12323399573677E-017,-31.9999999999998;      753P   1028
100,-16.,16.,16.05,23.5,16.05,8.5,16.05;                             755P   1029
102,2,745,751;                                                       757P   1030
102,2,749,755;                                                       759P   1031
142,1,743,757,759,1;                                                 761P   1032
126,32,2,1,0,1,0,0.,0.,0.,0.0625,0.0625,0.125,0.125,0.1875,          763P   1033
0.1875,0.25,0.25,0.3125,0.3125,0.375,0.375,0.4375,0.4375,0.5,        763P   1034
0.5,0.5625,0.5625,0.625,0.625,0.6875,0.6875,0.75,0.75,0.8125,        763P   1035
0.8125,0.875,0.875,0.9375,0.9375,1.,1.,1.,1.,1.,1.,1.,1.,1.,1.,      763P   1036
1.,1.,1.,1.,1.,1.,1.,1.,1.,1.,1.,1.,1.,1.,1.,1.,1.,1.,1.,1.,1.,      763P   1037
1.,1.,1.,1.,1.,0.890316206,0.5,0.,0.890316206,0.461557209,0.,        763P   1038
0.882816389,0.423853086,0.,0.875316573,0.386148962,0.,               763P   1039
0.860605153,0.350632455,0.,0.845893734,0.315115947,0.,               763P   1040
0.824536064,0.283151935,0.,0.803178394,0.251187922,0.,               763P   1041
0.775995236,0.224004764,0.,0.748812078,0.196821606,0.,               763P   1042
0.716848065,0.175463936,0.,0.684884053,0.154106266,0.,               763P   1043
0.649367545,0.139394847,0.,0.613851038,0.124683427,0.,               763P   1044
0.576146914,0.117183611,0.,0.538442791,0.109683794,0.,0.5,           763P   1045
0.109683794,0.,0.461557209,0.109683794,0.,0.423853086,               763P   1046
0.117183611,0.,0.386148962,0.124683427,0.,0.350632455,               763P   1047
0.139394847,0.,0.315115947,0.154106266,0.,0.283151935,               763P   1048
0.175463936,0.,0.251187922,0.196821606,0.,0.224004764,               763P   1049
0.224004764,0.,0.196821606,0.251187922,0.,0.175463936,               763P   1050
0.283151935,0.,0.154106266,0.315115947,0.,0.139394847,               763P   1051
0.350632455,0.,0.124683427,0.386148962,0.,0.117183611,               763P   1052
0.423853086,0.,0.109683794,0.461557209,0.,0.109683794,0.5,0.,        763P   1053
0.,1.,0.,0.,1.;                                                      763P   1054
124,6.12323399573677E-017,-1.,0.,32.05,6.12323399573677E-017,        765P   1055
3.74939945665464E-033,-1.,0.0499999999999995,1.,                     765P   1056
6.12323399573677E-017,6.12323399573677E-017,-32.;                    765P   1057
100,-16.,16.,16.05,21.925,16.05,10.075,16.05;                        767P   1058
126,32,2,1,0,1,0,0.,0.,0.,0.0625,0.0625,0.125,0.125,0.1875,          769P   1059
0.1875,0.25,0.25,0.3125,0.3125,0.375,0.375,0.4375,0.4375,0.5,        769P   1060
0.5,0.5625,0.5625,0.625,0.625,0.6875,0.6875,0.75,0.75,0.8125,        769P   1061
0.8125,0.875,0.875,0.9375,0.9375,1.,1.,1.,1.,1.,1.,1.,1.,1.,1.,      769P   1062
1.,1.,1.,1.,1.,1.,1.,1.,1.,1.,1.,1.,1.,1.,1.,1.,1.,1.,1.,1.,1.,      769P   1063
1.,1.,1.,1.,1.,0.109683794,0.5,0.,0.109683794,0.538442791,0.,        769P   1064
0.117183611,0.576146914,0.,0.124683427,0.613851038,0.,               769P   1065
0.139394847,0.649367545,0.,0.154106266,0.684884053,0.,               769P   1066
0.175463936,0.716848065,0.,0.196821606,0.748812078,0.,               769P   1067
0.224004764,0.775995236,0.,0.251187922,0.803178394,0.,               769P   1068
0.283151935,0.824536064,0.,0.315115947,0.845893734,0.,               769P   1069
0.350632455,0.860605153,0.,0.386148962,0.875316573,0.,               769P   1070
0.423853086,0.882816389,0.,0.461557209,0.890316206,0.,0.5,           769P   1071
0.890316206,0.,0.538442791,0.890316206,0.,0.576146914,               769P   1072
0.882816389,0.,0.613851038,0.875316573,0.,0.649367545,               769P   1073
0.860605153,0.,0.684884053,0.845893734,0.,0.716848065,               769P   1074
0.824536064,0.,0.748812078,0.803178394,0.,0.775995236,               769P   1075
0.775995236,0.,0.803178394,0.748812078,0.,0.824536064,               769P   1076
0.716848065,0.,0.845893734,0.684884053,0.,0.860605153,               769P   1077
0.649367545,0.,0.875316573,0.613851038,0.,0.882816389,               769P   1078
0.576146914,0.,0.890316206,0.538442791,0.,0.890316206,0.5,0.,        769P   1079
0.,1.,0.,0.,1.;                                                      769P   1080
124,1.40271576953299E-014,1.,0.,-0.0500000000002235,                 771P   1081
-6.12323399573677E-017,8.58915688636046E-031,-1.,                    771P   1082
0.0500000000000014,-1.,1.40271576953299E-014,                        771P   1083
6.12323399573677E-017,-2.19279577474845E-013;                        771P   1084
100,-16.,16.,16.05,21.925,16.05,10.075,16.05;                        773P   1085
102,2,763,769;                                                       775P   1086
102,2,767,773;                                                       777P   1087
142,1,743,775,777,1;                                                 779P   1088
144,743,1,1,761,779;                                                 781P   1089
314,29.8039215686275,29.8039215686275,29.8039215686275,;             783P   1090
128,1,1,1,1,0,0,1,0,0,0.,0.,1.,1.,0.,0.,1.,1.,1.,1.,1.,1.,8.,        785P   1091
9.35,-24.,8.,9.35,-8.,24.,9.35,-24.,24.,9.35,-8.,0.,1.,0.,1.;        785P   1092
126,1,1,1,0,1,0,0.,0.,1.,1.,1.,1.,0.,0.,0.,1.,0.,0.,0.,1.,0.,        787P   1093
0.,1.;                                                               787P   1094
110,8.,9.35,-24.,8.,9.35,-8.;                                        789P   1095
126,1,1,1,0,1,0,0.,0.,1.,1.,1.,1.,1.,0.,0.,1.,1.,0.,0.,1.,0.,        791P   1096
0.,1.;                                                               791P   1097
110,8.,9.35,-8.,24.,9.35,-8.;                                        793P   1098
126,1,1,1,0,1,0,0.,0.,1.,1.,1.,1.,1.,1.,0.,0.,1.,0.,0.,1.,0.,        795P   1099
0.,1.;                                                               795P   1100
110,24.,9.35,-8.,24.,9.35,-24.;                                      797P   1101
126,1,1,1,0,1,0,0.,0.,1.,1.,1.,1.,0.,1.,0.,0.,0.,0.,0.,1.,0.,        799P   1102
0.,1.;                                                               799P   1103
110,24.,9.35,-24.,8.,9.35,-24.;                                      801P   1104
102,4,787,791,795,799;                                               803P   1105
102,4,789,793,797,801;                                               805P   1106
142,1,785,803,805,1;                                                 807P   1107
126,32,2,1,0,1,0,0.,0.,0.,0.0625,0.0625,0.125,0.125,0.1875,          809P   1108
0.1875,0.25,0.25,0.3125,0.3125,0.375,0.375,0.4375,0.4375,0.5,        809P   1109
0.5,0.5625,0.5625,0.625,0.625,0.6875,0.6875,0.75,0.75,0.8125,        809P   1110
0.8125,0.875,0.875,0.9375,0.9375,1.,1.,1.,1.,1.,1.,1.,1.,1.,1.,      809P   1111
1.,1.,1.,1.,1.,1.,1.,1.,1.,1.,1.,1.,1.,1.,1.,1.,1.,1.,1.,1.,1.,      809P   1112
1.,1.,1.,1.,1.,0.96875,0.5,0.,0.96875,0.453832155,0.,0.9597431,      809P   1113
0.408551412,0.,0.9507362,0.363270668,0.,0.933068531,                 809P   1114
0.320617141,0.,0.915400861,0.277963614,0.,0.889751381,               809P   1115
0.239576453,0.,0.8641019,0.201189293,0.,0.831456304,                 809P   1116
0.168543696,0.,0.798810707,0.1358981,0.,0.760423547,                 809P   1117
0.110248619,0.,0.722036386,0.084599139,0.,0.679382859,               809P   1118
0.066931469,0.,0.636729332,0.0492638,0.,0.591448588,0.0402569,       809P   1119
0.,0.546167845,0.03125,0.,0.5,0.03125,0.,0.453832155,0.03125,        809P   1120
0.,0.408551412,0.0402569,0.,0.363270668,0.0492638,0.,                809P   1121
0.320617141,0.066931469,0.,0.277963614,0.084599139,0.,               809P   1122
0.239576453,0.110248619,0.,0.201189293,0.1358981,0.,                 809P   1123
0.168543696,0.168543696,0.,0.1358981,0.201189293,0.,                 809P   1124
0.110248619,0.239576453,0.,0.084599139,0.277963614,0.,               809P   1125
0.066931469,0.320617141,0.,0.0492638,0.363270668,0.,0.0402569,       809P   1126
0.408551412,0.,0.03125,0.453832155,0.,0.03125,0.5,0.,0.,1.,0.,       809P   1127
0.,1.;                                                               809P   1128
124,6.12323399573677E-017,-1.,0.,25.35,6.12323399573677E-017,        811P   1129
3.74939945665464E-033,-1.,-6.65,1.,6.12323399573677E-017,            811P   1130
6.12323399573677E-017,-32.;                                          811P   1131
100,-16.,16.,9.35,23.5,9.35,8.5,9.35;                                813P   1132
126,32,2,1,0,1,0,0.,0.,0.,0.0625,0.0625,0.125,0.125,0.1875,          815P   1133
0.1875,0.25,0.25,0.3125,0.3125,0.375,0.375,0.4375,0.4375,0.5,        815P   1134
0.5,0.5625,0.5625,0.625,0.625,0.6875,0.6875,0.75,0.75,0.8125,        815P   1135
0.8125,0.875,0.875,0.9375,0.9375,1.,1.,1.,1.,1.,1.,1.,1.,1.,1.,      815P   1136
1.,1.,1.,1.,1.,1.,1.,1.,1.,1.,1.,1.,1.,1.,1.,1.,1.,1.,1.,1.,1.,      815P   1137
1.,1.,1.,1.,1.,0.03125,0.5,0.,0.03125,0.546167845,0.,0.0402569,      815P   1138
0.591448588,0.,0.0492638,0.636729332,0.,0.066931469,                 815P   1139
0.679382859,0.,0.084599139,0.722036386,0.,0.110248619,               815P   1140
0.760423547,0.,0.1358981,0.798810707,0.,0.168543696,                 815P   1141
0.831456304,0.,0.201189293,0.8641019,0.,0.239576453,                 815P   1142
0.889751381,0.,0.277963614,0.915400861,0.,0.320617141,               815P   1143
0.933068531,0.,0.363270668,0.9507362,0.,0.408551412,0.9597431,       815P   1144
0.,0.453832155,0.96875,0.,0.5,0.96875,0.,0.546167845,0.96875,        815P   1145
0.,0.591448588,0.9597431,0.,0.636729332,0.9507362,0.,                815P   1146
0.679382859,0.933068531,0.,0.722036386,0.915400861,0.,               815P   1147
0.760423547,0.889751381,0.,0.798810707,0.8641019,0.,                 815P   1148
0.831456304,0.831456304,0.,0.8641019,0.798810707,0.,                 815P   1149
0.889751381,0.760423547,0.,0.915400861,0.722036386,0.,               815P   1150
0.933068531,0.679382859,0.,0.9507362,0.636729332,0.,0.9597431,       815P   1151
0.591448588,0.,0.96875,0.546167845,0.,0.96875,0.5,0.,0.,1.,0.,       815P   1152
0.,1.;                                                               815P   1153
124,1.40271576953299E-014,1.,0.,6.64999999999978,                    817P   1154
-6.12323399573677E-017,8.58915688636046E-031,-1.,-6.65,-1.,          817P   1155
1.40271576953299E-014,6.12323399573677E-017,                         817P   1156
-1.28356811190374E-013;                                              817P   1157
100,-16.,16.,9.35,23.5,9.35,8.5,9.35;                                819P   1158
102,2,809,815;                                                       821P   1159
102,2,813,819;                                                       823P   1160
142,1,785,821,823,1;                                                 825P   1161
144,785,1,1,807,825;                                                 827P   1162
128,1,1,1,1,0,0,1,0,0,0.,0.,1.,1.,0.,0.,1.,1.,1.,1.,1.,1.,0.,        829P   1163
0.,0.,0.,0.,-32.,0.,1.6,0.,0.,1.6,-32.,0.,1.,0.,1.;                  829P   1164
126,1,1,1,0,1,0,0.,0.,1.,1.,1.,1.,1.,0.,0.,1.,1.,0.,0.,1.,0.,        831P   1165
0.,1.;                                                               831P   1166
110,0.,0.,-32.,0.,1.6,-32.;                                          833P   1167
126,1,1,1,0,1,0,0.,0.,1.,1.,1.,1.,1.,1.,0.,0.,1.,0.,0.,1.,0.,        835P   1168
0.,1.;                                                               835P   1169
110,0.,1.6,-32.,0.,1.6,0.;                                           837P   1170
126,1,1,1,0,1,0,0.,0.,1.,1.,1.,1.,0.,1.,0.,0.,0.,0.,0.,1.,0.,        839P   1171
0.,1.;                                                               839P   1172
110,0.,1.6,0.,0.,0.,0.;                                              841P   1173
126,1,1,1,0,1,0,0.,0.,1.,1.,1.,1.,0.,0.,0.,1.,0.,0.,0.,1.,0.,        843P   1174
0.,1.;                                                               843P   1175
110,0.,0.,0.,0.,0.,-32.;                                             845P   1176
102,4,831,835,839,843;                                               847P   1177
102,4,833,837,841,845;                                               849P   1178
142,1,829,847,849,1;                                                 851P   1179
144,829,1,0,851;                                                     853P   1180
128,1,1,1,1,0,0,1,0,0,0.,0.,1.,1.,0.,0.,1.,1.,1.,1.,1.,1.,32.,       855P   1181
0.,0.,0.,0.,0.,32.,1.6,0.,0.,1.6,0.,0.,1.,0.,1.;                     855P   1182
126,1,1,1,0,1,0,0.,0.,1.,1.,1.,1.,1.,0.,0.,1.,1.,0.,0.,1.,0.,        857P   1183
0.,1.;                                                               857P   1184
110,0.,0.,0.,0.,1.6,0.;                                              859P   1185
126,1,1,1,0,1,0,0.,0.,1.,1.,1.,1.,1.,1.,0.,0.,1.,0.,0.,1.,0.,        861P   1186
0.,1.;                                                               861P   1187
110,0.,1.6,0.,32.,1.6,0.;                                            863P   1188
126,1,1,1,0,1,0,0.,0.,1.,1.,1.,1.,0.,1.,0.,0.,0.,0.,0.,1.,0.,        865P   1189
0.,1.;                                                               865P   1190
110,32.,1.6,0.,32.,0.,0.;                                            867P   1191
126,1,1,1,0,1,0,0.,0.,1.,1.,1.,1.,0.,0.,0.,1.,0.,0.,0.,1.,0.,        869P   1192
0.,1.;                                                               869P   1193
110,32.,0.,0.,0.,0.,0.;                                              871P   1194
102,4,857,861,865,869;                                               873P   1195
102,4,859,863,867,871;                                               875P   1196
142,1,855,873,875,1;                                                 877P   1197
144,855,1,0,877;                                                     879P   1198
128,1,1,1,1,0,0,1,0,0,0.,0.,1.,1.,0.,0.,1.,1.,1.,1.,1.,1.,32.,       881P   1199
0.,-32.,32.,0.,0.,32.,1.6,-32.,32.,1.6,0.,0.,1.,0.,1.;               881P   1200
126,1,1,1,0,1,0,0.,0.,1.,1.,1.,1.,1.,0.,0.,1.,1.,0.,0.,1.,0.,        883P   1201
0.,1.;                                                               883P   1202
110,32.,0.,0.,32.,1.6,0.;                                            885P   1203
126,1,1,1,0,1,0,0.,0.,1.,1.,1.,1.,1.,1.,0.,0.,1.,0.,0.,1.,0.,        887P   1204
0.,1.;                                                               887P   1205
110,32.,1.6,0.,32.,1.6,-32.;                                         889P   1206
126,1,1,1,0,1,0,0.,0.,1.,1.,1.,1.,0.,1.,0.,0.,0.,0.,0.,1.,0.,        891P   1207
0.,1.;                                                               891P   1208
110,32.,1.6,-32.,32.,0.,-32.;                                        893P   1209
126,1,1,1,0,1,0,0.,0.,1.,1.,1.,1.,0.,0.,0.,1.,0.,0.,0.,1.,0.,        895P   1210
0.,1.;                                                               895P   1211
110,32.,0.,-32.,32.,0.,0.;                                           897P   1212
102,4,883,887,891,895;                                               899P   1213
102,4,885,889,893,897;                                               901P   1214
142,1,881,899,901,1;                                                 903P   1215
144,881,1,0,903;                                                     905P   1216
128,1,1,1,1,0,0,1,0,0,0.,0.,1.,1.,0.,0.,1.,1.,1.,1.,1.,1.,0.,        907P   1217
0.,-32.,32.,0.,-32.,0.,1.6,-32.,32.,1.6,-32.,0.,1.,0.,1.;            907P   1218
126,1,1,1,0,1,0,0.,0.,1.,1.,1.,1.,1.,0.,0.,1.,1.,0.,0.,1.,0.,        909P   1219
0.,1.;                                                               909P   1220
110,32.,0.,-32.,32.,1.6,-32.;                                        911P   1221
126,1,1,1,0,1,0,0.,0.,1.,1.,1.,1.,1.,1.,0.,0.,1.,0.,0.,1.,0.,        913P   1222
0.,1.;                                                               913P   1223
110,32.,1.6,-32.,0.,1.6,-32.;                                        915P   1224
126,1,1,1,0,1,0,0.,0.,1.,1.,1.,1.,0.,1.,0.,0.,0.,0.,0.,1.,0.,        917P   1225
0.,1.;                                                               917P   1226
110,0.,1.6,-32.,0.,0.,-32.;                                          919P   1227
126,1,1,1,0,1,0,0.,0.,1.,1.,1.,1.,0.,0.,0.,1.,0.,0.,0.,1.,0.,        921P   1228
0.,1.;                                                               921P   1229
110,0.,0.,-32.,32.,0.,-32.;                                          923P   1230
102,4,909,913,917,921;                                               925P   1231
102,4,911,915,919,923;                                               927P   1232
142,1,907,925,927,1;                                                 929P   1233
144,907,1,0,929;                                                     931P   1234
110,2.,1.6,-30.,2.,-998.4,-30.;                                      933P   1235
110,2.,1.6,-31.22,2.,0.,-31.22;                                      935P   1236
120,933,935,0.,6.28318530717959;                                     937P   1237
126,1,1,1,0,1,0,0.,0.,1.,1.,1.,1.,1.,3.141592654,0.,1.,0.,0.,        939P   1238
0.,1.,0.,0.,1.;                                                      939P   1239
124,1.40271576953299E-014,1.,0.,1.99999999999997,                    941P   1240
-6.12323399573677E-017,8.58915688636046E-031,1.,30.,1.,              941P   1241
-1.40271576953299E-014,6.12323399573677E-017,-32.;                   941P   1242
100,-30.,2.,0.,3.22,0.,0.78,0.;                                      943P   1243
126,1,1,1,0,1,0,0.,0.,1.,1.,1.,1.,1.,0.,0.,0.,0.,0.,0.,1.,0.,        945P   1244
0.,1.;                                                               945P   1245
110,2.,0.,-31.22,2.,1.6,-31.22;                                      947P   1246
126,1,1,1,0,1,0,0.,0.,1.,1.,1.,1.,0.,0.,0.,0.,3.141592654,0.,        949P   1247
0.,1.,0.,0.,1.;                                                      949P   1248
124,1.40271576953299E-014,1.,0.,0.399999999999972,                   951P   1249
-6.12323399573677E-017,8.58915688636046E-031,-1.,-28.4,-1.,          951P   1250
1.40271576953299E-014,6.12323399573677E-017,-28.;                    951P   1251
100,-30.,2.,1.6,3.22,1.6,0.78,1.6;                                   953P   1252
126,1,1,1,0,1,0,0.,0.,1.,1.,1.,1.,0.,3.141592654,0.,1.,              955P   1253
3.141592654,0.,0.,1.,0.,0.,1.;                                       955P   1254
110,2.,1.6,-28.78,2.,0.,-28.78;                                      957P   1255
102,4,939,945,949,955;                                               959P   1256
102,4,943,947,953,957;                                               961P   1257
142,1,937,959,961,1;                                                 963P   1258
144,937,1,0,963;                                                     965P   1259
110,2.,1.6,-2.,2.,-998.4,-2.;                                        967P   1260
110,2.,1.6,-3.22,2.,0.,-3.22;                                        969P   1261
120,967,969,0.,6.28318530717959;                                     971P   1262
126,1,1,1,0,1,0,0.,0.,1.,1.,1.,1.,1.,3.141592654,0.,1.,0.,0.,        973P   1263
0.,1.,0.,0.,1.;                                                      973P   1264
124,1.40271576953299E-014,1.,0.,1.99999999999997,                    975P   1265
-6.12323399573677E-017,8.58915688636046E-031,1.,2.,1.,               975P   1266
-1.40271576953299E-014,6.12323399573677E-017,-4.;                    975P   1267
100,-2.,2.,0.,3.22,0.,0.78,0.;                                       977P   1268
126,1,1,1,0,1,0,0.,0.,1.,1.,1.,1.,1.,0.,0.,0.,0.,0.,0.,1.,0.,        979P   1269
0.,1.;                                                               979P   1270
110,2.,0.,-3.22,2.,1.6,-3.22;                                        981P   1271
126,1,1,1,0,1,0,0.,0.,1.,1.,1.,1.,0.,0.,0.,0.,3.141592654,0.,        983P   1272
0.,1.,0.,0.,1.;                                                      983P   1273
124,1.40271576953299E-014,1.,0.,0.399999999999972,                   985P   1274
-6.12323399573677E-017,8.58915688636046E-031,-1.,-0.4,-1.,           985P   1275
1.40271576953299E-014,6.12323399573677E-017,                         985P   1276
-2.16865387325202E-014;                                              985P   1277
100,-2.,2.,1.6,3.22,1.6,0.78,1.6;                                    987P   1278
126,1,1,1,0,1,0,0.,0.,1.,1.,1.,1.,0.,3.141592654,0.,1.,              989P   1279
3.141592654,0.,0.,1.,0.,0.,1.;                                       989P   1280
110,2.,1.6,-0.78,2.,0.,-0.78;                                        991P   1281
102,4,973,979,983,989;                                               993P   1282
102,4,977,981,987,991;                                               995P   1283
142,1,971,993,995,1;                                                 997P   1284
144,971,1,0,997;                                                     999P   1285
110,30.,1.6,-2.,30.,-998.4,-2.;                                     1001P   1286
110,30.,1.6,-3.22,30.,0.,-3.22;                                     1003P   1287
120,1001,1003,0.,6.28318530717959;                                  1005P   1288
126,1,1,1,0,1,0,0.,0.,1.,1.,1.,1.,1.,3.141592654,0.,1.,0.,0.,       1007P   1289
0.,1.,0.,0.,1.;                                                     1007P   1290
124,1.40271576953299E-014,1.,0.,29.9999999999996,                   1009P   1291
-6.12323399573677E-017,8.58915688636046E-031,1.,2.,1.,              1009P   1292
-1.40271576953299E-014,6.12323399573677E-017,-32.;                  1009P   1293
100,-2.,30.,0.,31.22,0.,28.78,0.;                                   1011P   1294
126,1,1,1,0,1,0,0.,0.,1.,1.,1.,1.,1.,0.,0.,0.,0.,0.,0.,1.,0.,       1013P   1295
0.,1.;                                                              1013P   1296
110,30.,0.,-3.22,30.,1.6,-3.22;                                     1015P   1297
126,1,1,1,0,1,0,0.,0.,1.,1.,1.,1.,0.,0.,0.,0.,3.141592654,0.,       1017P   1298
0.,1.,0.,0.,1.;                                                     1017P   1299
124,1.40271576953299E-014,1.,0.,28.3999999999996,                   1019P   1300
-6.12323399573677E-017,8.58915688636046E-031,-1.,                   1019P   1301
-0.399999999999998,-1.,1.40271576953299E-014,                       1019P   1302
6.12323399573677E-017,28.;                                          1019P   1303
100,-2.,30.,1.6,31.22,1.6,28.78,1.6;                                1021P   1304
126,1,1,1,0,1,0,0.,0.,1.,1.,1.,1.,0.,3.141592654,0.,1.,             1023P   1305
3.141592654,0.,0.,1.,0.,0.,1.;                                      1023P   1306
110,30.,1.6,-0.78,30.,0.,-0.78;                                     1025P   1307
102,4,1007,1013,1017,1023;                                          1027P   1308
102,4,1011,1015,1021,1025;                                          1029P   1309
142,1,1005,1027,1029,1;                                             1031P   1310
144,1005,1,0,1031;                                                  1033P   1311
110,30.,1.6,-30.,30.,-998.4,-30.;                                   1035P   1312
110,30.,1.6,-31.22,30.,0.,-31.22;                                   1037P   1313
120,1035,1037,0.,6.28318530717959;                                  1039P   1314
126,1,1,1,0,1,0,0.,0.,1.,1.,1.,1.,1.,3.141592654,0.,1.,0.,0.,       1041P   1315
0.,1.,0.,0.,1.;                                                     1041P   1316
124,1.40271576953299E-014,1.,0.,29.9999999999996,                   1043P   1317
-6.12323399573677E-017,8.58915688636046E-031,1.,30.,1.,             1043P   1318
-1.40271576953299E-014,6.12323399573677E-017,-60.;                  1043P   1319
100,-30.,30.,0.,31.22,0.,28.78,0.;                                  1045P   1320
126,1,1,1,0,1,0,0.,0.,1.,1.,1.,1.,1.,0.,0.,0.,0.,0.,0.,1.,0.,       1047P   1321
0.,1.;                                                              1047P   1322
110,30.,0.,-31.22,30.,1.6,-31.22;                                   1049P   1323
126,1,1,1,0,1,0,0.,0.,1.,1.,1.,1.,0.,0.,0.,0.,3.141592654,0.,       1051P   1324
0.,1.,0.,0.,1.;                                                     1051P   1325
124,1.40271576953299E-014,1.,0.,28.3999999999996,                   1053P   1326
-6.12323399573677E-017,8.58915688636046E-031,-1.,-28.4,-1.,         1053P   1327
1.40271576953299E-014,6.12323399573677E-017,                        1053P   1328
-2.6631698088142E-014;                                              1053P   1329
100,-30.,30.,1.6,31.22,1.6,28.78,1.6;                               1055P   1330
126,1,1,1,0,1,0,0.,0.,1.,1.,1.,1.,0.,3.141592654,0.,1.,             1057P   1331
3.141592654,0.,0.,1.,0.,0.,1.;                                      1057P   1332
110,30.,1.6,-28.78,30.,0.,-28.78;                                   1059P   1333
102,4,1041,1047,1051,1057;                                          1061P   1334
102,4,1045,1049,1055,1059;                                          1063P   1335
142,1,1039,1061,1063,1;                                             1065P   1336
144,1039,1,0,1065;                                                  1067P   1337
314,29.8039215686275,29.8039215686275,29.8039215686275,;            1069P   1338
128,1,1,1,1,0,0,1,0,0,0.,0.,1.,1.,0.,0.,1.,1.,1.,1.,1.,1.,24.,      1071P   1339
1.6,-8.,8.,1.6,-8.,24.,9.35,-8.,8.,9.35,-8.,0.,1.,0.,1.;            1071P   1340
126,1,1,1,0,1,0,0.,0.,1.,1.,1.,1.,1.,0.,0.,1.,1.,0.,0.,1.,0.,       1073P   1341
0.,1.;                                                              1073P   1342
110,8.,1.6,-8.,8.,9.35,-8.;                                         1075P   1343
126,1,1,1,0,1,0,0.,0.,1.,1.,1.,1.,1.,1.,0.,0.,1.,0.,0.,1.,0.,       1077P   1344
0.,1.;                                                              1077P   1345
110,8.,9.35,-8.,24.,9.35,-8.;                                       1079P   1346
126,1,1,1,0,1,0,0.,0.,1.,1.,1.,1.,0.,1.,0.,0.,0.,0.,0.,1.,0.,       1081P   1347
0.,1.;                                                              1081P   1348
110,24.,9.35,-8.,24.,1.6,-8.;                                       1083P   1349
126,1,1,1,0,1,0,0.,0.,1.,1.,1.,1.,0.,0.,0.,1.,0.,0.,0.,1.,0.,       1085P   1350
0.,1.;                                                              1085P   1351
110,24.,1.6,-8.,8.,1.6,-8.;                                         1087P   1352
102,4,1073,1077,1081,1085;                                          1089P   1353
102,4,1075,1079,1083,1087;                                          1091P   1354
142,1,1071,1089,1091,1;                                             1093P   1355
144,1071,1,0,1093;                                                  1095P   1356
314,29.8039215686275,29.8039215686275,29.8039215686275,;            1097P   1357
128,1,1,1,1,0,0,1,0,0,0.,0.,1.,1.,0.,0.,1.,1.,1.,1.,1.,1.,8.,       1099P   1358
1.6,-24.,24.,1.6,-24.,8.,9.35,-24.,24.,9.35,-24.,0.,1.,0.,1.;       1099P   1359
126,1,1,1,0,1,0,0.,0.,1.,1.,1.,1.,1.,0.,0.,1.,1.,0.,0.,1.,0.,       1101P   1360
0.,1.;                                                              1101P   1361
110,24.,1.6,-24.,24.,9.35,-24.;                                     1103P   1362
126,1,1,1,0,1,0,0.,0.,1.,1.,1.,1.,1.,1.,0.,0.,1.,0.,0.,1.,0.,       1105P   1363
0.,1.;                                                              1105P   1364
110,24.,9.35,-24.,8.,9.35,-24.;                                     1107P   1365
126,1,1,1,0,1,0,0.,0.,1.,1.,1.,1.,0.,1.,0.,0.,0.,0.,0.,1.,0.,       1109P   1366
0.,1.;                                                              1109P   1367
110,8.,9.35,-24.,8.,1.6,-24.;                                       1111P   1368
126,1,1,1,0,1,0,0.,0.,1.,1.,1.,1.,0.,0.,0.,1.,0.,0.,0.,1.,0.,       1113P   1369
0.,1.;                                                              1113P   1370
110,8.,1.6,-24.,24.,1.6,-24.;                                       1115P   1371
102,4,1101,1105,1109,1113;                                          1117P   1372
102,4,1103,1107,1111,1115;                                          1119P   1373
142,1,1099,1117,1119,1;                                             1121P   1374
144,1099,1,0,1121;                                                  1123P   1375
314,29.8039215686275,29.8039215686275,29.8039215686275,;            1125P   1376
110,16.,16.05,-16.,16.,-983.95,-16.;                                1127P   1377
110,16.,16.05,-23.5,16.,9.35,-23.5;                                 1129P   1378
120,1127,1129,0.,6.28318530717959;                                  1131P   1379
126,1,1,1,0,1,0,0.,0.,1.,1.,1.,1.,1.,3.141592654,0.,0.,             1133P   1380
3.141592654,0.,0.,1.,0.,0.,1.;                                      1133P   1381
110,16.,9.35,-8.5,16.,16.05,-8.5;                                   1135P   1382
126,1,1,1,0,1,0,0.,0.,1.,1.,1.,1.,0.,3.141592654,0.,0.,             1137P   1383
6.283185307,0.,0.,1.,0.,0.,1.;                                      1137P   1384
124,6.12323399573677E-017,-1.,0.,32.05,6.12323399573677E-017,       1139P   1385
3.74939945665464E-033,-1.,0.0499999999999995,1.,                    1139P   1386
6.12323399573677E-017,6.12323399573677E-017,-32.;                   1139P   1387
100,-16.,16.,16.05,23.5,16.05,8.5,16.05;                            1141P   1388
126,1,1,1,0,1,0,0.,0.,1.,1.,1.,1.,0.,6.283185307,0.,1.,             1143P   1389
6.283185307,0.,0.,1.,0.,0.,1.;                                      1143P   1390
110,16.,16.05,-23.5,16.,9.35,-23.5;                                 1145P   1391
126,1,1,1,0,1,0,0.,0.,1.,1.,1.,1.,1.,6.283185307,0.,1.,             1147P   1392
3.141592654,0.,0.,1.,0.,0.,1.;                                      1147P   1393
124,6.12323399573677E-017,-1.,0.,25.35,6.12323399573677E-017,       1149P   1394
3.74939945665464E-033,1.,25.35,-1.,-6.12323399573677E-017,          1149P   1395
6.12323399573677E-017,6.57392658779215E-015;                        1149P   1396
100,-16.,16.,9.35,23.5,9.35,8.5,9.35;                               1151P   1397
102,4,1133,1137,1143,1147;                                          1153P   1398
102,4,1135,1141,1145,1151;                                          1155P   1399
142,1,1131,1153,1155,1;                                             1157P   1400
144,1131,1,0,1157;                                                  1159P   1401
314,29.8039215686275,29.8039215686275,29.8039215686275,;            1161P   1402
110,16.,18.05,-16.,16.,-981.95,-16.;                                1163P   1403
110,16.,18.05,-21.925,16.,16.05,-21.925;                            1165P   1404
120,1163,1165,0.,6.28318530717959;                                  1167P   1405
126,1,1,1,0,1,0,0.,0.,1.,1.,1.,1.,1.,3.141592654,0.,0.,             1169P   1406
3.141592654,0.,0.,1.,0.,0.,1.;                                      1169P   1407
110,16.,16.05,-10.075,16.,18.05,-10.075;                            1171P   1408
126,1,1,1,0,1,0,0.,0.,1.,1.,1.,1.,0.,3.141592654,0.,0.,             1173P   1409
6.283185307,0.,0.,1.,0.,0.,1.;                                      1173P   1410
124,6.12323399573677E-017,-1.,0.,34.05,6.12323399573677E-017,       1175P   1411
3.74939945665464E-033,-1.,2.05,1.,6.12323399573677E-017,            1175P   1412
6.12323399573677E-017,-32.;                                         1175P   1413
100,-16.,16.,18.05,21.925,18.05,10.075,18.05;                       1177P   1414
126,1,1,1,0,1,0,0.,0.,1.,1.,1.,1.,0.,6.283185307,0.,1.,             1179P   1415
6.283185307,0.,0.,1.,0.,0.,1.;                                      1179P   1416
110,16.,18.05,-21.925,16.,16.05,-21.925;                            1181P   1417
126,1,1,1,0,1,0,0.,0.,1.,1.,1.,1.,1.,6.283185307,0.,1.,             1183P   1418
3.141592654,0.,0.,1.,0.,0.,1.;                                      1183P   1419
124,6.12323399573677E-017,-1.,0.,32.05,6.12323399573677E-017,       1185P   1420
3.74939945665464E-033,1.,32.05,-1.,-6.12323399573677E-017,          1185P   1421
6.12323399573677E-017,3.92499299126727E-015;                        1185P   1422
100,-16.,16.,16.05,21.925,16.05,10.075,16.05;                       1187P   1423
102,4,1169,1173,1179,1183;                                          1189P   1424
102,4,1171,1177,1181,1187;                                          1191P   1425
142,1,1167,1189,1191,1;                                             1193P   1426
144,1167,1,0,1193;                                                  1195P   1427
314,29.8039215686275,29.8039215686275,29.8039215686275,;            1197P   1428
128,1,1,1,1,0,0,1,0,0,0.,0.,1.,1.,0.,0.,1.,1.,1.,1.,1.,1.,          1199P   1429
8.9413,18.05,-23.0587,8.9413,18.05,-8.9413,23.0587,18.05,           1199P   1430
-23.0587,23.0587,18.05,-8.9413,0.,1.,0.,1.;                         1199P   1431
126,32,2,1,0,1,0,0.,0.,0.,0.0625,0.0625,0.125,0.125,0.1875,         1201P   1432
0.1875,0.25,0.25,0.3125,0.3125,0.375,0.375,0.4375,0.4375,0.5,       1201P   1433
0.5,0.5625,0.5625,0.625,0.625,0.6875,0.6875,0.75,0.75,0.8125,       1201P   1434
0.8125,0.875,0.875,0.9375,0.9375,1.,1.,1.,1.,1.,1.,1.,1.,1.,1.,     1201P   1435
1.,1.,1.,1.,1.,1.,1.,1.,1.,1.,1.,1.,1.,1.,1.,1.,1.,1.,1.,1.,1.,     1201P   1436
1.,1.,1.,1.,1.,0.994071146,0.5,0.,0.994071146,0.548661761,0.,       1201P   1437
0.984577708,0.596388499,0.,0.975084269,0.644115237,0.,              1201P   1438
0.95646222,0.689072842,0.,0.93784017,0.734030447,0.,                1201P   1439
0.910805144,0.774491222,0.,0.883770119,0.814951997,0.,              1201P   1440
0.849361058,0.849361058,0.,0.814951997,0.883770119,0.,              1201P   1441
0.774491222,0.910805144,0.,0.734030447,0.93784017,0.,               1201P   1442
0.689072842,0.95646222,0.,0.644115237,0.975084269,0.,               1201P   1443
0.596388499,0.984577708,0.,0.548661761,0.994071146,0.,0.5,          1201P   1444
0.994071146,0.,0.451338239,0.994071146,0.,0.403611501,              1201P   1445
0.984577708,0.,0.355884763,0.975084269,0.,0.310927158,              1201P   1446
0.95646222,0.,0.265969553,0.93784017,0.,0.225508778,                1201P   1447
0.910805144,0.,0.185048003,0.883770119,0.,0.150638942,              1201P   1448
0.849361058,0.,0.116229881,0.814951997,0.,0.089194856,              1201P   1449
0.774491222,0.,0.06215983,0.734030447,0.,0.04353778,                1201P   1450
0.689072842,0.,0.024915731,0.644115237,0.,0.015422292,              1201P   1451
0.596388499,0.,0.005928854,0.548661761,0.,0.005928854,0.5,0.,       1201P   1452
0.,1.,0.,0.,-1.;                                                    1201P   1453
124,1.40271576953299E-014,1.,0.,-2.05000000000022,                  1203P   1454
-6.12323399573677E-017,8.58915688636046E-031,1.,34.05,1.,           1203P   1455
-1.40271576953299E-014,6.12323399573677E-017,-31.9999999999998;     1203P   1456
100,-16.,16.,18.05,22.975,18.05,9.025,18.05;                        1205P   1457
126,32,2,1,0,1,0,0.,0.,0.,0.0625,0.0625,0.125,0.125,0.1875,         1207P   1458
0.1875,0.25,0.25,0.3125,0.3125,0.375,0.375,0.4375,0.4375,0.5,       1207P   1459
0.5,0.5625,0.5625,0.625,0.625,0.6875,0.6875,0.75,0.75,0.8125,       1207P   1460
0.8125,0.875,0.875,0.9375,0.9375,1.,1.,1.,1.,1.,1.,1.,1.,1.,1.,     1207P   1461
1.,1.,1.,1.,1.,1.,1.,1.,1.,1.,1.,1.,1.,1.,1.,1.,1.,1.,1.,1.,1.,     1207P   1462
1.,1.,1.,1.,1.,0.005928854,0.5,0.,0.005928854,0.451338239,0.,       1207P   1463
0.015422292,0.403611501,0.,0.024915731,0.355884763,0.,              1207P   1464
0.04353778,0.310927158,0.,0.06215983,0.265969553,0.,                1207P   1465
0.089194856,0.225508778,0.,0.116229881,0.185048003,0.,              1207P   1466
0.150638942,0.150638942,0.,0.185048003,0.116229881,0.,              1207P   1467
0.225508778,0.089194856,0.,0.265969553,0.06215983,0.,               1207P   1468
0.310927158,0.04353778,0.,0.355884763,0.024915731,0.,               1207P   1469
0.403611501,0.015422292,0.,0.451338239,0.005928854,0.,0.5,          1207P   1470
0.005928854,0.,0.548661761,0.005928854,0.,0.596388499,              1207P   1471
0.015422292,0.,0.644115237,0.024915731,0.,0.689072842,              1207P   1472
0.04353778,0.,0.734030447,0.06215983,0.,0.774491222,                1207P   1473
0.089194856,0.,0.814951997,0.116229881,0.,0.849361058,              1207P   1474
0.150638942,0.,0.883770119,0.185048003,0.,0.910805144,              1207P   1475
0.225508778,0.,0.93784017,0.265969553,0.,0.95646222,                1207P   1476
0.310927158,0.,0.975084269,0.355884763,0.,0.984577708,              1207P   1477
0.403611501,0.,0.994071146,0.451338239,0.,0.994071146,0.5,0.,       1207P   1478
0.,1.,0.,0.,-1.;                                                    1207P   1479
124,6.12323399573677E-017,-1.,0.,34.05,6.12323399573677E-017,       1209P   1480
3.74939945665464E-033,1.,34.05,-1.,-6.12323399573677E-017,          1209P   1481
6.12323399573677E-017,4.16992235109674E-015;                        1209P   1482
100,-16.,16.,18.05,22.975,18.05,9.025,18.05;                        1211P   1483
102,2,1201,1207;                                                    1213P   1484
102,2,1205,1211;                                                    1215P   1485
142,1,1199,1213,1215,1;                                             1217P   1486
126,32,2,1,0,1,0,0.,0.,0.,0.0625,0.0625,0.125,0.125,0.1875,         1219P   1487
0.1875,0.25,0.25,0.3125,0.3125,0.375,0.375,0.4375,0.4375,0.5,       1219P   1488
0.5,0.5625,0.5625,0.625,0.625,0.6875,0.6875,0.75,0.75,0.8125,       1219P   1489
0.8125,0.875,0.875,0.9375,0.9375,1.,1.,1.,1.,1.,1.,1.,1.,1.,1.,     1219P   1490
1.,1.,1.,1.,1.,1.,1.,1.,1.,1.,1.,1.,1.,1.,1.,1.,1.,1.,1.,1.,1.,     1219P   1491
1.,1.,1.,1.,1.,0.080305155,0.5,0.,0.080305155,0.541336334,0.,       1219P   1492
0.088369474,0.581878402,0.,0.096433793,0.622420471,0.,              1219P   1493
0.112252523,0.660610264,0.,0.128071253,0.698800057,0.,              1219P   1494
0.15103649,0.733169963,0.,0.174001727,0.767539868,0.,               1219P   1495
0.203230929,0.796769071,0.,0.232460132,0.825998273,0.,              1219P   1496
0.266830037,0.84896351,0.,0.301199943,0.871928747,0.,               1219P   1497
0.339389736,0.887747477,0.,0.377579529,0.903566207,0.,              1219P   1498
0.418121598,0.911630526,0.,0.458663666,0.919694845,0.,0.5,          1219P   1499
0.919694845,0.,0.541336334,0.919694845,0.,0.581878402,              1219P   1500
0.911630526,0.,0.622420471,0.903566207,0.,0.660610264,              1219P   1501
0.887747477,0.,0.698800057,0.871928747,0.,0.733169963,              1219P   1502
0.84896351,0.,0.767539868,0.825998273,0.,0.796769071,               1219P   1503
0.796769071,0.,0.825998273,0.767539868,0.,0.84896351,               1219P   1504
0.733169963,0.,0.871928747,0.698800057,0.,0.887747477,              1219P   1505
0.660610264,0.,0.903566207,0.622420471,0.,0.911630526,              1219P   1506
0.581878402,0.,0.919694845,0.541336334,0.,0.919694845,0.5,0.,       1219P   1507
0.,1.,0.,0.,1.;                                                     1219P   1508
124,1.40271576953299E-014,1.,0.,-2.05000000000023,                  1221P   1509
-6.12323399573677E-017,8.58915688636046E-031,-1.,2.05,-1.,          1221P   1510
1.40271576953299E-014,6.12323399573677E-017,                        1221P   1511
-2.4745635754542E-013;                                              1221P   1512
100,-16.,16.,18.05,21.925,18.05,10.075,18.05;                       1223P   1513
126,32,2,1,0,1,0,0.,0.,0.,0.0625,0.0625,0.125,0.125,0.1875,         1225P   1514
0.1875,0.25,0.25,0.3125,0.3125,0.375,0.375,0.4375,0.4375,0.5,       1225P   1515
0.5,0.5625,0.5625,0.625,0.625,0.6875,0.6875,0.75,0.75,0.8125,       1225P   1516
0.8125,0.875,0.875,0.9375,0.9375,1.,1.,1.,1.,1.,1.,1.,1.,1.,1.,     1225P   1517
1.,1.,1.,1.,1.,1.,1.,1.,1.,1.,1.,1.,1.,1.,1.,1.,1.,1.,1.,1.,1.,     1225P   1518
1.,1.,1.,1.,1.,0.919694845,0.5,0.,0.919694845,0.458663666,0.,       1225P   1519
0.911630526,0.418121598,0.,0.903566207,0.377579529,0.,              1225P   1520
0.887747477,0.339389736,0.,0.871928747,0.301199943,0.,              1225P   1521
0.84896351,0.266830037,0.,0.825998273,0.232460132,0.,               1225P   1522
0.796769071,0.203230929,0.,0.767539868,0.174001727,0.,              1225P   1523
0.733169963,0.15103649,0.,0.698800057,0.128071253,0.,               1225P   1524
0.660610264,0.112252523,0.,0.622420471,0.096433793,0.,              1225P   1525
0.581878402,0.088369474,0.,0.541336334,0.080305155,0.,0.5,          1225P   1526
0.080305155,0.,0.458663666,0.080305155,0.,0.418121598,              1225P   1527
0.088369474,0.,0.377579529,0.096433793,0.,0.339389736,              1225P   1528
0.112252523,0.,0.301199943,0.128071253,0.,0.266830037,              1225P   1529
0.15103649,0.,0.232460132,0.174001727,0.,0.203230929,               1225P   1530
0.203230929,0.,0.174001727,0.232460132,0.,0.15103649,               1225P   1531
0.266830037,0.,0.128071253,0.301199943,0.,0.112252523,              1225P   1532
0.339389736,0.,0.096433793,0.377579529,0.,0.088369474,              1225P   1533
0.418121598,0.,0.080305155,0.458663666,0.,0.080305155,0.5,0.,       1225P   1534
0.,1.,0.,0.,1.;                                                     1225P   1535
124,6.12323399573677E-017,-1.,0.,34.05,6.12323399573677E-017,       1227P   1536
3.74939945665464E-033,-1.,2.05,1.,6.12323399573677E-017,            1227P   1537
6.12323399573677E-017,-32.;                                         1227P   1538
100,-16.,16.,18.05,21.925,18.05,10.075,18.05;                       1229P   1539
102,2,1219,1225;                                                    1231P   1540
102,2,1223,1229;                                                    1233P   1541
142,1,1199,1231,1233,1;                                             1235P   1542
144,1199,1,1,1217,1235;                                             1237P   1543
314,29.8039215686275,29.8039215686275,29.8039215686275,;            1239P   1544
110,16.,23.35,-16.,16.,-976.65,-16.;                                1241P   1545
110,16.,23.35,-22.975,16.,18.05,-22.975;                            1243P   1546
120,1241,1243,0.,6.28318530717959;                                  1245P   1547
126,1,1,1,0,1,0,0.,0.,1.,1.,1.,1.,1.,3.141592654,0.,0.,             1247P   1548
3.141592654,0.,0.,1.,0.,0.,1.;                                      1247P   1549
110,16.,18.05,-9.025,16.,23.35,-9.025;                              1249P   1550
126,1,1,1,0,1,0,0.,0.,1.,1.,1.,1.,0.,3.141592654,0.,0.,             1251P   1551
6.283185307,0.,0.,1.,0.,0.,1.;                                      1251P   1552
124,6.12323399573677E-017,-1.,0.,39.35,6.12323399573677E-017,       1253P   1553
3.74939945665464E-033,-1.,7.35,1.,6.12323399573677E-017,            1253P   1554
6.12323399573677E-017,-32.;                                         1253P   1555
100,-16.,16.,23.35,22.975,23.35,9.025,23.35;                        1255P   1556
126,1,1,1,0,1,0,0.,0.,1.,1.,1.,1.,0.,6.283185307,0.,1.,             1257P   1557
6.283185307,0.,0.,1.,0.,0.,1.;                                      1257P   1558
110,16.,23.35,-22.975,16.,18.05,-22.975;                            1259P   1559
126,1,1,1,0,1,0,0.,0.,1.,1.,1.,1.,1.,6.283185307,0.,1.,             1261P   1560
3.141592654,0.,0.,1.,0.,0.,1.;                                      1261P   1561
124,6.12323399573677E-017,-1.,0.,34.05,6.12323399573677E-017,       1263P   1562
3.74939945665464E-033,1.,34.05,-1.,-6.12323399573677E-017,          1263P   1563
6.12323399573677E-017,4.16992235109674E-015;                        1263P   1564
100,-16.,16.,18.05,22.975,18.05,9.025,18.05;                        1265P   1565
102,4,1247,1251,1257,1261;                                          1267P   1566
102,4,1249,1255,1259,1265;                                          1269P   1567
142,1,1245,1267,1269,1;                                             1271P   1568
144,1245,1,0,1271;                                                  1273P   1569
314,29.8039215686275,29.8039215686275,29.8039215686275,;            1275P   1570
128,1,1,1,1,0,0,1,0,0,0.,0.,1.,1.,0.,0.,1.,1.,1.,1.,1.,1.,          1277P   1571
8.9413,23.35,-23.0587,8.9413,23.35,-8.9413,23.0587,23.35,           1277P   1572
-23.0587,23.0587,23.35,-8.9413,0.,1.,0.,1.;                         1277P   1573
126,32,2,1,0,1,0,0.,0.,0.,0.0625,0.0625,0.125,0.125,0.1875,         1279P   1574
0.1875,0.25,0.25,0.3125,0.3125,0.375,0.375,0.4375,0.4375,0.5,       1279P   1575
0.5,0.5625,0.5625,0.625,0.625,0.6875,0.6875,0.75,0.75,0.8125,       1279P   1576
0.8125,0.875,0.875,0.9375,0.9375,1.,1.,1.,1.,1.,1.,1.,1.,1.,1.,     1279P   1577
1.,1.,1.,1.,1.,1.,1.,1.,1.,1.,1.,1.,1.,1.,1.,1.,1.,1.,1.,1.,1.,     1279P   1578
1.,1.,1.,1.,1.,0.005928854,0.5,0.,0.005928854,0.451338239,0.,       1279P   1579
0.015422292,0.403611501,0.,0.024915731,0.355884763,0.,              1279P   1580
0.04353778,0.310927158,0.,0.06215983,0.265969553,0.,                1279P   1581
0.089194856,0.225508778,0.,0.116229881,0.185048003,0.,              1279P   1582
0.150638942,0.150638942,0.,0.185048003,0.116229881,0.,              1279P   1583
0.225508778,0.089194856,0.,0.265969553,0.06215983,0.,               1279P   1584
0.310927158,0.04353778,0.,0.355884763,0.024915731,0.,               1279P   1585
0.403611501,0.015422292,0.,0.451338239,0.005928854,0.,0.5,          1279P   1586
0.005928854,0.,0.548661761,0.005928854,0.,0.596388499,              1279P   1587
0.015422292,0.,0.644115237,0.024915731,0.,0.689072842,              1279P   1588
0.04353778,0.,0.734030447,0.06215983,0.,0.774491222,                1279P   1589
0.089194856,0.,0.814951997,0.116229881,0.,0.849361058,              1279P   1590
0.150638942,0.,0.883770119,0.185048003,0.,0.910805144,              1279P   1591
0.225508778,0.,0.93784017,0.265969553,0.,0.95646222,                1279P   1592
0.310927158,0.,0.975084269,0.355884763,0.,0.984577708,              1279P   1593
0.403611501,0.,0.994071146,0.451338239,0.,0.994071146,0.5,0.,       1279P   1594
0.,1.,0.,0.,-1.;                                                    1279P   1595
124,6.12323399573677E-017,-1.,0.,39.35,6.12323399573677E-017,       1281P   1596
3.74939945665464E-033,1.,39.35,-1.,-6.12323399573677E-017,          1281P   1597
6.12323399573677E-017,4.81898515464484E-015;                        1281P   1598
100,-16.,16.,23.35,22.975,23.35,9.025,23.35;                        1283P   1599
126,32,2,1,0,1,0,0.,0.,0.,0.0625,0.0625,0.125,0.125,0.1875,         1285P   1600
0.1875,0.25,0.25,0.3125,0.3125,0.375,0.375,0.4375,0.4375,0.5,       1285P   1601
0.5,0.5625,0.5625,0.625,0.625,0.6875,0.6875,0.75,0.75,0.8125,       1285P   1602
0.8125,0.875,0.875,0.9375,0.9375,1.,1.,1.,1.,1.,1.,1.,1.,1.,1.,     1285P   1603
1.,1.,1.,1.,1.,1.,1.,1.,1.,1.,1.,1.,1.,1.,1.,1.,1.,1.,1.,1.,1.,     1285P   1604
1.,1.,1.,1.,1.,0.994071146,0.5,0.,0.994071146,0.548661761,0.,       1285P   1605
0.984577708,0.596388499,0.,0.975084269,0.644115237,0.,              1285P   1606
0.95646222,0.689072842,0.,0.93784017,0.734030447,0.,                1285P   1607
0.910805144,0.774491222,0.,0.883770119,0.814951997,0.,              1285P   1608
0.849361058,0.849361058,0.,0.814951997,0.883770119,0.,              1285P   1609
0.774491222,0.910805144,0.,0.734030447,0.93784017,0.,               1285P   1610
0.689072842,0.95646222,0.,0.644115237,0.975084269,0.,               1285P   1611
0.596388499,0.984577708,0.,0.548661761,0.994071146,0.,0.5,          1285P   1612
0.994071146,0.,0.451338239,0.994071146,0.,0.403611501,              1285P   1613
0.984577708,0.,0.355884763,0.975084269,0.,0.310927158,              1285P   1614
0.95646222,0.,0.265969553,0.93784017,0.,0.225508778,                1285P   1615
0.910805144,0.,0.185048003,0.883770119,0.,0.150638942,              1285P   1616
0.849361058,0.,0.116229881,0.814951997,0.,0.089194856,              1285P   1617
0.774491222,0.,0.06215983,0.734030447,0.,0.04353778,                1285P   1618
0.689072842,0.,0.024915731,0.644115237,0.,0.015422292,              1285P   1619
0.596388499,0.,0.005928854,0.548661761,0.,0.005928854,0.5,0.,       1285P   1620
0.,1.,0.,0.,-1.;                                                    1285P   1621
124,1.40271576953299E-014,1.,0.,-7.35000000000022,                  1287P   1622
-6.12323399573677E-017,8.58915688636046E-031,1.,39.35,1.,           1287P   1623
-1.40271576953299E-014,6.12323399573677E-017,-31.9999999999997;     1287P   1624
100,-16.,16.,23.35,22.975,23.35,9.025,23.35;                        1289P   1625
102,2,1279,1285;                                                    1291P   1626
102,2,1283,1289;                                                    1293P   1627
142,1,1277,1291,1293,1;                                             1295P   1628
144,1277,1,0,1295;                                                  1297P   1629
314,29.8039215686275,29.8039215686275,29.8039215686275,;            1299P   1630
110,6.1,5.1,-16.,6.1,-994.9,-16.;                                   1301P   1631
110,6.1,5.1,-17.9,6.1,1.6,-17.9;                                    1303P   1632
120,1301,1303,0.,6.28318530717959;                                  1305P   1633
126,1,1,1,0,1,0,0.,0.,1.,1.,1.,1.,1.,6.283185307,0.,1.,             1307P   1634
3.141592654,0.,0.,1.,0.,0.,1.;                                      1307P   1635
124,-1.27103528959282E-015,-1.,0.,7.70000000000001,                 1309P   1636
6.12323399573677E-017,-7.78284649501588E-032,1.,17.6,-1.,           1309P   1637
1.27103528959282E-015,6.12323399573677E-017,-9.9;                   1309P   1638
100,-16.,6.1,1.6,8.,1.6,4.2,1.6;                                    1311P   1639
126,1,1,1,0,1,0,0.,0.,1.,1.,1.,1.,1.,3.141592654,0.,0.,             1313P   1640
3.141592654,0.,0.,1.,0.,0.,1.;                                      1313P   1641
110,6.1,1.6,-14.1,6.1,5.1,-14.1;                                    1315P   1642
126,1,1,1,0,1,0,0.,0.,1.,1.,1.,1.,0.,3.141592654,0.,0.,             1317P   1643
6.283185307,0.,0.,1.,0.,0.,1.;                                      1317P   1644
124,-1.27103528959282E-015,-1.,0.,11.2,6.12323399573677E-017,       1319P   1645
-7.78284649501588E-032,-1.,-10.9,1.,-1.27103528959282E-015,         1319P   1646
6.12323399573677E-017,-22.1;                                        1319P   1647
100,-16.,6.1,5.1,8.,5.1,4.2,5.1;                                    1321P   1648
126,1,1,1,0,1,0,0.,0.,1.,1.,1.,1.,0.,6.283185307,0.,1.,             1323P   1649
6.283185307,0.,0.,1.,0.,0.,1.;                                      1323P   1650
110,6.1,5.1,-17.9,6.1,1.6,-17.9;                                    1325P   1651
102,4,1307,1313,1317,1323;                                          1327P   1652
102,4,1311,1315,1321,1325;                                          1329P   1653
142,1,1305,1327,1329,1;                                             1331P   1654
144,1305,1,0,1331;                                                  1333P   1655
314,29.8039215686275,29.8039215686275,29.8039215686275,;            1335P   1656
128,1,1,1,1,0,0,1,0,0,0.,0.,1.,1.,0.,0.,1.,1.,1.,1.,1.,1.,8.,       1337P   1657
1.6,-14.1,6.1,1.6,-14.1,8.,5.1,-14.1,6.1,5.1,-14.1,0.,1.,0.,1.;     1337P   1658
126,1,1,1,0,1,0,0.,0.,1.,1.,1.,1.,1.,0.,0.,1.,1.,0.,0.,1.,0.,       1339P   1659
0.,1.;                                                              1339P   1660
110,6.1,1.6,-14.1,6.1,5.1,-14.1;                                    1341P   1661
126,1,1,1,0,1,0,0.,0.,1.,1.,1.,1.,1.,1.,0.,0.,1.,0.,0.,1.,0.,       1343P   1662
0.,1.;                                                              1343P   1663
110,6.1,5.1,-14.1,8.,5.1,-14.1;                                     1345P   1664
126,1,1,1,0,1,0,0.,0.,1.,1.,1.,1.,0.,1.,0.,0.,0.,0.,0.,1.,0.,       1347P   1665
0.,1.;                                                              1347P   1666
110,8.,5.1,-14.1,8.,1.6,-14.1;                                      1349P   1667
126,1,1,1,0,1,0,0.,0.,1.,1.,1.,1.,0.,0.,0.,1.,0.,0.,0.,1.,0.,       1351P   1668
0.,1.;                                                              1351P   1669
110,8.,1.6,-14.1,6.1,1.6,-14.1;                                     1353P   1670
102,4,1339,1343,1347,1351;                                          1355P   1671
102,4,1341,1345,1349,1353;                                          1357P   1672
142,1,1337,1355,1357,1;                                             1359P   1673
144,1337,1,0,1359;                                                  1361P   1674
314,29.8039215686275,29.8039215686275,29.8039215686275,;            1363P   1675
128,1,1,1,1,0,0,1,0,0,0.,0.,1.,1.,0.,0.,1.,1.,1.,1.,1.,1.,6.1,      1365P   1676
1.6,-17.9,8.,1.6,-17.9,6.1,5.1,-17.9,8.,5.1,-17.9,0.,1.,0.,1.;      1365P   1677
126,1,1,1,0,1,0,0.,0.,1.,1.,1.,1.,1.,0.,0.,1.,1.,0.,0.,1.,0.,       1367P   1678
0.,1.;                                                              1367P   1679
110,8.,1.6,-17.9,8.,5.1,-17.9;                                      1369P   1680
126,1,1,1,0,1,0,0.,0.,1.,1.,1.,1.,1.,1.,0.,0.,1.,0.,0.,1.,0.,       1371P   1681
0.,1.;                                                              1371P   1682
110,8.,5.1,-17.9,6.1,5.1,-17.9;                                     1373P   1683
126,1,1,1,0,1,0,0.,0.,1.,1.,1.,1.,0.,1.,0.,0.,0.,0.,0.,1.,0.,       1375P   1684
0.,1.;                                                              1375P   1685
110,6.1,5.1,-17.9,6.1,1.6,-17.9;                                    1377P   1686
126,1,1,1,0,1,0,0.,0.,1.,1.,1.,1.,0.,0.,0.,1.,0.,0.,0.,1.,0.,       1379P   1687
0.,1.;                                                              1379P   1688
110,6.1,1.6,-17.9,8.,1.6,-17.9;                                     1381P   1689
102,4,1367,1371,1375,1379;                                          1383P   1690
102,4,1369,1373,1377,1381;                                          1385P   1691
142,1,1365,1383,1385,1;                                             1387P   1692
144,1365,1,0,1387;                                                  1389P   1693
314,29.8039215686275,29.8039215686275,29.8039215686275,;            1391P   1694
128,1,1,1,1,0,0,1,0,0,0.,0.,1.,1.,0.,0.,1.,1.,1.,1.,1.,1.,          1393P   1695
4.1772,5.1,-17.9,4.1772,5.1,-14.1,8.,5.1,-17.9,8.,5.1,-14.1,0.,     1393P   1696
1.,0.,1.;                                                           1393P   1697
126,32,2,1,0,1,0,0.,0.,0.,0.0625,0.0625,0.125,0.125,0.1875,         1395P   1698
0.1875,0.25,0.25,0.3125,0.3125,0.375,0.375,0.4375,0.4375,0.5,       1395P   1699
0.5,0.5625,0.5625,0.625,0.625,0.6875,0.6875,0.75,0.75,0.8125,       1395P   1700
0.8125,0.875,0.875,0.9375,0.9375,1.,1.,1.,1.,1.,1.,1.,1.,1.,1.,     1395P   1701
1.,1.,1.,1.,1.,1.,1.,1.,1.,1.,1.,1.,1.,1.,1.,1.,1.,1.,1.,1.,1.,     1395P   1702
1.,1.,1.,1.,1.,0.,0.502982107,0.,0.,0.454030118,0.,0.00960736,      1395P   1703
0.406018727,0.,0.01921472,0.358007336,0.,0.038060234,               1395P   1704
0.312781594,0.,0.056905748,0.267555853,0.,0.084265194,              1395P   1705
0.226853761,0.,0.11162464,0.186151669,0.,0.146446609,               1395P   1706
0.151537385,0.,0.181268579,0.116923101,0.,0.222214883,              1395P   1707
0.089726833,0.,0.263161188,0.062530565,0.,0.308658284,              1395P   1708
0.043797449,0.,0.35415538,0.025064334,0.,0.402454839,               1395P   1709
0.015514274,0.,0.450754298,0.005964215,0.,0.5,0.005964215,0.,       1395P   1710
0.549245702,0.005964215,0.,0.597545161,0.015514274,0.,              1395P   1711
0.64584462,0.025064334,0.,0.691341716,0.043797449,0.,               1395P   1712
0.736838812,0.062530565,0.,0.777785117,0.089726833,0.,              1395P   1713
0.818731421,0.116923101,0.,0.853553391,0.151537385,0.,              1395P   1714
0.88837536,0.186151669,0.,0.915734806,0.226853761,0.,               1395P   1715
0.943094252,0.267555853,0.,0.961939766,0.312781594,0.,              1395P   1716
0.98078528,0.358007336,0.,0.99039264,0.406018727,0.,1.,             1395P   1717
0.454030118,0.,1.,0.502982107,0.,0.,1.,0.,0.,-1.;                   1395P   1718
124,-1.27103528959282E-015,-1.,0.,11.2,6.12323399573677E-017,       1397P   1719
-7.78284649501588E-032,1.,21.1,-1.,1.27103528959282E-015,           1397P   1720
6.12323399573677E-017,-9.9;                                         1397P   1721
100,-16.,6.1,5.1,8.,5.1,4.2,5.1;                                    1399P   1722
126,1,1,1,0,1,0,0.,0.,1.,1.,1.,1.,1.,0.502982107,0.,1.,1.,0.,       1401P   1723
0.,1.,0.,0.,1.;                                                     1401P   1724
110,6.1,5.1,-14.1,8.,5.1,-14.1;                                     1403P   1725
126,1,1,1,0,1,0,0.,0.,1.,1.,1.,1.,1.,1.,0.,0.,1.,0.,0.,1.,0.,       1405P   1726
0.,1.;                                                              1405P   1727
110,8.,5.1,-14.1,8.,5.1,-17.9;                                      1407P   1728
126,1,1,1,0,1,0,0.,0.,1.,1.,1.,1.,0.,1.,0.,0.,0.502982107,0.,       1409P   1729
0.,1.,0.,0.,1.;                                                     1409P   1730
110,8.,5.1,-17.9,6.1,5.1,-17.9;                                     1411P   1731
102,4,1395,1401,1405,1409;                                          1413P   1732
102,4,1399,1403,1407,1411;                                          1415P   1733
142,1,1393,1413,1415,1;                                             1417P   1734
144,1393,1,0,1417;                                                  1419P   1735
314,29.8039215686275,29.8039215686275,29.8039215686275,;            1421P   1736
110,25.9,5.1,-16.,25.9,-994.9,-16.;                                 1423P   1737
110,25.9,5.1,-17.9,25.9,1.6,-17.9;                                  1425P   1738
120,1423,1425,0.,6.28318530717959;                                  1427P   1739
126,1,1,1,0,1,0,0.,0.,1.,1.,1.,1.,1.,3.141592654,0.,1.,0.,0.,       1429P   1740
0.,1.,0.,0.,1.;                                                     1429P   1741
124,1.40271576953299E-014,1.,0.,24.2999999999996,                   1431P   1742
-6.12323399573677E-017,8.58915688636046E-031,1.,17.6,1.,            1431P   1743
-1.40271576953299E-014,6.12323399573677E-017,-41.9;                 1431P   1744
100,-16.,25.9,1.6,27.8,1.6,24.,1.6;                                 1433P   1745
126,1,1,1,0,1,0,0.,0.,1.,1.,1.,1.,1.,0.,0.,0.,0.,0.,0.,1.,0.,       1435P   1746
0.,1.;                                                              1435P   1747
110,25.9,1.6,-17.9,25.9,5.1,-17.9;                                  1437P   1748
126,1,1,1,0,1,0,0.,0.,1.,1.,1.,1.,0.,0.,0.,0.,3.141592654,0.,       1439P   1749
0.,1.,0.,0.,1.;                                                     1439P   1750
124,1.40271576953299E-014,1.,0.,20.7999999999996,                   1441P   1751
-6.12323399573677E-017,8.58915688636046E-031,-1.,-10.9,-1.,         1441P   1752
1.40271576953299E-014,6.12323399573677E-017,9.89999999999993;       1441P   1753
100,-16.,25.9,5.1,27.8,5.1,24.,5.1;                                 1443P   1754
126,1,1,1,0,1,0,0.,0.,1.,1.,1.,1.,0.,3.141592654,0.,1.,             1445P   1755
3.141592654,0.,0.,1.,0.,0.,1.;                                      1445P   1756
110,25.9,5.1,-14.1,25.9,1.6,-14.1;                                  1447P   1757
102,4,1429,1435,1439,1445;                                          1449P   1758
102,4,1433,1437,1443,1447;                                          1451P   1759
142,1,1427,1449,1451,1;                                             1453P   1760
144,1427,1,0,1453;                                                  1455P   1761
314,29.8039215686275,29.8039215686275,29.8039215686275,;            1457P   1762
128,1,1,1,1,0,0,1,0,0,0.,0.,1.,1.,0.,0.,1.,1.,1.,1.,1.,1.,24.,      1459P   1763
1.6,-17.9,25.9,1.6,-17.9,24.,5.1,-17.9,25.9,5.1,-17.9,0.,1.,0.,     1459P   1764
1.;                                                                 1459P   1765
126,1,1,1,0,1,0,0.,0.,1.,1.,1.,1.,1.,0.,0.,1.,1.,0.,0.,1.,0.,       1461P   1766
0.,1.;                                                              1461P   1767
110,25.9,1.6,-17.9,25.9,5.1,-17.9;                                  1463P   1768
126,1,1,1,0,1,0,0.,0.,1.,1.,1.,1.,1.,1.,0.,0.,1.,0.,0.,1.,0.,       1465P   1769
0.,1.;                                                              1465P   1770
110,25.9,5.1,-17.9,24.,5.1,-17.9;                                   1467P   1771
126,1,1,1,0,1,0,0.,0.,1.,1.,1.,1.,0.,1.,0.,0.,0.,0.,0.,1.,0.,       1469P   1772
0.,1.;                                                              1469P   1773
110,24.,5.1,-17.9,24.,1.6,-17.9;                                    1471P   1774
126,1,1,1,0,1,0,0.,0.,1.,1.,1.,1.,0.,0.,0.,1.,0.,0.,0.,1.,0.,       1473P   1775
0.,1.;                                                              1473P   1776
110,24.,1.6,-17.9,25.9,1.6,-17.9;                                   1475P   1777
102,4,1461,1465,1469,1473;                                          1477P   1778
102,4,1463,1467,1471,1475;                                          1479P   1779
142,1,1459,1477,1479,1;                                             1481P   1780
144,1459,1,0,1481;                                                  1483P   1781
314,29.8039215686275,29.8039215686275,29.8039215686275,;            1485P   1782
128,1,1,1,1,0,0,1,0,0,0.,0.,1.,1.,0.,0.,1.,1.,1.,1.,1.,1.,25.9,     1487P   1783
1.6,-14.1,24.,1.6,-14.1,25.9,5.1,-14.1,24.,5.1,-14.1,0.,1.,0.,      1487P   1784
1.;                                                                 1487P   1785
126,1,1,1,0,1,0,0.,0.,1.,1.,1.,1.,1.,0.,0.,1.,1.,0.,0.,1.,0.,       1489P   1786
0.,1.;                                                              1489P   1787
110,24.,1.6,-14.1,24.,5.1,-14.1;                                    1491P   1788
126,1,1,1,0,1,0,0.,0.,1.,1.,1.,1.,1.,1.,0.,0.,1.,0.,0.,1.,0.,       1493P   1789
0.,1.;                                                              1493P   1790
110,24.,5.1,-14.1,25.9,5.1,-14.1;                                   1495P   1791
126,1,1,1,0,1,0,0.,0.,1.,1.,1.,1.,0.,1.,0.,0.,0.,0.,0.,1.,0.,       1497P   1792
0.,1.;                                                              1497P   1793
110,25.9,5.1,-14.1,25.9,1.6,-14.1;                                  1499P   1794
126,1,1,1,0,1,0,0.,0.,1.,1.,1.,1.,0.,0.,0.,1.,0.,0.,0.,1.,0.,       1501P   1795
0.,1.;                                                              1501P   1796
110,25.9,1.6,-14.1,24.,1.6,-14.1;                                   1503P   1797
102,4,1489,1493,1497,1501;                                          1505P   1798
102,4,1491,1495,1499,1503;                                          1507P   1799
142,1,1487,1505,1507,1;                                             1509P   1800
144,1487,1,0,1509;                                                  1511P   1801
314,29.8039215686275,29.8039215686275,29.8039215686275,;            1513P   1802
128,1,1,1,1,0,0,1,0,0,0.,0.,1.,1.,0.,0.,1.,1.,1.,1.,1.,1.,24.,      1515P   1803
5.1,-17.9,24.,5.1,-14.1,27.8228,5.1,-17.9,27.8228,5.1,-14.1,0.,     1515P   1804
1.,0.,1.;                                                           1515P   1805
126,32,2,1,0,1,0,0.,0.,0.,0.0625,0.0625,0.125,0.125,0.1875,         1517P   1806
0.1875,0.25,0.25,0.3125,0.3125,0.375,0.375,0.4375,0.4375,0.5,       1517P   1807
0.5,0.5625,0.5625,0.625,0.625,0.6875,0.6875,0.75,0.75,0.8125,       1517P   1808
0.8125,0.875,0.875,0.9375,0.9375,1.,1.,1.,1.,1.,1.,1.,1.,1.,1.,     1517P   1809
1.,1.,1.,1.,1.,1.,1.,1.,1.,1.,1.,1.,1.,1.,1.,1.,1.,1.,1.,1.,1.,     1517P   1810
1.,1.,1.,1.,1.,1.,0.497017893,0.,1.,0.545969882,0.,0.99039264,      1517P   1811
0.593981273,0.,0.98078528,0.641992664,0.,0.961939766,               1517P   1812
0.687218406,0.,0.943094252,0.732444147,0.,0.915734806,              1517P   1813
0.773146239,0.,0.88837536,0.813848331,0.,0.853553391,               1517P   1814
0.848462615,0.,0.818731421,0.883076899,0.,0.777785117,              1517P   1815
0.910273167,0.,0.736838812,0.937469435,0.,0.691341716,              1517P   1816
0.956202551,0.,0.64584462,0.974935666,0.,0.597545161,               1517P   1817
0.984485726,0.,0.549245702,0.994035785,0.,0.5,0.994035785,0.,       1517P   1818
0.450754298,0.994035785,0.,0.402454839,0.984485726,0.,              1517P   1819
0.35415538,0.974935666,0.,0.308658284,0.956202551,0.,               1517P   1820
0.263161188,0.937469435,0.,0.222214883,0.910273167,0.,              1517P   1821
0.181268579,0.883076899,0.,0.146446609,0.848462615,0.,              1517P   1822
0.11162464,0.813848331,0.,0.084265194,0.773146239,0.,               1517P   1823
0.056905748,0.732444147,0.,0.038060234,0.687218406,0.,              1517P   1824
0.01921472,0.641992664,0.,0.00960736,0.593981273,0.,0.,             1517P   1825
0.545969882,0.,0.,0.497017893,0.,0.,1.,0.,0.,-1.;                   1517P   1826
124,1.40271576953299E-014,1.,0.,20.7999999999996,                   1519P   1827
-6.12323399573677E-017,8.58915688636046E-031,1.,21.1,1.,            1519P   1828
-1.40271576953299E-014,6.12323399573677E-017,-41.8999999999999;     1519P   1829
100,-16.,25.9,5.1,27.8,5.1,24.,5.1;                                 1521P   1830
126,1,1,1,0,1,0,0.,0.,1.,1.,1.,1.,0.,0.497017893,0.,0.,0.,0.,       1523P   1831
0.,1.,0.,0.,1.;                                                     1523P   1832
110,25.9,5.1,-17.9,24.,5.1,-17.9;                                   1525P   1833
126,1,1,1,0,1,0,0.,0.,1.,1.,1.,1.,0.,0.,0.,1.,0.,0.,0.,1.,0.,       1527P   1834
0.,1.;                                                              1527P   1835
110,24.,5.1,-17.9,24.,5.1,-14.1;                                    1529P   1836
126,1,1,1,0,1,0,0.,0.,1.,1.,1.,1.,1.,0.,0.,1.,0.497017893,0.,       1531P   1837
0.,1.,0.,0.,1.;                                                     1531P   1838
110,24.,5.1,-14.1,25.9,5.1,-14.1;                                   1533P   1839
102,4,1517,1523,1527,1531;                                          1535P   1840
102,4,1521,1525,1529,1533;                                          1537P   1841
142,1,1515,1535,1537,1;                                             1539P   1842
144,1515,1,0,1539;                                                  1541P   1843
314,100.,93.7254901960784,13.7254901960784,;                        1543P   1844
128,1,1,1,1,0,0,1,0,0,0.,0.,1.,1.,0.,0.,1.,1.,1.,1.,1.,1.,4.25,     1545P   1845
1.6,-12.9,4.25,1.6,-8.2,4.25,2.8,-12.9,4.25,2.8,-8.2,0.,1.,0.,      1545P   1846
1.;                                                                 1545P   1847
126,1,1,1,0,1,0,0.,0.,1.,1.,1.,1.,1.,0.,0.,1.,1.,0.,0.,1.,0.,       1547P   1848
0.,1.;                                                              1547P   1849
110,4.25,1.6,-8.2,4.25,2.8,-8.2;                                    1549P   1850
126,1,1,1,0,1,0,0.,0.,1.,1.,1.,1.,1.,1.,0.,0.,1.,0.,0.,1.,0.,       1551P   1851
0.,1.;                                                              1551P   1852
110,4.25,2.8,-8.2,4.25,2.8,-12.9;                                   1553P   1853
126,1,1,1,0,1,0,0.,0.,1.,1.,1.,1.,0.,1.,0.,0.,0.,0.,0.,1.,0.,       1555P   1854
0.,1.;                                                              1555P   1855
110,4.25,2.8,-12.9,4.25,1.6,-12.9;                                  1557P   1856
126,1,1,1,0,1,0,0.,0.,1.,1.,1.,1.,0.,0.,0.,1.,0.,0.,0.,1.,0.,       1559P   1857
0.,1.;                                                              1559P   1858
110,4.25,1.6,-12.9,4.25,1.6,-8.2;                                   1561P   1859
102,4,1547,1551,1555,1559;                                          1563P   1860
102,4,1549,1553,1557,1561;                                          1565P   1861
142,1,1545,1563,1565,1;                                             1567P   1862
144,1545,1,0,1567;                                                  1569P   1863
314,100.,93.7254901960784,13.7254901960784,;                        1571P   1864
128,1,1,1,1,0,0,1,0,0,0.,0.,1.,1.,0.,0.,1.,1.,1.,1.,1.,1.,0.5,      1573P   1865
1.6,-12.9,4.25,1.6,-12.9,0.5,2.8,-12.9,4.25,2.8,-12.9,0.,1.,0.,     1573P   1866
1.;                                                                 1573P   1867
126,1,1,1,0,1,0,0.,0.,1.,1.,1.,1.,1.,0.,0.,1.,1.,0.,0.,1.,0.,       1575P   1868
0.,1.;                                                              1575P   1869
110,4.25,1.6,-12.9,4.25,2.8,-12.9;                                  1577P   1870
126,1,1,1,0,1,0,0.,0.,1.,1.,1.,1.,1.,1.,0.,0.,1.,0.,0.,1.,0.,       1579P   1871
0.,1.;                                                              1579P   1872
110,4.25,2.8,-12.9,0.5,2.8,-12.9;                                   1581P   1873
126,1,1,1,0,1,0,0.,0.,1.,1.,1.,1.,0.,1.,0.,0.,0.,0.,0.,1.,0.,       1583P   1874
0.,1.;                                                              1583P   1875
110,0.5,2.8,-12.9,0.5,1.6,-12.9;                                    1585P   1876
126,1,1,1,0,1,0,0.,0.,1.,1.,1.,1.,0.,0.,0.,1.,0.,0.,0.,1.,0.,       1587P   1877
0.,1.;                                                              1587P   1878
110,0.5,1.6,-12.9,4.25,1.6,-12.9;                                   1589P   1879
102,4,1575,1579,1583,1587;                                          1591P   1880
102,4,1577,1581,1585,1589;                                          1593P   1881
142,1,1573,1591,1593,1;                                             1595P   1882
144,1573,1,0,1595;                                                  1597P   1883
314,100.,93.7254901960784,13.7254901960784,;                        1599P   1884
128,1,1,1,1,0,0,1,0,0,0.,0.,1.,1.,0.,0.,1.,1.,1.,1.,1.,1.,0.5,      1601P   1885
1.6,-8.2,0.5,1.6,-12.9,0.5,2.8,-8.2,0.5,2.8,-12.9,0.,1.,0.,1.;      1601P   1886
126,1,1,1,0,1,0,0.,0.,1.,1.,1.,1.,1.,0.,0.,1.,1.,0.,0.,1.,0.,       1603P   1887
0.,1.;                                                              1603P   1888
110,0.5,1.6,-12.9,0.5,2.8,-12.9;                                    1605P   1889
126,1,1,1,0,1,0,0.,0.,1.,1.,1.,1.,1.,1.,0.,0.,1.,0.,0.,1.,0.,       1607P   1890
0.,1.;                                                              1607P   1891
110,0.5,2.8,-12.9,0.5,2.8,-8.2;                                     1609P   1892
126,1,1,1,0,1,0,0.,0.,1.,1.,1.,1.,0.,1.,0.,0.,0.,0.,0.,1.,0.,       1611P   1893
0.,1.;                                                              1611P   1894
110,0.5,2.8,-8.2,0.5,1.6,-8.2;                                      1613P   1895
126,1,1,1,0,1,0,0.,0.,1.,1.,1.,1.,0.,0.,0.,1.,0.,0.,0.,1.,0.,       1615P   1896
0.,1.;                                                              1615P   1897
110,0.5,1.6,-8.2,0.5,1.6,-12.9;                                     1617P   1898
102,4,1603,1607,1611,1615;                                          1619P   1899
102,4,1605,1609,1613,1617;                                          1621P   1900
142,1,1601,1619,1621,1;                                             1623P   1901
144,1601,1,0,1623;                                                  1625P   1902
314,100.,93.7254901960784,13.7254901960784,;                        1627P   1903
128,1,1,1,1,0,0,1,0,0,0.,0.,1.,1.,0.,0.,1.,1.,1.,1.,1.,1.,4.25,     1629P   1904
1.6,-8.2,0.5,1.6,-8.2,4.25,2.8,-8.2,0.5,2.8,-8.2,0.,1.,0.,1.;       1629P   1905
126,1,1,1,0,1,0,0.,0.,1.,1.,1.,1.,1.,0.,0.,1.,1.,0.,0.,1.,0.,       1631P   1906
0.,1.;                                                              1631P   1907
110,0.5,1.6,-8.2,0.5,2.8,-8.2;                                      1633P   1908
126,1,1,1,0,1,0,0.,0.,1.,1.,1.,1.,1.,1.,0.,0.,1.,0.,0.,1.,0.,       1635P   1909
0.,1.;                                                              1635P   1910
110,0.5,2.8,-8.2,4.25,2.8,-8.2;                                     1637P   1911
126,1,1,1,0,1,0,0.,0.,1.,1.,1.,1.,0.,1.,0.,0.,0.,0.,0.,1.,0.,       1639P   1912
0.,1.;                                                              1639P   1913
110,4.25,2.8,-8.2,4.25,1.6,-8.2;                                    1641P   1914
126,1,1,1,0,1,0,0.,0.,1.,1.,1.,1.,0.,0.,0.,1.,0.,0.,0.,1.,0.,       1643P   1915
0.,1.;                                                              1643P   1916
110,4.25,1.6,-8.2,0.5,1.6,-8.2;                                     1645P   1917
102,4,1631,1635,1639,1643;                                          1647P   1918
102,4,1633,1637,1641,1645;                                          1649P   1919
142,1,1629,1647,1649,1;                                             1651P   1920
144,1629,1,0,1651;                                                  1653P   1921
314,100.,93.7254901960784,13.7254901960784,;                        1655P   1922
128,1,1,1,1,0,0,1,0,0,0.,0.,1.,1.,0.,0.,1.,1.,1.,1.,1.,1.,0.5,      1657P   1923
2.8,-12.9,0.5,2.8,-8.2,4.25,2.8,-12.9,4.25,2.8,-8.2,0.,1.,0.,       1657P   1924
1.;                                                                 1657P   1925
126,1,1,1,0,1,0,0.,0.,1.,1.,1.,1.,1.,1.,0.,0.,1.,0.,0.,1.,0.,       1659P   1926
0.,1.;                                                              1659P   1927
110,4.25,2.8,-8.2,4.25,2.8,-12.9;                                   1661P   1928
126,1,1,1,0,1,0,0.,0.,1.,1.,1.,1.,0.,1.,0.,0.,0.,0.,0.,1.,0.,       1663P   1929
0.,1.;                                                              1663P   1930
110,4.25,2.8,-12.9,0.5,2.8,-12.9;                                   1665P   1931
126,1,1,1,0,1,0,0.,0.,1.,1.,1.,1.,0.,0.,0.,1.,0.,0.,0.,1.,0.,       1667P   1932
0.,1.;                                                              1667P   1933
110,0.5,2.8,-12.9,0.5,2.8,-8.2;                                     1669P   1934
126,1,1,1,0,1,0,0.,0.,1.,1.,1.,1.,1.,0.,0.,1.,1.,0.,0.,1.,0.,       1671P   1935
0.,1.;                                                              1671P   1936
110,0.5,2.8,-8.2,4.25,2.8,-8.2;                                     1673P   1937
102,4,1659,1663,1667,1671;                                          1675P   1938
102,4,1661,1665,1669,1673;                                          1677P   1939
142,1,1657,1675,1677,1;                                             1679P   1940
144,1657,1,0,1679;                                                  1681P   1941
314,100.,100.,100.,;                                                1683P   1942
128,1,1,1,1,0,0,1,0,0,0.,0.,1.,1.,0.,0.,1.,1.,1.,1.,1.,1.,5.9,      1685P   1943
-6.,-27.05,5.9,-6.,-31.75,5.9,0.,-27.05,5.9,0.,-31.75,0.,1.,0.,     1685P   1944
1.;                                                                 1685P   1945
126,1,1,1,0,1,0,0.,0.,1.,1.,1.,1.,0.,1.,0.,0.,0.,0.,0.,1.,0.,       1687P   1946
0.,1.;                                                              1687P   1947
110,5.9,0.,-27.05,5.9,-6.,-27.05;                                   1689P   1948
126,1,1,1,0,1,0,0.,0.,1.,1.,1.,1.,0.,0.,0.,1.,0.,0.,0.,1.,0.,       1691P   1949
0.,1.;                                                              1691P   1950
110,5.9,-6.,-27.05,5.9,-6.,-31.75;                                  1693P   1951
126,1,1,1,0,1,0,0.,0.,1.,1.,1.,1.,1.,0.,0.,1.,1.,0.,0.,1.,0.,       1695P   1952
0.,1.;                                                              1695P   1953
110,5.9,-6.,-31.75,5.9,0.,-31.75;                                   1697P   1954
126,1,1,1,0,1,0,0.,0.,1.,1.,1.,1.,1.,1.,0.,0.,1.,0.,0.,1.,0.,       1699P   1955
0.,1.;                                                              1699P   1956
110,5.9,0.,-31.75,5.9,0.,-27.05;                                    1701P   1957
102,4,1687,1691,1695,1699;                                          1703P   1958
102,4,1689,1693,1697,1701;                                          1705P   1959
142,1,1685,1703,1705,1;                                             1707P   1960
144,1685,1,0,1707;                                                  1709P   1961
314,100.,100.,100.,;                                                1711P   1962
128,1,1,1,1,0,0,1,0,0,0.,0.,1.,1.,0.,0.,1.,1.,1.,1.,1.,1.,5.9,      1713P   1963
-6.,-31.75,15.9,-6.,-31.75,5.9,0.,-31.75,15.9,0.,-31.75,0.,1.,      1713P   1964
0.,1.;                                                              1713P   1965
126,1,1,1,0,1,0,0.,0.,1.,1.,1.,1.,0.,1.,0.,0.,0.,0.,0.,1.,0.,       1715P   1966
0.,1.;                                                              1715P   1967
110,5.9,0.,-31.75,5.9,-6.,-31.75;                                   1717P   1968
126,1,1,1,0,1,0,0.,0.,1.,1.,1.,1.,0.,0.,0.,1.,0.,0.,0.,1.,0.,       1719P   1969
0.,1.;                                                              1719P   1970
110,5.9,-6.,-31.75,15.9,-6.,-31.75;                                 1721P   1971
126,1,1,1,0,1,0,0.,0.,1.,1.,1.,1.,1.,0.,0.,1.,1.,0.,0.,1.,0.,       1723P   1972
0.,1.;                                                              1723P   1973
110,15.9,-6.,-31.75,15.9,0.,-31.75;                                 1725P   1974
126,1,1,1,0,1,0,0.,0.,1.,1.,1.,1.,1.,1.,0.,0.,1.,0.,0.,1.,0.,       1727P   1975
0.,1.;                                                              1727P   1976
110,15.9,0.,-31.75,5.9,0.,-31.75;                                   1729P   1977
102,4,1715,1719,1723,1727;                                          1731P   1978
102,4,1717,1721,1725,1729;                                          1733P   1979
142,1,1713,1731,1733,1;                                             1735P   1980
144,1713,1,0,1735;                                                  1737P   1981
314,100.,100.,100.,;                                                1739P   1982
128,1,1,1,1,0,0,1,0,0,0.,0.,1.,1.,0.,0.,1.,1.,1.,1.,1.,1.,15.9,     1741P   1983
-6.,-31.75,15.9,-6.,-27.05,15.9,0.,-31.75,15.9,0.,-27.05,0.,1.,     1741P   1984
0.,1.;                                                              1741P   1985
126,1,1,1,0,1,0,0.,0.,1.,1.,1.,1.,0.,1.,0.,0.,0.,0.,0.,1.,0.,       1743P   1986
0.,1.;                                                              1743P   1987
110,15.9,0.,-31.75,15.9,-6.,-31.75;                                 1745P   1988
126,1,1,1,0,1,0,0.,0.,1.,1.,1.,1.,0.,0.,0.,1.,0.,0.,0.,1.,0.,       1747P   1989
0.,1.;                                                              1747P   1990
110,15.9,-6.,-31.75,15.9,-6.,-27.05;                                1749P   1991
126,1,1,1,0,1,0,0.,0.,1.,1.,1.,1.,1.,0.,0.,1.,1.,0.,0.,1.,0.,       1751P   1992
0.,1.;                                                              1751P   1993
110,15.9,-6.,-27.05,15.9,0.,-27.05;                                 1753P   1994
126,1,1,1,0,1,0,0.,0.,1.,1.,1.,1.,1.,1.,0.,0.,1.,0.,0.,1.,0.,       1755P   1995
0.,1.;                                                              1755P   1996
110,15.9,0.,-27.05,15.9,0.,-31.75;                                  1757P   1997
102,4,1743,1747,1751,1755;                                          1759P   1998
102,4,1745,1749,1753,1757;                                          1761P   1999
142,1,1741,1759,1761,1;                                             1763P   2000
144,1741,1,0,1763;                                                  1765P   2001
314,100.,100.,100.,;                                                1767P   2002
128,1,1,1,1,0,0,1,0,0,0.,0.,1.,1.,0.,0.,1.,1.,1.,1.,1.,1.,15.9,     1769P   2003
-6.,-27.05,5.9,-6.,-27.05,15.9,0.,-27.05,5.9,0.,-27.05,0.,1.,       1769P   2004
0.,1.;                                                              1769P   2005
126,1,1,1,0,1,0,0.,0.,1.,1.,1.,1.,0.,1.,0.,0.,0.,0.,0.,1.,0.,       1771P   2006
0.,1.;                                                              1771P   2007
110,15.9,0.,-27.05,15.9,-6.,-27.05;                                 1773P   2008
126,1,1,1,0,1,0,0.,0.,1.,1.,1.,1.,0.,0.,0.,1.,0.,0.,0.,1.,0.,       1775P   2009
0.,1.;                                                              1775P   2010
110,15.9,-6.,-27.05,5.9,-6.,-27.05;                                 1777P   2011
126,1,1,1,0,1,0,0.,0.,1.,1.,1.,1.,1.,0.,0.,1.,1.,0.,0.,1.,0.,       1779P   2012
0.,1.;                                                              1779P   2013
110,5.9,-6.,-27.05,5.9,0.,-27.05;                                   1781P   2014
126,1,1,1,0,1,0,0.,0.,1.,1.,1.,1.,1.,1.,0.,0.,1.,0.,0.,1.,0.,       1783P   2015
0.,1.;                                                              1783P   2016
110,5.9,0.,-27.05,15.9,0.,-27.05;                                   1785P   2017
102,4,1771,1775,1779,1783;                                          1787P   2018
102,4,1773,1777,1781,1785;                                          1789P   2019
142,1,1769,1787,1789,1;                                             1791P   2020
144,1769,1,0,1791;                                                  1793P   2021
314,100.,100.,100.,;                                                1795P   2022
128,1,1,1,1,0,0,1,0,0,0.,0.,1.,1.,0.,0.,1.,1.,1.,1.,1.,1.,5.9,      1797P   2023
-6.,-27.05,5.9,-6.,-31.75,15.9,-6.,-27.05,15.9,-6.,-31.75,0.,       1797P   2024
1.,0.,1.;                                                           1797P   2025
126,1,1,1,0,1,0,0.,0.,1.,1.,1.,1.,0.,0.,0.,1.,0.,0.,0.,1.,0.,       1799P   2026
0.,1.;                                                              1799P   2027
110,5.9,-6.,-27.05,5.9,-6.,-31.75;                                  1801P   2028
126,1,1,1,0,1,0,0.,0.,1.,1.,1.,1.,1.,0.,0.,1.,1.,0.,0.,1.,0.,       1803P   2029
0.,1.;                                                              1803P   2030
110,5.9,-6.,-31.75,15.9,-6.,-31.75;                                 1805P   2031
126,1,1,1,0,1,0,0.,0.,1.,1.,1.,1.,1.,1.,0.,0.,1.,0.,0.,1.,0.,       1807P   2032
0.,1.;                                                              1807P   2033
110,15.9,-6.,-31.75,15.9,-6.,-27.05;                                1809P   2034
126,1,1,1,0,1,0,0.,0.,1.,1.,1.,1.,0.,1.,0.,0.,0.,0.,0.,1.,0.,       1811P   2035
0.,1.;                                                              1811P   2036
110,15.9,-6.,-27.05,5.9,-6.,-27.05;                                 1813P   2037
102,4,1799,1803,1807,1811;                                          1815P   2038
102,4,1801,1805,1809,1813;                                          1817P   2039
142,1,1797,1815,1817,1;                                             1819P   2040
144,1797,1,0,1819;                                                  1821P   2041
S      1G      5D   1822P   2041                                        T      1
